{
  "type": "FeatureCollection",
  "features": [
    {
      "type": "Feature",
      "id": 101247451,
      "properties": {
        "id": 101247451,
        "name": "Sai Yai Fang Khwa Irrigation Canal",
        "category": "สายน้ำ",
        "highway": null,
        "waterway": "canal",
        "ref": null
      },
      "geometry": {
        "type": "LineString",
        "coordinates": [
          [
            100.169534,
            18.0861402
          ],
          [
            100.1699264,
            18.0864433
          ],
          [
            100.1702107,
            18.086571
          ],
          [
            100.1704513,
            18.0866321
          ],
          [
            100.1706775,
            18.0866728
          ],
          [
            100.1709224,
            18.0866898
          ],
          [
            100.1711362,
            18.0866767
          ],
          [
            100.1713437,
            18.0866338
          ],
          [
            100.1717112,
            18.0865271
          ],
          [
            100.1746591,
            18.0854352
          ],
          [
            100.1751224,
            18.0853167
          ],
          [
            100.1754791,
            18.0852632
          ],
          [
            100.1757591,
            18.0852602
          ],
          [
            100.1760122,
            18.0852725
          ],
          [
            100.1763844,
            18.0853405
          ],
          [
            100.1781769,
            18.0859769
          ],
          [
            100.1805979,
            18.0868444
          ],
          [
            100.1826569,
            18.0875614
          ],
          [
            100.1838561,
            18.0880131
          ],
          [
            100.1852288,
            18.0884791
          ],
          [
            100.1855938,
            18.0886442
          ],
          [
            100.1859453,
            18.0888949
          ],
          [
            100.1861449,
            18.0890835
          ],
          [
            100.1863018,
            18.0892979
          ],
          [
            100.1864084,
            18.0894829
          ],
          [
            100.186497,
            18.0897335
          ],
          [
            100.1865465,
            18.0899925
          ],
          [
            100.1866425,
            18.0909654
          ],
          [
            100.1871231,
            18.095554
          ],
          [
            100.1873929,
            18.0980674
          ],
          [
            100.1875523,
            18.0998048
          ],
          [
            100.1877182,
            18.101364
          ],
          [
            100.1879706,
            18.1035305
          ],
          [
            100.187939,
            18.1038542
          ],
          [
            100.1878806,
            18.1041779
          ],
          [
            100.1877486,
            18.1044795
          ],
          [
            100.1875759,
            18.1047208
          ],
          [
            100.1872159,
            18.1050806
          ],
          [
            100.1861906,
            18.1060053
          ],
          [
            100.1858404,
            18.106362
          ],
          [
            100.1856168,
            18.1065387
          ],
          [
            100.1852525,
            18.106759
          ],
          [
            100.1849151,
            18.106877
          ],
          [
            100.1846267,
            18.1069104
          ],
          [
            100.184368,
            18.106928
          ],
          [
            100.1837215,
            18.1069908
          ],
          [
            100.183171,
            18.1072059
          ],
          [
            100.1826279,
            18.107636
          ],
          [
            100.1817003,
            18.1084747
          ],
          [
            100.180372,
            18.1096533
          ],
          [
            100.1800334,
            18.1100446
          ],
          [
            100.1797544,
            18.1106253
          ],
          [
            100.179618,
            18.1110255
          ],
          [
            100.179573,
            18.11137
          ],
          [
            100.179513,
            18.1125607
          ],
          [
            100.1794904,
            18.1147471
          ],
          [
            100.1794301,
            18.1168187
          ],
          [
            100.1794225,
            18.1184244
          ],
          [
            100.1793773,
            18.120668
          ],
          [
            100.1793547,
            18.1225818
          ],
          [
            100.1793254,
            18.1241723
          ],
          [
            100.1793094,
            18.1250404
          ],
          [
            100.179234,
            18.1270259
          ],
          [
            100.1792114,
            18.1278287
          ],
          [
            100.1792717,
            18.1287677
          ],
          [
            100.1796111,
            18.132115
          ],
          [
            100.1796665,
            18.1326996
          ],
          [
            100.1798977,
            18.1351397
          ],
          [
            100.1800048,
            18.1364417
          ],
          [
            100.1800386,
            18.1368056
          ],
          [
            100.1800712,
            18.1371036
          ],
          [
            100.1802446,
            18.1376053
          ],
          [
            100.1805086,
            18.1380067
          ],
          [
            100.1808555,
            18.1382432
          ],
          [
            100.1811497,
            18.1383937
          ],
          [
            100.1817153,
            18.138494
          ],
          [
            100.1829145,
            18.1386517
          ],
          [
            100.1843702,
            18.1388094
          ],
          [
            100.1860416,
            18.1390026
          ],
          [
            100.1864581,
            18.1390474
          ],
          [
            100.186781,
            18.1391205
          ],
          [
            100.1870506,
            18.1392241
          ],
          [
            100.1873303,
            18.1394106
          ],
          [
            100.1875673,
            18.1396327
          ],
          [
            100.1880958,
            18.1401637
          ]
        ]
      }
    },
    {
      "type": "Feature",
      "id": 108190611,
      "properties": {
        "id": 108190611,
        "name": "สายน้ำ drain",
        "category": "สายน้ำ",
        "highway": null,
        "waterway": "drain",
        "ref": null
      },
      "geometry": {
        "type": "LineString",
        "coordinates": [
          [
            100.1589096,
            18.1545909
          ],
          [
            100.1587513,
            18.154667
          ],
          [
            100.1586175,
            18.1547292
          ],
          [
            100.1584756,
            18.1547879
          ],
          [
            100.1582612,
            18.1548686
          ],
          [
            100.1581134,
            18.1549131
          ],
          [
            100.1580141,
            18.1549383
          ],
          [
            100.157844,
            18.1549783
          ],
          [
            100.1577068,
            18.1550016
          ],
          [
            100.1575728,
            18.155019
          ],
          [
            100.1574473,
            18.1550268
          ],
          [
            100.1572622,
            18.155034
          ],
          [
            100.1569204,
            18.1550346
          ],
          [
            100.1559957,
            18.1550216
          ],
          [
            100.1546374,
            18.1549982
          ]
        ]
      }
    },
    {
      "type": "Feature",
      "id": 108190615,
      "properties": {
        "id": 108190615,
        "name": "สายน้ำ drain",
        "category": "สายน้ำ",
        "highway": null,
        "waterway": "drain",
        "ref": null
      },
      "geometry": {
        "type": "LineString",
        "coordinates": [
          [
            100.1643538,
            18.1528006
          ],
          [
            100.1619395,
            18.1533889
          ],
          [
            100.1608516,
            18.153669
          ],
          [
            100.160642,
            18.1537374
          ]
        ]
      }
    },
    {
      "type": "Feature",
      "id": 108193603,
      "properties": {
        "id": 108193603,
        "name": "สายน้ำ drain",
        "category": "สายน้ำ",
        "highway": null,
        "waterway": "drain",
        "ref": null
      },
      "geometry": {
        "type": "LineString",
        "coordinates": [
          [
            100.170885,
            18.1800294
          ],
          [
            100.1658421,
            18.1820376
          ],
          [
            100.1632113,
            18.1830745
          ],
          [
            100.1626381,
            18.1832804
          ],
          [
            100.1623699,
            18.1833544
          ],
          [
            100.1621586,
            18.1834118
          ],
          [
            100.1619411,
            18.1834513
          ],
          [
            100.1616064,
            18.1834873
          ],
          [
            100.1613094,
            18.1835024
          ],
          [
            100.1604656,
            18.1834661
          ],
          [
            100.1551862,
            18.1832651
          ]
        ]
      }
    },
    {
      "type": "Feature",
      "id": 108193606,
      "properties": {
        "id": 108193606,
        "name": "สายน้ำ drain",
        "category": "สายน้ำ",
        "highway": null,
        "waterway": "drain",
        "ref": null
      },
      "geometry": {
        "type": "LineString",
        "coordinates": [
          [
            100.1821904,
            18.1776155
          ],
          [
            100.1828463,
            18.1776512
          ],
          [
            100.1837583,
            18.1777972
          ],
          [
            100.1847768,
            18.1779525
          ],
          [
            100.1860417,
            18.17822
          ],
          [
            100.1872441,
            18.1784313
          ],
          [
            100.1881738,
            18.1785847
          ],
          [
            100.1900973,
            18.1789426
          ],
          [
            100.1908374,
            18.1790704
          ],
          [
            100.1910455,
            18.1790903
          ],
          [
            100.1912634,
            18.1790904
          ],
          [
            100.1914547,
            18.1790634
          ],
          [
            100.1916728,
            18.1790049
          ],
          [
            100.1919479,
            18.1789047
          ],
          [
            100.1921574,
            18.1787575
          ],
          [
            100.1927541,
            18.1782672
          ],
          [
            100.1932882,
            18.177846
          ],
          [
            100.1936647,
            18.1775891
          ],
          [
            100.1939628,
            18.1774213
          ]
        ]
      }
    },
    {
      "type": "Feature",
      "id": 194599318,
      "properties": {
        "id": 194599318,
        "name": "สายน้ำ river",
        "category": "สายน้ำ",
        "highway": null,
        "waterway": "river",
        "ref": null
      },
      "geometry": {
        "type": "LineString",
        "coordinates": [
          [
            100.1806352,
            18.1439051
          ],
          [
            100.1804906,
            18.1441494
          ],
          [
            100.1803028,
            18.1443941
          ],
          [
            100.1801043,
            18.1444858
          ],
          [
            100.1795518,
            18.1445215
          ],
          [
            100.1794888,
            18.1445857
          ],
          [
            100.1793587,
            18.1448274
          ],
          [
            100.1792192,
            18.1448936
          ],
          [
            100.1788866,
            18.1448682
          ],
          [
            100.1786559,
            18.1450364
          ],
          [
            100.178373,
            18.1451822
          ],
          [
            100.1779693,
            18.1455563
          ],
          [
            100.1768495,
            18.1463036
          ],
          [
            100.175786,
            18.1470448
          ],
          [
            100.175271,
            18.1472182
          ],
          [
            100.1750189,
            18.147473
          ],
          [
            100.1740855,
            18.1479981
          ],
          [
            100.1736027,
            18.1483804
          ],
          [
            100.1733881,
            18.1484365
          ],
          [
            100.1731413,
            18.1483906
          ],
          [
            100.1728677,
            18.1482886
          ],
          [
            100.1728082,
            18.1483112
          ]
        ]
      }
    },
    {
      "type": "Feature",
      "id": 257429023,
      "properties": {
        "id": 257429023,
        "name": "สายน้ำ canal",
        "category": "สายน้ำ",
        "highway": null,
        "waterway": "canal",
        "ref": null
      },
      "geometry": {
        "type": "LineString",
        "coordinates": [
          [
            100.1797927,
            18.1368321
          ],
          [
            100.1777678,
            18.13698
          ]
        ]
      }
    },
    {
      "type": "Feature",
      "id": 257431438,
      "properties": {
        "id": 257431438,
        "name": "สายน้ำ canal",
        "category": "สายน้ำ",
        "highway": null,
        "waterway": "canal",
        "ref": null
      },
      "geometry": {
        "type": "LineString",
        "coordinates": [
          [
            100.1794327,
            18.1327201
          ],
          [
            100.1769248,
            18.1329403
          ]
        ]
      }
    },
    {
      "type": "Feature",
      "id": 278754216,
      "properties": {
        "id": 278754216,
        "name": "สายน้ำ canal",
        "category": "สายน้ำ",
        "highway": null,
        "waterway": "canal",
        "ref": null
      },
      "geometry": {
        "type": "LineString",
        "coordinates": [
          [
            100.1880958,
            18.1401637
          ],
          [
            100.1886505,
            18.1406819
          ]
        ]
      }
    },
    {
      "type": "Feature",
      "id": 278754221,
      "properties": {
        "id": 278754221,
        "name": "Sai Yai Fang Khwa Irrigation Canal",
        "category": "สายน้ำ",
        "highway": null,
        "waterway": "canal",
        "ref": null
      },
      "geometry": {
        "type": "LineString",
        "coordinates": [
          [
            100.1898891,
            18.1556584
          ],
          [
            100.1903284,
            18.1561678
          ],
          [
            100.1907559,
            18.1566749
          ],
          [
            100.1932357,
            18.1595812
          ],
          [
            100.1948782,
            18.1614781
          ],
          [
            100.1954062,
            18.1624904
          ],
          [
            100.1956607,
            18.1632966
          ],
          [
            100.1957927,
            18.1642999
          ],
          [
            100.1958643,
            18.1669317
          ],
          [
            100.1958794,
            18.1690743
          ],
          [
            100.1959549,
            18.1711166
          ],
          [
            100.1959473,
            18.1719192
          ],
          [
            100.1958794,
            18.1724423
          ],
          [
            100.1957588,
            18.172772
          ],
          [
            100.1956456,
            18.1730514
          ],
          [
            100.194997,
            18.1737394
          ],
          [
            100.1941665,
            18.1744835
          ],
          [
            100.1939706,
            18.1746968
          ],
          [
            100.1938176,
            18.1748948
          ],
          [
            100.1936998,
            18.1750722
          ],
          [
            100.1936063,
            18.1753144
          ],
          [
            100.1935474,
            18.1755824
          ],
          [
            100.1935452,
            18.1758333
          ],
          [
            100.1935682,
            18.1760662
          ],
          [
            100.193616,
            18.1763055
          ],
          [
            100.1937024,
            18.1765423
          ],
          [
            100.1937978,
            18.1767146
          ],
          [
            100.1938866,
            18.1768377
          ],
          [
            100.1942201,
            18.1772749
          ],
          [
            100.1965054,
            18.1802029
          ],
          [
            100.1973501,
            18.1812849
          ],
          [
            100.1975613,
            18.1819154
          ],
          [
            100.1975689,
            18.1823239
          ],
          [
            100.1974105,
            18.1828255
          ],
          [
            100.1971163,
            18.1837498
          ],
          [
            100.1967091,
            18.1849966
          ],
          [
            100.1963998,
            18.1858779
          ],
          [
            100.1962802,
            18.186424
          ],
          [
            100.1962588,
            18.1865221
          ],
          [
            100.1962188,
            18.1869742
          ],
          [
            100.1962415,
            18.1875403
          ],
          [
            100.1962429,
            18.1878478
          ],
          [
            100.1963153,
            18.1884493
          ],
          [
            100.196694,
            18.1897185
          ],
          [
            100.1971842,
            18.1913737
          ],
          [
            100.1973,
            18.1917449
          ],
          [
            100.1977876,
            18.1933083
          ],
          [
            100.198044,
            18.1941538
          ],
          [
            100.1982477,
            18.1949348
          ],
          [
            100.1983359,
            18.1953291
          ],
          [
            100.198359,
            18.1957234
          ],
          [
            100.1983143,
            18.1961379
          ],
          [
            100.198225,
            18.1964107
          ],
          [
            100.1980666,
            18.1968048
          ],
          [
            100.1977197,
            18.1972347
          ],
          [
            100.1973501,
            18.1976359
          ],
          [
            100.1956817,
            18.1989041
          ],
          [
            100.1954703,
            18.1990972
          ],
          [
            100.195362,
            18.1992398
          ],
          [
            100.195293,
            18.1993966
          ],
          [
            100.1952573,
            18.1995706
          ],
          [
            100.1952535,
            18.1997605
          ],
          [
            100.1952897,
            18.1999238
          ],
          [
            100.1953969,
            18.2001546
          ],
          [
            100.195853,
            18.2009029
          ],
          [
            100.1959624,
            18.2011969
          ],
          [
            100.1959508,
            18.2015667
          ],
          [
            100.1958224,
            18.2018266
          ],
          [
            100.1955877,
            18.2020292
          ],
          [
            100.1952789,
            18.2022102
          ],
          [
            100.1950137,
            18.2022945
          ],
          [
            100.1948038,
            18.2023512
          ],
          [
            100.1945691,
            18.2023441
          ],
          [
            100.1936159,
            18.2019202
          ],
          [
            100.1933909,
            18.2018355
          ],
          [
            100.193193,
            18.2017958
          ],
          [
            100.1929487,
            18.2018015
          ],
          [
            100.1927226,
            18.2018802
          ],
          [
            100.1925121,
            18.2019811
          ],
          [
            100.1922025,
            18.2023091
          ],
          [
            100.1917959,
            18.2027661
          ],
          [
            100.1917293,
            18.2029546
          ],
          [
            100.191692,
            18.2032006
          ],
          [
            100.1917134,
            18.2033652
          ],
          [
            100.1918069,
            18.2035729
          ],
          [
            100.1928777,
            18.2053667
          ],
          [
            100.1932623,
            18.2058181
          ],
          [
            100.1938883,
            18.206162
          ],
          [
            100.1945897,
            18.2062909
          ],
          [
            100.1951169,
            18.2063465
          ],
          [
            100.1956774,
            18.2063713
          ],
          [
            100.1971673,
            18.2062421
          ],
          [
            100.1983653,
            18.2061033
          ],
          [
            100.1992256,
            18.2060018
          ],
          [
            100.1994258,
            18.206014
          ],
          [
            100.1996321,
            18.2060822
          ],
          [
            100.1997985,
            18.2061799
          ],
          [
            100.1999432,
            18.2063389
          ],
          [
            100.2001158,
            18.206586
          ],
          [
            100.2003735,
            18.2070108
          ],
          [
            100.2004959,
            18.2071663
          ],
          [
            100.2006438,
            18.2073137
          ],
          [
            100.2008758,
            18.2074912
          ],
          [
            100.2011747,
            18.207633
          ],
          [
            100.2053984,
            18.2095771
          ],
          [
            100.2056246,
            18.2096543
          ],
          [
            100.2058546,
            18.2096762
          ],
          [
            100.2061905,
            18.2096859
          ],
          [
            100.2064673,
            18.2096338
          ],
          [
            100.2068141,
            18.2095043
          ],
          [
            100.2079522,
            18.2090894
          ],
          [
            100.2087463,
            18.2088773
          ],
          [
            100.2097871,
            18.2088701
          ],
          [
            100.2111296,
            18.2088701
          ],
          [
            100.2116198,
            18.2090134
          ],
          [
            100.2122006,
            18.2094218
          ],
          [
            100.2126154,
            18.2096224
          ],
          [
            100.2130453,
            18.2096511
          ],
          [
            100.2135506,
            18.2095364
          ],
          [
            100.2142973,
            18.2093931
          ],
          [
            100.2147196,
            18.2093931
          ],
          [
            100.216213,
            18.2099448
          ],
          [
            100.2166127,
            18.2101669
          ],
          [
            100.2168993,
            18.2104105
          ],
          [
            100.2172085,
            18.2109192
          ],
          [
            100.217465,
            18.2114851
          ],
          [
            100.2179326,
            18.2120439
          ],
          [
            100.2184756,
            18.2125168
          ],
          [
            100.2189281,
            18.2128105
          ],
          [
            100.2195617,
            18.2130541
          ],
          [
            100.2217187,
            18.2136201
          ],
          [
            100.2226841,
            18.2138207
          ],
          [
            100.2234242,
            18.2139216
          ],
          [
            100.2245747,
            18.2138474
          ],
          [
            100.224925,
            18.2138172
          ],
          [
            100.2252015,
            18.2138536
          ],
          [
            100.225522,
            18.2139702
          ],
          [
            100.2257591,
            18.2141326
          ],
          [
            100.2259396,
            18.2143155
          ],
          [
            100.2260909,
            18.2145482
          ],
          [
            100.2262305,
            18.2148286
          ],
          [
            100.2263819,
            18.2151326
          ],
          [
            100.2264581,
            18.2152818
          ]
        ]
      }
    },
    {
      "type": "Feature",
      "id": 278754223,
      "properties": {
        "id": 278754223,
        "name": "สายน้ำ river",
        "category": "สายน้ำ",
        "highway": null,
        "waterway": "river",
        "ref": null
      },
      "geometry": {
        "type": "LineString",
        "coordinates": [
          [
            100.2308062,
            18.1256054
          ],
          [
            100.230782,
            18.1256895
          ],
          [
            100.2307579,
            18.1258603
          ],
          [
            100.2307793,
            18.1261636
          ],
          [
            100.230774,
            18.1262885
          ],
          [
            100.2307016,
            18.1264185
          ],
          [
            100.2306104,
            18.1265664
          ],
          [
            100.2303851,
            18.1267882
          ],
          [
            100.2302241,
            18.1268952
          ],
          [
            100.2300981,
            18.1269156
          ],
          [
            100.2299264,
            18.1269182
          ],
          [
            100.229736,
            18.1269462
          ],
          [
            100.229508,
            18.1270227
          ],
          [
            100.2291378,
            18.1271017
          ],
          [
            100.2290037,
            18.1271476
          ],
          [
            100.2288964,
            18.1272037
          ],
          [
            100.2288213,
            18.1272903
          ],
          [
            100.228816,
            18.1273948
          ],
          [
            100.2288535,
            18.1275044
          ],
          [
            100.2289125,
            18.1276115
          ],
          [
            100.2289769,
            18.1277033
          ],
          [
            100.2289742,
            18.1277925
          ],
          [
            100.2289179,
            18.1278486
          ],
          [
            100.2288026,
            18.1279199
          ],
          [
            100.2287596,
            18.1279913
          ],
          [
            100.228655,
            18.1281239
          ],
          [
            100.2285558,
            18.1281723
          ],
          [
            100.2284324,
            18.1281927
          ],
          [
            100.2282554,
            18.128157
          ],
          [
            100.227955,
            18.1280678
          ],
          [
            100.2278477,
            18.1280856
          ],
          [
            100.2277431,
            18.1281417
          ],
          [
            100.2275768,
            18.1282029
          ],
          [
            100.2274507,
            18.1282615
          ],
          [
            100.227381,
            18.1283507
          ],
          [
            100.2272737,
            18.1284782
          ],
          [
            100.2270967,
            18.1287229
          ],
          [
            100.2270162,
            18.1287892
          ],
          [
            100.226748,
            18.1288453
          ],
          [
            100.2264798,
            18.1287892
          ],
          [
            100.2263564,
            18.1287331
          ],
          [
            100.2262062,
            18.1286362
          ],
          [
            100.2260989,
            18.1284986
          ],
          [
            100.2259701,
            18.1283354
          ],
          [
            100.2258414,
            18.1282335
          ],
          [
            100.2257127,
            18.1281723
          ],
          [
            100.2255464,
            18.1282335
          ],
          [
            100.225364,
            18.1284068
          ],
          [
            100.2252406,
            18.1285088
          ],
          [
            100.2250045,
            18.1285598
          ],
          [
            100.2244037,
            18.1285598
          ],
          [
            100.2241838,
            18.1285547
          ],
          [
            100.224098,
            18.128677
          ],
          [
            100.2240497,
            18.12896
          ],
          [
            100.2240014,
            18.1292557
          ],
          [
            100.2240336,
            18.1293704
          ],
          [
            100.2240604,
            18.1294672
          ],
          [
            100.2240014,
            18.1295488
          ],
          [
            100.2239317,
            18.1295819
          ],
          [
            100.2238137,
            18.1296074
          ],
          [
            100.2235186,
            18.129689
          ],
          [
            100.2233738,
            18.1297017
          ],
          [
            100.2232638,
            18.1296686
          ],
          [
            100.2231672,
            18.1296049
          ],
          [
            100.2230304,
            18.1295284
          ],
          [
            100.2228802,
            18.1294698
          ],
          [
            100.2228025,
            18.1294545
          ],
          [
            100.2227193,
            18.1294672
          ],
          [
            100.2226013,
            18.1295055
          ],
          [
            100.2224538,
            18.1295641
          ],
          [
            100.2223492,
            18.1295845
          ],
          [
            100.2222553,
            18.1295717
          ],
          [
            100.2221212,
            18.1295233
          ],
          [
            100.2220461,
            18.1294851
          ],
          [
            100.2219066,
            18.1293882
          ],
          [
            100.2216545,
            18.1291053
          ],
          [
            100.221236,
            18.1287204
          ],
          [
            100.2211153,
            18.128649
          ],
          [
            100.2209786,
            18.1286413
          ],
          [
            100.2208498,
            18.1286923
          ],
          [
            100.2207774,
            18.1288096
          ],
          [
            100.2206942,
            18.1290313
          ],
          [
            100.2206245,
            18.1291919
          ],
          [
            100.2206245,
            18.1292837
          ],
          [
            100.2206481,
            18.1297005
          ],
          [
            100.2206721,
            18.1298496
          ],
          [
            100.2206676,
            18.1300359
          ],
          [
            100.2206097,
            18.1301544
          ],
          [
            100.2203558,
            18.1302814
          ],
          [
            100.2200796,
            18.1303026
          ],
          [
            100.2198702,
            18.1302687
          ],
          [
            100.2196964,
            18.1301841
          ],
          [
            100.2194781,
            18.1299639
          ],
          [
            100.2191886,
            18.1298072
          ],
          [
            100.2190193,
            18.1298072
          ],
          [
            100.2186896,
            18.1298623
          ],
          [
            100.2184841,
            18.1298572
          ],
          [
            100.2182856,
            18.1297553
          ],
          [
            100.2180362,
            18.1297553
          ],
          [
            100.2178484,
            18.1299031
          ],
          [
            100.2177541,
            18.1300655
          ],
          [
            100.217616,
            18.1302645
          ],
          [
            100.2174422,
            18.1304211
          ],
          [
            100.2171304,
            18.130582
          ],
          [
            100.2168497,
            18.1307006
          ],
          [
            100.2161369,
            18.1310562
          ],
          [
            100.215936,
            18.1311241
          ],
          [
            100.2157804,
            18.1311318
          ],
          [
            100.2156597,
            18.1310757
          ],
          [
            100.2155578,
            18.1308692
          ],
          [
            100.2154827,
            18.1306908
          ],
          [
            100.2154049,
            18.1304843
          ],
          [
            100.2152655,
            18.1303594
          ],
          [
            100.2149865,
            18.1301963
          ],
          [
            100.2147692,
            18.1300765
          ],
          [
            100.2144849,
            18.1300255
          ],
          [
            100.2143133,
            18.1300129
          ],
          [
            100.2140397,
            18.1301556
          ],
          [
            100.2137956,
            18.1304078
          ],
          [
            100.2133477,
            18.1307623
          ],
          [
            100.2130848,
            18.1308718
          ],
          [
            100.2128541,
            18.13091
          ],
          [
            100.2125055,
            18.130989
          ],
          [
            100.2120844,
            18.131147
          ],
          [
            100.2118751,
            18.1312388
          ],
          [
            100.2116689,
            18.1312874
          ],
          [
            100.2112236,
            18.131165
          ],
          [
            100.2110893,
            18.1311853
          ],
          [
            100.2110034,
            18.131249
          ],
          [
            100.2109632,
            18.1313841
          ],
          [
            100.2109417,
            18.1315269
          ],
          [
            100.2108237,
            18.1315829
          ],
          [
            100.2106842,
            18.1315829
          ],
          [
            100.2105448,
            18.1315829
          ],
          [
            100.2104187,
            18.1316543
          ],
          [
            100.2103543,
            18.1317741
          ],
          [
            100.21029,
            18.1319857
          ],
          [
            100.210121,
            18.1320316
          ],
          [
            100.2099415,
            18.1319756
          ],
          [
            100.2097377,
            18.1319654
          ],
          [
            100.2095684,
            18.1320519
          ],
          [
            100.2092653,
            18.1321794
          ],
          [
            100.2090132,
            18.1322661
          ],
          [
            100.2086619,
            18.1323859
          ],
          [
            100.2083588,
            18.1324878
          ],
          [
            100.2081442,
            18.1326433
          ],
          [
            100.2079001,
            18.1328192
          ],
          [
            100.2078491,
            18.1329084
          ],
          [
            100.2078411,
            18.1329976
          ],
          [
            100.2079135,
            18.1330843
          ],
          [
            100.208064,
            18.1331787
          ],
          [
            100.2083805,
            18.1334082
          ],
          [
            100.2084449,
            18.1335509
          ],
          [
            100.2084127,
            18.1337956
          ],
          [
            100.2082534,
            18.1339666
          ],
          [
            100.2082373,
            18.134089
          ],
          [
            100.2084357,
            18.1343337
          ],
          [
            100.2084019,
            18.134494
          ],
          [
            100.2081227,
            18.1346009
          ],
          [
            100.2076901,
            18.1345886
          ],
          [
            100.2075329,
            18.1345246
          ],
          [
            100.2073881,
            18.1345195
          ],
          [
            100.2073092,
            18.1346906
          ],
          [
            100.2072234,
            18.1348843
          ],
          [
            100.2070072,
            18.1349579
          ],
          [
            100.2066478,
            18.1349121
          ],
          [
            100.2064225,
            18.1350089
          ],
          [
            100.2061382,
            18.1351721
          ],
          [
            100.2058378,
            18.135223
          ],
          [
            100.2056124,
            18.1353352
          ],
          [
            100.2054676,
            18.1352995
          ],
          [
            100.2054086,
            18.1351822
          ],
          [
            100.2054354,
            18.1350446
          ],
          [
            100.2054392,
            18.1348818
          ],
          [
            100.2054671,
            18.1347487
          ],
          [
            100.205398,
            18.1345772
          ],
          [
            100.2051226,
            18.1342843
          ],
          [
            100.2050277,
            18.1342595
          ],
          [
            100.2049101,
            18.1343125
          ],
          [
            100.2048527,
            18.1343977
          ],
          [
            100.2048401,
            18.1347216
          ],
          [
            100.2047785,
            18.1348472
          ],
          [
            100.2044913,
            18.1350548
          ],
          [
            100.2041737,
            18.1353635
          ],
          [
            100.2040002,
            18.135516
          ],
          [
            100.2038545,
            18.1355878
          ],
          [
            100.2034576,
            18.1356948
          ],
          [
            100.2027908,
            18.1358042
          ],
          [
            100.2024364,
            18.1358397
          ],
          [
            100.2019593,
            18.1358475
          ],
          [
            100.2018252,
            18.1358985
          ],
          [
            100.2017206,
            18.1359699
          ],
          [
            100.2016345,
            18.1360793
          ],
          [
            100.2015567,
            18.1361533
          ],
          [
            100.2014521,
            18.1362068
          ],
          [
            100.2013743,
            18.1362119
          ],
          [
            100.2012858,
            18.1361813
          ],
          [
            100.2011707,
            18.1360795
          ],
          [
            100.2010427,
            18.1359182
          ],
          [
            100.2009059,
            18.1356811
          ],
          [
            100.2008018,
            18.1356163
          ],
          [
            100.2006565,
            18.1355878
          ],
          [
            100.2004977,
            18.1357382
          ],
          [
            100.2002848,
            18.1360357
          ],
          [
            100.2001407,
            18.1360489
          ],
          [
            100.2000446,
            18.1360696
          ],
          [
            100.1998208,
            18.1359769
          ],
          [
            100.1996612,
            18.1359748
          ],
          [
            100.1996147,
            18.1360903
          ],
          [
            100.1996579,
            18.1361625
          ],
          [
            100.1996435,
            18.1362811
          ],
          [
            100.1995718,
            18.1363587
          ],
          [
            100.1994557,
            18.1363984
          ],
          [
            100.199143,
            18.1364261
          ],
          [
            100.1988801,
            18.1364363
          ],
          [
            100.1987627,
            18.136496
          ],
          [
            100.1986719,
            18.1365935
          ],
          [
            100.1985636,
            18.1367968
          ],
          [
            100.1984443,
            18.1369369
          ],
          [
            100.1983511,
            18.1370041
          ],
          [
            100.1982447,
            18.1370269
          ],
          [
            100.1978859,
            18.1370756
          ],
          [
            100.1975994,
            18.137214
          ],
          [
            100.1974255,
            18.1374477
          ],
          [
            100.1969918,
            18.1374763
          ],
          [
            100.1964141,
            18.1376473
          ],
          [
            100.1958438,
            18.1379453
          ],
          [
            100.195345,
            18.1380116
          ],
          [
            100.194889,
            18.1380728
          ],
          [
            100.194433,
            18.1379963
          ],
          [
            100.1942685,
            18.1379629
          ],
          [
            100.1940035,
            18.1379892
          ],
          [
            100.1938882,
            18.1381315
          ],
          [
            100.1937517,
            18.1382308
          ],
          [
            100.1932314,
            18.1382512
          ],
          [
            100.1928827,
            18.1385265
          ],
          [
            100.1926375,
            18.1388147
          ],
          [
            100.1924321,
            18.1389955
          ],
          [
            100.1920297,
            18.1388833
          ],
          [
            100.1918972,
            18.139034
          ],
          [
            100.1917883,
            18.1391841
          ],
          [
            100.1916006,
            18.1391841
          ],
          [
            100.1912144,
            18.1391076
          ],
          [
            100.1907369,
            18.1393268
          ],
          [
            100.1901415,
            18.1396276
          ],
          [
            100.1895128,
            18.1396993
          ],
          [
            100.1893539,
            18.1397728
          ],
          [
            100.1889971,
            18.140012
          ],
          [
            100.1887314,
            18.1402325
          ],
          [
            100.1882591,
            18.140732
          ],
          [
            100.1880679,
            18.1408539
          ],
          [
            100.1877597,
            18.1409479
          ],
          [
            100.1874324,
            18.1411671
          ],
          [
            100.1870462,
            18.1411824
          ],
          [
            100.1866653,
            18.1414373
          ],
          [
            100.1864684,
            18.1416695
          ],
          [
            100.1862469,
            18.1416616
          ],
          [
            100.1859089,
            18.1416514
          ],
          [
            100.1855619,
            18.1417868
          ],
          [
            100.1850453,
            18.1416412
          ],
          [
            100.1846912,
            18.1417738
          ],
          [
            100.1843694,
            18.1418145
          ],
          [
            100.1843388,
            18.142062
          ],
          [
            100.1842529,
            18.1423169
          ],
          [
            100.1839563,
            18.1424161
          ],
          [
            100.1836559,
            18.1424467
          ],
          [
            100.182642,
            18.1424467
          ],
          [
            100.1822782,
            18.1424525
          ],
          [
            100.182101,
            18.1425347
          ],
          [
            100.1820141,
            18.1426761
          ],
          [
            100.1819658,
            18.1428954
          ],
          [
            100.1818478,
            18.1430381
          ],
          [
            100.1816654,
            18.1431044
          ],
          [
            100.1814776,
            18.1433643
          ],
          [
            100.1812952,
            18.1435733
          ],
          [
            100.1809787,
            18.14366
          ],
          [
            100.1807695,
            18.1436804
          ],
          [
            100.180732,
            18.1437416
          ],
          [
            100.1806875,
            18.1438168
          ]
        ]
      }
    },
    {
      "type": "Feature",
      "id": 416621181,
      "properties": {
        "id": 416621181,
        "name": "สายน้ำ drain",
        "category": "สายน้ำ",
        "highway": null,
        "waterway": "drain",
        "ref": null
      },
      "geometry": {
        "type": "LineString",
        "coordinates": [
          [
            100.1888025,
            18.1914464
          ],
          [
            100.1907596,
            18.1914695
          ],
          [
            100.190865,
            18.1914748
          ],
          [
            100.1913276,
            18.1915149
          ],
          [
            100.1917028,
            18.1915752
          ],
          [
            100.1920441,
            18.1916607
          ],
          [
            100.1946001,
            18.1924522
          ],
          [
            100.1948578,
            18.1924735
          ],
          [
            100.1951251,
            18.1924735
          ],
          [
            100.1953272,
            18.1924361
          ],
          [
            100.1955546,
            18.1923782
          ],
          [
            100.1963196,
            18.1920609
          ],
          [
            100.1966092,
            18.1919558
          ],
          [
            100.1970224,
            18.1918384
          ]
        ]
      }
    },
    {
      "type": "Feature",
      "id": 416621186,
      "properties": {
        "id": 416621186,
        "name": "สายน้ำ drain",
        "category": "สายน้ำ",
        "highway": null,
        "waterway": "drain",
        "ref": null
      },
      "geometry": {
        "type": "LineString",
        "coordinates": [
          [
            100.1689891,
            18.1913726
          ],
          [
            100.1741818,
            18.1913846
          ],
          [
            100.1763206,
            18.1913895
          ]
        ]
      }
    },
    {
      "type": "Feature",
      "id": 416621189,
      "properties": {
        "id": 416621189,
        "name": "สายน้ำ drain",
        "category": "สายน้ำ",
        "highway": null,
        "waterway": "drain",
        "ref": null
      },
      "geometry": {
        "type": "LineString",
        "coordinates": [
          [
            100.1883278,
            18.1914082
          ],
          [
            100.1888025,
            18.1914464
          ]
        ]
      }
    },
    {
      "type": "Feature",
      "id": 555926977,
      "properties": {
        "id": 555926977,
        "name": "สายน้ำ river",
        "category": "สายน้ำ",
        "highway": null,
        "waterway": "river",
        "ref": null
      },
      "geometry": {
        "type": "LineString",
        "coordinates": [
          [
            100.2296978,
            18.2232091
          ],
          [
            100.229002,
            18.2232356
          ],
          [
            100.2285782,
            18.2231948
          ],
          [
            100.2276502,
            18.2229961
          ],
          [
            100.2265397,
            18.2225936
          ],
          [
            100.225499,
            18.2220025
          ],
          [
            100.2250377,
            18.2215337
          ],
          [
            100.2238093,
            18.2195006
          ],
          [
            100.2226869,
            18.2180078
          ],
          [
            100.2225313,
            18.2178971
          ],
          [
            100.2223287,
            18.2177529
          ],
          [
            100.2220229,
            18.2176051
          ],
          [
            100.2217225,
            18.2175745
          ],
          [
            100.2213041,
            18.2177121
          ],
          [
            100.2208482,
            18.2179291
          ],
          [
            100.2204082,
            18.2181034
          ],
          [
            100.2196994,
            18.2182034
          ],
          [
            100.219228,
            18.2184408
          ],
          [
            100.2187721,
            18.2187058
          ],
          [
            100.2178977,
            18.219572
          ],
          [
            100.2166209,
            18.2204433
          ],
          [
            100.215548,
            18.2209885
          ],
          [
            100.2150277,
            18.2211159
          ],
          [
            100.2142606,
            18.2210904
          ],
          [
            100.2135632,
            18.2208815
          ],
          [
            100.2118627,
            18.2200815
          ],
          [
            100.2098028,
            18.2193784
          ],
          [
            100.2091322,
            18.2193172
          ],
          [
            100.2079628,
            18.2194956
          ],
          [
            100.2065948,
            18.2199796
          ],
          [
            100.2057633,
            18.2202038
          ],
          [
            100.2049158,
            18.2202701
          ],
          [
            100.2024911,
            18.2202089
          ],
          [
            100.2015703,
            18.2201159
          ],
          [
            100.2007954,
            18.2199654
          ],
          [
            100.2001409,
            18.2197615
          ],
          [
            100.1997547,
            18.2194354
          ],
          [
            100.1994006,
            18.2190074
          ],
          [
            100.1987998,
            18.2180596
          ],
          [
            100.1985153,
            18.2172651
          ],
          [
            100.1983493,
            18.217097
          ],
          [
            100.1978771,
            18.2170303
          ],
          [
            100.1974158,
            18.2171221
          ],
          [
            100.1969223,
            18.2173565
          ],
          [
            100.1965575,
            18.2178354
          ],
          [
            100.1962892,
            18.2184265
          ],
          [
            100.1959781,
            18.2196494
          ],
          [
            100.1957264,
            18.220165
          ],
          [
            100.1954648,
            18.2204404
          ],
          [
            100.1950947,
            18.220594
          ],
          [
            100.1945512,
            18.2206481
          ],
          [
            100.1941328,
            18.2204443
          ],
          [
            100.1937568,
            18.2199408
          ],
          [
            100.1933281,
            18.2194864
          ],
          [
            100.1924274,
            18.2190675
          ],
          [
            100.1920565,
            18.2189975
          ],
          [
            100.1916281,
            18.2190471
          ],
          [
            100.1913223,
            18.2192051
          ],
          [
            100.1911614,
            18.2194497
          ],
          [
            100.191097,
            18.2197809
          ],
          [
            100.1909468,
            18.2200764
          ],
          [
            100.1902444,
            18.2208042
          ]
        ]
      }
    },
    {
      "type": "Feature",
      "id": 818489562,
      "properties": {
        "id": 818489562,
        "name": "สายน้ำ ditch",
        "category": "สายน้ำ",
        "highway": null,
        "waterway": "ditch",
        "ref": null
      },
      "geometry": {
        "type": "LineString",
        "coordinates": [
          [
            100.2439114,
            18.2137721
          ],
          [
            100.2438068,
            18.2138154
          ],
          [
            100.2436271,
            18.2138154
          ],
          [
            100.2435225,
            18.2137594
          ],
          [
            100.2432919,
            18.2136906
          ],
          [
            100.2431738,
            18.2136778
          ],
          [
            100.2430665,
            18.213711
          ],
          [
            100.2428815,
            18.2140269
          ],
          [
            100.2427179,
            18.2140982
          ],
          [
            100.2424738,
            18.2141135
          ],
          [
            100.242117,
            18.2139555
          ],
          [
            100.2418864,
            18.2139505
          ],
          [
            100.2417871,
            18.2140014
          ],
          [
            100.2413897,
            18.2142188
          ],
          [
            100.2411967,
            18.2142497
          ],
          [
            100.241041,
            18.2142584
          ],
          [
            100.2409574,
            18.2142312
          ],
          [
            100.2408323,
            18.2141186
          ],
          [
            100.2406096,
            18.2140651
          ],
          [
            100.2404058,
            18.2141696
          ],
          [
            100.2403321,
            18.2141901
          ],
          [
            100.2402958,
            18.2142001
          ],
          [
            100.2397111,
            18.2141161
          ],
          [
            100.2395233,
            18.2141212
          ],
          [
            100.2393651,
            18.2141849
          ],
          [
            100.2392444,
            18.2142001
          ],
          [
            100.2391291,
            18.2141721
          ],
          [
            100.2389601,
            18.2140687
          ],
          [
            100.2388368,
            18.2140585
          ],
          [
            100.2387724,
            18.2140636
          ],
          [
            100.2387214,
            18.2140916
          ],
          [
            100.23858,
            18.2142791
          ],
          [
            100.238411,
            18.2143071
          ],
          [
            100.2382681,
            18.2142205
          ],
          [
            100.2379891,
            18.214167
          ],
          [
            100.2376485,
            18.214167
          ],
          [
            100.2370825,
            18.214167
          ],
          [
            100.2369001,
            18.2140957
          ],
          [
            100.2368411,
            18.2139683
          ],
          [
            100.2368063,
            18.2138103
          ],
          [
            100.2366963,
            18.2137772
          ],
          [
            100.2365702,
            18.2137772
          ],
          [
            100.2364603,
            18.2138154
          ],
          [
            100.2363176,
            18.2139122
          ],
          [
            100.2362988,
            18.2139631
          ],
          [
            100.2362935,
            18.2140676
          ],
          [
            100.2363176,
            18.2141185
          ],
          [
            100.2364598,
            18.214279
          ],
          [
            100.236449,
            18.2143835
          ],
          [
            100.2364061,
            18.2144166
          ],
          [
            100.2362371,
            18.2144497
          ],
          [
            100.2361298,
            18.2144064
          ],
          [
            100.2360467,
            18.2143325
          ],
          [
            100.2359448,
            18.2142841
          ],
          [
            100.2356073,
            18.2142435
          ],
          [
            100.2355,
            18.2142103
          ],
          [
            100.235264,
            18.2142205
          ],
          [
            100.2350548,
            18.2143224
          ],
          [
            100.234572,
            18.214297
          ],
          [
            100.2345291,
            18.2143581
          ],
          [
            100.2345559,
            18.2145925
          ],
          [
            100.2344996,
            18.2146715
          ],
          [
            100.2343306,
            18.2146791
          ],
          [
            100.234226,
            18.2146358
          ],
          [
            100.2341428,
            18.2145568
          ],
          [
            100.234116,
            18.214511
          ],
          [
            100.2340865,
            18.2143581
          ],
          [
            100.2340275,
            18.2142715
          ],
          [
            100.2339148,
            18.2142384
          ],
          [
            100.2338585,
            18.2142562
          ],
          [
            100.2338129,
            18.2142868
          ],
          [
            100.2336976,
            18.2144804
          ],
          [
            100.2335849,
            18.2144982
          ]
        ]
      }
    },
    {
      "type": "Feature",
      "id": 818694273,
      "properties": {
        "id": 818694273,
        "name": "สายน้ำ ditch",
        "category": "สายน้ำ",
        "highway": null,
        "waterway": "ditch",
        "ref": null
      },
      "geometry": {
        "type": "LineString",
        "coordinates": [
          [
            100.2323753,
            18.1977761
          ],
          [
            100.2323458,
            18.1978781
          ],
          [
            100.2323619,
            18.1980309
          ],
          [
            100.2322841,
            18.1981711
          ],
          [
            100.2322465,
            18.1982042
          ],
          [
            100.2322304,
            18.1982577
          ],
          [
            100.2322465,
            18.1984743
          ],
          [
            100.2321178,
            18.1988591
          ],
          [
            100.2321228,
            18.1988809
          ],
          [
            100.2321875,
            18.1991648
          ],
          [
            100.2322197,
            18.1992668
          ],
          [
            100.2322626,
            18.1993687
          ],
          [
            100.2323216,
            18.1994655
          ],
          [
            100.2324235,
            18.1995267
          ],
          [
            100.232504,
            18.1996184
          ],
          [
            100.2327132,
            18.1999802
          ],
          [
            100.2328366,
            18.2002809
          ],
          [
            100.232901,
            18.2005866
          ],
          [
            100.2329653,
            18.2006784
          ],
          [
            100.2334589,
            18.2009688
          ],
          [
            100.2336037,
            18.2011319
          ],
          [
            100.2337056,
            18.201509
          ],
          [
            100.2336911,
            18.201559
          ],
          [
            100.2336466,
            18.2017128
          ],
          [
            100.2333569,
            18.2020339
          ],
          [
            100.2332711,
            18.202095
          ],
          [
            100.2331252,
            18.2022075
          ],
          [
            100.2329867,
            18.2022448
          ],
          [
            100.2328741,
            18.202304
          ],
          [
            100.2325094,
            18.2023855
          ],
          [
            100.2324074,
            18.2024263
          ],
          [
            100.2322465,
            18.2025741
          ],
          [
            100.2321446,
            18.2026046
          ],
          [
            100.2320212,
            18.2027219
          ],
          [
            100.2320065,
            18.2027631
          ],
          [
            100.2319139,
            18.2030225
          ],
          [
            100.2317476,
            18.2033079
          ],
          [
            100.2316081,
            18.2034659
          ],
          [
            100.2313292,
            18.2036493
          ],
          [
            100.2311307,
            18.2037512
          ],
          [
            100.2311039,
            18.2039551
          ],
          [
            100.2309108,
            18.2042099
          ],
          [
            100.2309054,
            18.2043169
          ],
          [
            100.2309483,
            18.2044086
          ],
          [
            100.2310181,
            18.2044901
          ],
          [
            100.2313453,
            18.2046226
          ],
          [
            100.2315384,
            18.20475
          ],
          [
            100.2316403,
            18.2049437
          ],
          [
            100.2316779,
            18.2052596
          ],
          [
            100.2317584,
            18.2053259
          ],
          [
            100.2318388,
            18.2054584
          ],
          [
            100.2318388,
            18.2055654
          ],
          [
            100.231753,
            18.2057488
          ],
          [
            100.2316618,
            18.2058151
          ],
          [
            100.2315491,
            18.2058151
          ],
          [
            100.2314687,
            18.2058864
          ],
          [
            100.2314526,
            18.2059883
          ],
          [
            100.2314794,
            18.2061004
          ],
          [
            100.2313748,
            18.2065412
          ],
          [
            100.2314258,
            18.2066967
          ],
          [
            100.231407,
            18.2068011
          ],
          [
            100.2313238,
            18.206875
          ],
          [
            100.2309966,
            18.2070279
          ],
          [
            100.2309456,
            18.2071222
          ],
          [
            100.2308679,
            18.207568
          ],
          [
            100.2309456,
            18.2078203
          ],
          [
            100.2309456,
            18.2079783
          ],
          [
            100.2307874,
            18.2081388
          ],
          [
            100.2307177,
            18.2082509
          ],
          [
            100.2306372,
            18.2085439
          ],
          [
            100.2306372,
            18.2086484
          ],
          [
            100.2306828,
            18.2087401
          ],
          [
            100.2307713,
            18.2088114
          ],
          [
            100.2308571,
            18.2089465
          ],
          [
            100.2308705,
            18.209056
          ],
          [
            100.2307847,
            18.2094662
          ],
          [
            100.230782,
            18.2096318
          ],
          [
            100.2308089,
            18.2097338
          ],
          [
            100.2309054,
            18.2099249
          ],
          [
            100.2309349,
            18.2101847
          ],
          [
            100.2309832,
            18.2102128
          ],
          [
            100.2310985,
            18.2103605
          ],
          [
            100.2311146,
            18.2107988
          ],
          [
            100.231128,
            18.2108523
          ],
          [
            100.231356,
            18.2109873
          ],
          [
            100.2313936,
            18.2110255
          ],
          [
            100.2313989,
            18.2111351
          ],
          [
            100.2317423,
            18.2116574
          ],
          [
            100.2317932,
            18.2116701
          ],
          [
            100.232048,
            18.2114689
          ],
          [
            100.2321473,
            18.2114281
          ],
          [
            100.2321982,
            18.2114408
          ],
          [
            100.2322814,
            18.2115682
          ]
        ]
      }
    },
    {
      "type": "Feature",
      "id": 818694274,
      "properties": {
        "id": 818694274,
        "name": "สายน้ำ ditch",
        "category": "สายน้ำ",
        "highway": null,
        "waterway": "ditch",
        "ref": null
      },
      "geometry": {
        "type": "LineString",
        "coordinates": [
          [
            100.2262196,
            18.2007217
          ],
          [
            100.2262437,
            18.2006784
          ],
          [
            100.2263457,
            18.2006248
          ],
          [
            100.2263778,
            18.2005815
          ],
          [
            100.2264047,
            18.2004822
          ],
          [
            100.2263939,
            18.2004312
          ],
          [
            100.2263671,
            18.2003853
          ],
          [
            100.2261874,
            18.2003649
          ],
          [
            100.2261579,
            18.200314
          ],
          [
            100.2261311,
            18.2001535
          ],
          [
            100.2259192,
            18.2000312
          ],
          [
            100.225879,
            18.1999904
          ],
          [
            100.2258146,
            18.1998426
          ],
          [
            100.2257529,
            18.1996821
          ],
          [
            100.2257024,
            18.1993986
          ],
          [
            100.2257234,
            18.1990756
          ],
          [
            100.2257153,
            18.1989635
          ],
          [
            100.2256697,
            18.1988081
          ],
          [
            100.2255678,
            18.1985915
          ],
          [
            100.2254639,
            18.1984876
          ],
          [
            100.2254297,
            18.1983736
          ],
          [
            100.2254911,
            18.1982016
          ],
          [
            100.2253854,
            18.197929
          ],
          [
            100.2250341,
            18.1975417
          ],
          [
            100.2250153,
            18.1974882
          ],
          [
            100.2248704,
            18.1973124
          ],
          [
            100.2248543,
            18.1971901
          ],
          [
            100.2247654,
            18.1970058
          ],
          [
            100.2247363,
            18.1969455
          ],
          [
            100.2246371,
            18.1966423
          ],
          [
            100.2245969,
            18.1966066
          ],
          [
            100.2245378,
            18.1965913
          ],
          [
            100.2243045,
            18.1965658
          ],
          [
            100.2242696,
            18.1965276
          ],
          [
            100.2242053,
            18.1963773
          ],
          [
            100.2241865,
            18.1962193
          ],
          [
            100.2241128,
            18.196127
          ]
        ]
      }
    },
    {
      "type": "Feature",
      "id": 818694277,
      "properties": {
        "id": 818694277,
        "name": "สายน้ำ stream",
        "category": "สายน้ำ",
        "highway": null,
        "waterway": "stream",
        "ref": null
      },
      "geometry": {
        "type": "LineString",
        "coordinates": [
          [
            100.2435842,
            18.1980641
          ],
          [
            100.2433965,
            18.1979876
          ],
          [
            100.2432784,
            18.1979876
          ],
          [
            100.2432328,
            18.1979596
          ],
          [
            100.243206,
            18.1979137
          ],
          [
            100.2431765,
            18.1977634
          ],
          [
            100.2430746,
            18.1977124
          ],
          [
            100.2429137,
            18.1976997
          ],
          [
            100.2428225,
            18.1977609
          ],
          [
            100.2427956,
            18.1978042
          ],
          [
            100.242793,
            18.1978551
          ],
          [
            100.2428922,
            18.1979876
          ],
          [
            100.2430156,
            18.1982297
          ],
          [
            100.2429914,
            18.1983291
          ],
          [
            100.2429593,
            18.1983724
          ],
          [
            100.2428225,
            18.1984743
          ],
          [
            100.2427179,
            18.1984972
          ],
          [
            100.2426723,
            18.1984692
          ],
          [
            100.2426508,
            18.1984233
          ],
          [
            100.2426642,
            18.1982705
          ],
          [
            100.2425623,
            18.1982373
          ],
          [
            100.2425113,
            18.1982552
          ],
          [
            100.2423826,
            18.1984514
          ],
          [
            100.242396,
            18.1985533
          ],
          [
            100.2424335,
            18.1986017
          ],
          [
            100.2424094,
            18.1986985
          ],
          [
            100.2423638,
            18.1987266
          ],
          [
            100.2422324,
            18.1986832
          ],
          [
            100.2421305,
            18.1986985
          ],
          [
            100.2419749,
            18.1987775
          ],
          [
            100.2419427,
            18.1988208
          ],
          [
            100.2419212,
            18.1988693
          ],
          [
            100.2419454,
            18.1989737
          ],
          [
            100.2420366,
            18.19904
          ],
          [
            100.2420473,
            18.1990935
          ],
          [
            100.2419481,
            18.1992132
          ],
          [
            100.2419078,
            18.1993126
          ],
          [
            100.2419293,
            18.199361
          ],
          [
            100.2419803,
            18.1993763
          ],
          [
            100.2421465,
            18.1993432
          ],
          [
            100.2421841,
            18.199384
          ],
          [
            100.2421761,
            18.1994833
          ],
          [
            100.2420741,
            18.1996056
          ],
          [
            100.2419749,
            18.1996413
          ],
          [
            100.241814,
            18.1996209
          ],
          [
            100.2417362,
            18.1995394
          ],
          [
            100.2416342,
            18.1994961
          ],
          [
            100.2414733,
            18.199519
          ],
          [
            100.2414036,
            18.1995954
          ],
          [
            100.24124,
            18.1998681
          ],
          [
            100.2411944,
            18.1999751
          ],
          [
            100.2412051,
            18.2000796
          ],
          [
            100.2413177,
            18.2001993
          ],
          [
            100.2413553,
            18.2003012
          ],
          [
            100.2413499,
            18.2003522
          ],
          [
            100.2412829,
            18.2004414
          ],
          [
            100.2411514,
            18.2005331
          ],
          [
            100.2411246,
            18.200579
          ],
          [
            100.2411139,
            18.2006325
          ],
          [
            100.2411488,
            18.2007854
          ],
          [
            100.2411354,
            18.2008363
          ],
          [
            100.2410093,
            18.2009433
          ],
          [
            100.2409932,
            18.2009943
          ],
          [
            100.2410173,
            18.2010962
          ],
          [
            100.2410871,
            18.2011778
          ],
          [
            100.2411112,
            18.2013306
          ],
          [
            100.2410442,
            18.2014708
          ],
          [
            100.2410039,
            18.2015039
          ],
          [
            100.2409047,
            18.2015396
          ],
          [
            100.2408242,
            18.2016695
          ],
          [
            100.2407269,
            18.2017213
          ],
          [
            100.240608,
            18.2017774
          ],
          [
            100.2405947,
            18.2018228
          ],
          [
            100.2406147,
            18.2018754
          ],
          [
            100.2406812,
            18.201909
          ],
          [
            100.2406955,
            18.201988
          ]
        ]
      }
    },
    {
      "type": "Feature",
      "id": 818694283,
      "properties": {
        "id": 818694283,
        "name": "สายน้ำ ditch",
        "category": "สายน้ำ",
        "highway": null,
        "waterway": "ditch",
        "ref": null
      },
      "geometry": {
        "type": "LineString",
        "coordinates": [
          [
            100.2330137,
            18.2041461
          ],
          [
            100.2342984,
            18.2024543
          ],
          [
            100.2345828,
            18.2020848
          ],
          [
            100.2352748,
            18.2010796
          ],
          [
            100.235406,
            18.2009241
          ]
        ]
      }
    },
    {
      "type": "Feature",
      "id": 818694286,
      "properties": {
        "id": 818694286,
        "name": "สายน้ำ drain",
        "category": "สายน้ำ",
        "highway": null,
        "waterway": "drain",
        "ref": null
      },
      "geometry": {
        "type": "LineString",
        "coordinates": [
          [
            100.2271448,
            18.1909593
          ],
          [
            100.2267812,
            18.1911587
          ],
          [
            100.226292,
            18.1913982
          ],
          [
            100.2262062,
            18.1914645
          ],
          [
            100.2261472,
            18.1915613
          ],
          [
            100.2260613,
            18.191755
          ],
          [
            100.2260452,
            18.1918569
          ],
          [
            100.2259862,
            18.1919486
          ],
          [
            100.2258736,
            18.1919588
          ],
          [
            100.2256939,
            18.1920302
          ],
          [
            100.2255303,
            18.1921423
          ],
          [
            100.2253157,
            18.192336
          ],
          [
            100.2250314,
            18.1925118
          ],
          [
            100.2249027,
            18.1925194
          ],
          [
            100.2246586,
            18.1923512
          ],
          [
            100.2244695,
            18.1921015
          ],
          [
            100.224275,
            18.1918238
          ],
          [
            100.2242536,
            18.1916887
          ],
          [
            100.2242803,
            18.1914696
          ],
          [
            100.2242562,
            18.1911027
          ],
          [
            100.2242804,
            18.1910542
          ],
          [
            100.2243796,
            18.1909956
          ],
          [
            100.2244949,
            18.1908708
          ],
          [
            100.2245969,
            18.1908249
          ],
          [
            100.2246344,
            18.1907867
          ],
          [
            100.2246827,
            18.1906848
          ]
        ]
      }
    },
    {
      "type": "Feature",
      "id": 818694287,
      "properties": {
        "id": 818694287,
        "name": "สายน้ำ drain",
        "category": "สายน้ำ",
        "highway": null,
        "waterway": "drain",
        "ref": null
      },
      "geometry": {
        "type": "LineString",
        "coordinates": [
          [
            100.2249897,
            18.1873071
          ],
          [
            100.2243242,
            18.187063
          ],
          [
            100.2242137,
            18.1869947
          ],
          [
            100.2241121,
            18.1869664
          ],
          [
            100.2238869,
            18.1869405
          ],
          [
            100.2237212,
            18.1869031
          ],
          [
            100.2235689,
            18.186853
          ],
          [
            100.223252,
            18.1867437
          ]
        ]
      }
    },
    {
      "type": "Feature",
      "id": 818743708,
      "properties": {
        "id": 818743708,
        "name": "สายน้ำ ditch",
        "category": "สายน้ำ",
        "highway": null,
        "waterway": "ditch",
        "ref": null
      },
      "geometry": {
        "type": "LineString",
        "coordinates": [
          [
            100.2327217,
            18.2143304
          ],
          [
            100.2326812,
            18.214456
          ],
          [
            100.2326866,
            18.2145809
          ],
          [
            100.2326732,
            18.2147312
          ],
          [
            100.232574,
            18.2147898
          ],
          [
            100.2319622,
            18.2148957
          ],
          [
            100.2317245,
            18.2150455
          ],
          [
            100.2316977,
            18.2151525
          ],
          [
            100.2317514,
            18.2152519
          ],
          [
            100.2318231,
            18.2153615
          ],
          [
            100.2318445,
            18.2155755
          ],
          [
            100.2317882,
            18.2156672
          ],
          [
            100.231494,
            18.2157962
          ],
          [
            100.231384,
            18.2159262
          ],
          [
            100.2313595,
            18.2160403
          ],
          [
            100.2312603,
            18.2160963
          ],
          [
            100.2311449,
            18.2160989
          ],
          [
            100.2310537,
            18.2160352
          ],
          [
            100.2310424,
            18.2159777
          ],
          [
            100.2309941,
            18.2159471
          ],
          [
            100.2308734,
            18.2159445
          ],
          [
            100.2308305,
            18.2159828
          ],
          [
            100.2308072,
            18.2162124
          ],
          [
            100.230716,
            18.21635
          ],
          [
            100.230606,
            18.2163857
          ],
          [
            100.2304229,
            18.2164218
          ],
          [
            100.2303398,
            18.2164957
          ],
          [
            100.2302539,
            18.2166613
          ],
          [
            100.2302724,
            18.2168167
          ],
          [
            100.2303904,
            18.2170613
          ],
          [
            100.2305433,
            18.2171377
          ],
          [
            100.2306479,
            18.2171479
          ],
          [
            100.2309188,
            18.2170511
          ],
          [
            100.2310851,
            18.2170435
          ],
          [
            100.2312085,
            18.2171352
          ],
          [
            100.23123,
            18.2172371
          ],
          [
            100.2312112,
            18.2173441
          ],
          [
            100.2310637,
            18.2174282
          ],
          [
            100.2306855,
            18.2174639
          ],
          [
            100.2305192,
            18.217418
          ],
          [
            100.230318,
            18.2173008
          ],
          [
            100.230141,
            18.2172728
          ],
          [
            100.2300096,
            18.2174511
          ],
          [
            100.2298969,
            18.2174613
          ],
          [
            100.2297896,
            18.2174078
          ],
          [
            100.2297574,
            18.2173594
          ],
          [
            100.2296233,
            18.2170511
          ],
          [
            100.2295563,
            18.2169619
          ],
          [
            100.229449,
            18.216911
          ],
          [
            100.2292719,
            18.2168855
          ],
          [
            100.229162,
            18.217097
          ],
          [
            100.2290145,
            18.21726
          ],
          [
            100.2289622,
            18.2173518
          ],
          [
            100.2289823,
            18.2175518
          ],
          [
            100.2290641,
            18.2177709
          ],
          [
            100.2291593,
            18.2178053
          ],
          [
            100.2292693,
            18.2177696
          ],
          [
            100.2293216,
            18.2177377
          ],
          [
            100.2294208,
            18.2177225
          ],
          [
            100.2295402,
            18.217767
          ],
          [
            100.229789,
            18.2179834
          ],
          [
            100.2298373,
            18.2182242
          ],
          [
            100.2298051,
            18.2182993
          ],
          [
            100.2297716,
            18.2183414
          ],
          [
            100.2296703,
            18.2183963
          ],
          [
            100.2295884,
            18.2184154
          ],
          [
            100.2294932,
            18.2184282
          ],
          [
            100.229394,
            18.2184295
          ],
          [
            100.2293122,
            18.2184244
          ],
          [
            100.2291231,
            18.2183709
          ],
          [
            100.2289662,
            18.2183352
          ]
        ]
      }
    },
    {
      "type": "Feature",
      "id": 818743765,
      "properties": {
        "id": 818743765,
        "name": "สายน้ำ ditch",
        "category": "สายน้ำ",
        "highway": null,
        "waterway": "ditch",
        "ref": null
      },
      "geometry": {
        "type": "LineString",
        "coordinates": [
          [
            100.2308403,
            18.1816569
          ],
          [
            100.2268729,
            18.1824351
          ],
          [
            100.226247,
            18.1825594
          ],
          [
            100.2261023,
            18.1825945
          ],
          [
            100.2259453,
            18.1826632
          ],
          [
            100.2257835,
            18.182749
          ],
          [
            100.2254277,
            18.1830342
          ],
          [
            100.2232872,
            18.1847952
          ]
        ]
      }
    },
    {
      "type": "Feature",
      "id": 818743771,
      "properties": {
        "id": 818743771,
        "name": "สายน้ำ ditch",
        "category": "สายน้ำ",
        "highway": null,
        "waterway": "ditch",
        "ref": null
      },
      "geometry": {
        "type": "LineString",
        "coordinates": [
          [
            100.2406955,
            18.201988
          ],
          [
            100.2402003,
            18.2022552
          ]
        ]
      }
    },
    {
      "type": "Feature",
      "id": 818743772,
      "properties": {
        "id": 818743772,
        "name": "สายน้ำ ditch",
        "category": "สายน้ำ",
        "highway": null,
        "waterway": "ditch",
        "ref": null
      },
      "geometry": {
        "type": "LineString",
        "coordinates": [
          [
            100.2339041,
            18.2112472
          ],
          [
            100.2336658,
            18.2113021
          ],
          [
            100.2336279,
            18.2113109
          ],
          [
            100.2334508,
            18.2113032
          ],
          [
            100.2334025,
            18.2113415
          ],
          [
            100.2333918,
            18.2113924
          ],
          [
            100.2334508,
            18.2114841
          ],
          [
            100.2334213,
            18.211637
          ],
          [
            100.2332067,
            18.2116905
          ],
          [
            100.2331611,
            18.2118561
          ],
          [
            100.2330995,
            18.2119453
          ],
          [
            100.2328768,
            18.2119886
          ],
          [
            100.2328098,
            18.2121364
          ],
          [
            100.2328151,
            18.2122969
          ],
          [
            100.232783,
            18.2123963
          ],
          [
            100.2326757,
            18.2124167
          ],
          [
            100.2325335,
            18.2123326
          ],
          [
            100.2323914,
            18.2123326
          ],
          [
            100.2321875,
            18.2124472
          ],
          [
            100.2317476,
            18.2126077
          ],
          [
            100.2316672,
            18.2126791
          ],
          [
            100.2316511,
            18.21273
          ],
          [
            100.2316752,
            18.2127835
          ],
          [
            100.2318442,
            18.2129186
          ],
          [
            100.2318522,
            18.2130256
          ],
          [
            100.23182,
            18.213074
          ],
          [
            100.2317288,
            18.2131326
          ],
          [
            100.2313848,
            18.2131692
          ],
          [
            100.2313533,
            18.2131912
          ],
          [
            100.2313061,
            18.2132567
          ]
        ]
      }
    },
    {
      "type": "Feature",
      "id": 818743773,
      "properties": {
        "id": 818743773,
        "name": "สายน้ำ ditch",
        "category": "สายน้ำ",
        "highway": null,
        "waterway": "ditch",
        "ref": null
      },
      "geometry": {
        "type": "LineString",
        "coordinates": [
          [
            100.2339041,
            18.2112472
          ],
          [
            100.2337539,
            18.2111962
          ],
          [
            100.233719,
            18.21113
          ],
          [
            100.2334455,
            18.211051
          ],
          [
            100.2331531,
            18.2111555
          ],
          [
            100.2330217,
            18.211265
          ],
          [
            100.232909,
            18.2113568
          ],
          [
            100.2322814,
            18.2115682
          ]
        ]
      }
    },
    {
      "type": "Feature",
      "id": 818743774,
      "properties": {
        "id": 818743774,
        "name": "สายน้ำ ditch",
        "category": "สายน้ำ",
        "highway": null,
        "waterway": "ditch",
        "ref": null
      },
      "geometry": {
        "type": "LineString",
        "coordinates": [
          [
            100.2336151,
            18.2078097
          ],
          [
            100.2335823,
            18.2081795
          ],
          [
            100.2336869,
            18.2084292
          ],
          [
            100.2336949,
            18.2085337
          ],
          [
            100.2336305,
            18.2086815
          ],
          [
            100.2334776,
            18.2088395
          ],
          [
            100.233416,
            18.2091681
          ],
          [
            100.2333596,
            18.2092599
          ],
          [
            100.2332202,
            18.2093516
          ],
          [
            100.2331853,
            18.2094535
          ],
          [
            100.2332684,
            18.2098663
          ],
          [
            100.2333301,
            18.2100115
          ],
          [
            100.2333435,
            18.2101669
          ],
          [
            100.2333811,
            18.2102051
          ],
          [
            100.2337284,
            18.21033
          ],
          [
            100.2337982,
            18.2105019
          ],
          [
            100.234006,
            18.2106663
          ],
          [
            100.23399,
            18.2108752
          ],
          [
            100.23388,
            18.2110536
          ],
          [
            100.2338844,
            18.211089
          ],
          [
            100.2339041,
            18.2112472
          ]
        ]
      }
    },
    {
      "type": "Feature",
      "id": 818743775,
      "properties": {
        "id": 818743775,
        "name": "สายน้ำ ditch",
        "category": "สายน้ำ",
        "highway": null,
        "waterway": "ditch",
        "ref": null
      },
      "geometry": {
        "type": "LineString",
        "coordinates": [
          [
            100.2394004,
            18.2072976
          ],
          [
            100.2392015,
            18.2074305
          ],
          [
            100.2390225,
            18.2074472
          ],
          [
            100.2389172,
            18.2075018
          ],
          [
            100.2387992,
            18.2075502
          ],
          [
            100.2387509,
            18.2075349
          ],
          [
            100.2387401,
            18.2074636
          ],
          [
            100.238657,
            18.2074534
          ],
          [
            100.2385524,
            18.207512
          ],
          [
            100.2385014,
            18.2076012
          ],
          [
            100.238539,
            18.2076802
          ],
          [
            100.2386355,
            18.2077413
          ],
          [
            100.2387133,
            18.207884
          ],
          [
            100.2387911,
            18.20794
          ],
          [
            100.2388126,
            18.208019
          ],
          [
            100.2387348,
            18.2081311
          ],
          [
            100.2386141,
            18.208256
          ],
          [
            100.2385551,
            18.2082458
          ],
          [
            100.2385417,
            18.2082152
          ],
          [
            100.2385122,
            18.2081897
          ],
          [
            100.2383029,
            18.2081948
          ],
          [
            100.2381501,
            18.2082611
          ],
          [
            100.2381125,
            18.2083248
          ],
          [
            100.238134,
            18.208419
          ],
          [
            100.238193,
            18.208442
          ],
          [
            100.2382493,
            18.2084802
          ],
          [
            100.2382573,
            18.2085541
          ],
          [
            100.2382225,
            18.2086331
          ],
          [
            100.2381876,
            18.208656
          ],
          [
            100.2381179,
            18.2086687
          ],
          [
            100.2380562,
            18.2086331
          ],
          [
            100.2379382,
            18.2085923
          ],
          [
            100.2378443,
            18.2086076
          ],
          [
            100.2377933,
            18.208684
          ],
          [
            100.2376914,
            18.2087044
          ],
          [
            100.2376351,
            18.208656
          ],
          [
            100.2376083,
            18.2085464
          ],
          [
            100.2375466,
            18.2084802
          ],
          [
            100.2374607,
            18.2085082
          ],
          [
            100.2373856,
            18.2085694
          ],
          [
            100.2371389,
            18.2087834
          ],
          [
            100.2368385,
            18.2087401
          ],
          [
            100.2366561,
            18.2088624
          ],
          [
            100.2366024,
            18.2089541
          ],
          [
            100.2365649,
            18.2091579
          ],
          [
            100.2365863,
            18.2092599
          ],
          [
            100.2366668,
            18.2093261
          ],
          [
            100.2366131,
            18.2094229
          ],
          [
            100.2364254,
            18.2095503
          ],
          [
            100.2364415,
            18.2096522
          ],
          [
            100.2363771,
            18.2097389
          ],
          [
            100.2361625,
            18.2097338
          ],
          [
            100.2360372,
            18.2098166
          ],
          [
            100.2358937,
            18.2099261
          ],
          [
            100.2358119,
            18.2100013
          ],
          [
            100.2357998,
            18.2100752
          ],
          [
            100.2357421,
            18.2101784
          ],
          [
            100.2356536,
            18.2102459
          ],
          [
            100.2356,
            18.2103007
          ],
          [
            100.2355825,
            18.2104192
          ],
          [
            100.2356,
            18.210516
          ],
          [
            100.2356509,
            18.2105899
          ],
          [
            100.235714,
            18.210637
          ],
          [
            100.2358279,
            18.2107007
          ],
          [
            100.23584,
            18.2107631
          ],
          [
            100.2357817,
            18.2108344
          ],
          [
            100.2355268,
            18.2109465
          ],
          [
            100.2352908,
            18.2111108
          ],
          [
            100.2351312,
            18.2111682
          ],
          [
            100.2350204,
            18.2112385
          ],
          [
            100.2349086,
            18.2113135
          ],
          [
            100.2346229,
            18.2114205
          ],
          [
            100.2345264,
            18.2113746
          ],
          [
            100.2344727,
            18.2112829
          ],
          [
            100.234344,
            18.2112472
          ],
          [
            100.2339041,
            18.2112472
          ]
        ]
      }
    },
    {
      "type": "Feature",
      "id": 818743776,
      "properties": {
        "id": 818743776,
        "name": "สายน้ำ ditch",
        "category": "สายน้ำ",
        "highway": null,
        "waterway": "ditch",
        "ref": null
      },
      "geometry": {
        "type": "LineString",
        "coordinates": [
          [
            100.2402003,
            18.2022552
          ],
          [
            100.2403639,
            18.2022833
          ],
          [
            100.2404068,
            18.2023826
          ],
          [
            100.2403853,
            18.2024336
          ],
          [
            100.2403344,
            18.2024565
          ],
          [
            100.2401117,
            18.2024107
          ],
          [
            100.2400581,
            18.2024285
          ],
          [
            100.2400474,
            18.202533
          ],
          [
            100.240093,
            18.2025635
          ],
          [
            100.2403129,
            18.2025839
          ],
          [
            100.2403692,
            18.2026119
          ],
          [
            100.2404122,
            18.2027674
          ],
          [
            100.2403558,
            18.2028642
          ],
          [
            100.2402432,
            18.202882
          ],
          [
            100.24016,
            18.2029508
          ],
          [
            100.2401788,
            18.2031012
          ],
          [
            100.24027,
            18.2031598
          ],
          [
            100.2404336,
            18.20317
          ],
          [
            100.2405355,
            18.2032082
          ],
          [
            100.2404819,
            18.2032286
          ],
          [
            100.2404604,
            18.203277
          ],
          [
            100.2404765,
            18.2033789
          ],
          [
            100.240734,
            18.2034757
          ],
          [
            100.2408654,
            18.2036541
          ],
          [
            100.240954,
            18.2038503
          ],
          [
            100.2410612,
            18.20397
          ],
          [
            100.241308,
            18.2040872
          ],
          [
            100.2414394,
            18.2040949
          ],
          [
            100.2414368,
            18.204235
          ],
          [
            100.2414877,
            18.2043013
          ],
          [
            100.2415762,
            18.2042783
          ],
          [
            100.2416674,
            18.2042121
          ],
          [
            100.2417828,
            18.2041815
          ],
          [
            100.2418847,
            18.2042528
          ],
          [
            100.2418954,
            18.204342
          ],
          [
            100.241823,
            18.2044439
          ],
          [
            100.2417103,
            18.2045994
          ],
          [
            100.2417157,
            18.2046987
          ],
          [
            100.2417667,
            18.2047599
          ],
          [
            100.2420215,
            18.2047446
          ],
          [
            100.2421395,
            18.2046962
          ],
          [
            100.2422065,
            18.2047395
          ],
          [
            100.2422468,
            18.2049382
          ],
          [
            100.2422387,
            18.2050453
          ],
          [
            100.242169,
            18.2051013
          ],
          [
            100.2419786,
            18.2051599
          ],
          [
            100.2418069,
            18.2052822
          ],
          [
            100.2417318,
            18.2053816
          ],
          [
            100.241713,
            18.205509
          ],
          [
            100.2417559,
            18.205616
          ],
          [
            100.2418755,
            18.2057173
          ],
          [
            100.2418992,
            18.2058552
          ],
          [
            100.2419503,
            18.2059662
          ],
          [
            100.2419604,
            18.2060544
          ],
          [
            100.241944,
            18.2061597
          ],
          [
            100.2418676,
            18.2062466
          ],
          [
            100.2417836,
            18.206288
          ],
          [
            100.2416115,
            18.2063055
          ]
        ]
      }
    },
    {
      "type": "Feature",
      "id": 818743825,
      "properties": {
        "id": 818743825,
        "name": "สายน้ำ drain",
        "category": "สายน้ำ",
        "highway": null,
        "waterway": "drain",
        "ref": null
      },
      "geometry": {
        "type": "LineString",
        "coordinates": [
          [
            100.2531382,
            18.1938266
          ],
          [
            100.2530095,
            18.1937145
          ],
          [
            100.2518052,
            18.1922646
          ],
          [
            100.2517301,
            18.1921321
          ],
          [
            100.2516872,
            18.1920633
          ],
          [
            100.251655,
            18.191969
          ],
          [
            100.2515933,
            18.1917958
          ],
          [
            100.2515772,
            18.1917091
          ],
          [
            100.2512714,
            18.1898464
          ],
          [
            100.251258,
            18.1897368
          ],
          [
            100.251199,
            18.1895738
          ],
          [
            100.2511507,
            18.1894311
          ],
          [
            100.2510542,
            18.1892272
          ],
          [
            100.2509281,
            18.1890234
          ],
          [
            100.2491927,
            18.1860114
          ],
          [
            100.2491042,
            18.1858992
          ],
          [
            100.2489889,
            18.1857973
          ],
          [
            100.2489138,
            18.185754
          ],
          [
            100.2487823,
            18.1857056
          ],
          [
            100.2486616,
            18.1856979
          ],
          [
            100.2483639,
            18.1857005
          ],
          [
            100.2429569,
            18.186091
          ],
          [
            100.2428278,
            18.1861031
          ],
          [
            100.2426776,
            18.1861108
          ],
          [
            100.2425301,
            18.1860955
          ],
          [
            100.2423584,
            18.1860496
          ],
          [
            100.2422404,
            18.1860088
          ],
          [
            100.2421117,
            18.1859222
          ],
          [
            100.2418703,
            18.1857336
          ],
          [
            100.2408541,
            18.1848643
          ]
        ]
      }
    },
    {
      "type": "Feature",
      "id": 818743859,
      "properties": {
        "id": 818743859,
        "name": "สายน้ำ stream",
        "category": "สายน้ำ",
        "highway": null,
        "waterway": "stream",
        "ref": null
      },
      "geometry": {
        "type": "LineString",
        "coordinates": [
          [
            100.248545,
            18.1986323
          ],
          [
            100.2488628,
            18.19851
          ],
          [
            100.2489969,
            18.1983444
          ],
          [
            100.2490962,
            18.1980335
          ],
          [
            100.2493697,
            18.1978934
          ],
          [
            100.249587,
            18.1978271
          ],
          [
            100.2499008,
            18.1973583
          ],
          [
            100.250102,
            18.1972232
          ],
          [
            100.2502844,
            18.1971672
          ],
          [
            100.2505124,
            18.1971442
          ],
          [
            100.2509201,
            18.1972181
          ],
          [
            100.2510729,
            18.1971544
          ],
          [
            100.2511561,
            18.1970168
          ],
          [
            100.2512473,
            18.1969557
          ],
          [
            100.2514109,
            18.1969327
          ],
          [
            100.2517931,
            18.1969423
          ]
        ]
      }
    },
    {
      "type": "Feature",
      "id": 818743860,
      "properties": {
        "id": 818743860,
        "name": "สายน้ำ stream",
        "category": "สายน้ำ",
        "highway": null,
        "waterway": "stream",
        "ref": null
      },
      "geometry": {
        "type": "LineString",
        "coordinates": [
          [
            100.248329,
            18.199468
          ],
          [
            100.2483693,
            18.1993152
          ],
          [
            100.2483425,
            18.1988718
          ],
          [
            100.2483827,
            18.1987724
          ]
        ]
      }
    },
    {
      "type": "Feature",
      "id": 818743861,
      "properties": {
        "id": 818743861,
        "name": "สายน้ำ stream",
        "category": "สายน้ำ",
        "highway": null,
        "waterway": "stream",
        "ref": null
      },
      "geometry": {
        "type": "LineString",
        "coordinates": [
          [
            100.2477604,
            18.2010402
          ],
          [
            100.2476826,
            18.2006198
          ],
          [
            100.2477846,
            18.2004236
          ],
          [
            100.2481037,
            18.2000082
          ],
          [
            100.2482753,
            18.1995969
          ]
        ]
      }
    },
    {
      "type": "Feature",
      "id": 818743862,
      "properties": {
        "id": 818743862,
        "name": "สายน้ำ stream",
        "category": "สายน้ำ",
        "highway": null,
        "waterway": "stream",
        "ref": null
      },
      "geometry": {
        "type": "LineString",
        "coordinates": [
          [
            100.2478859,
            18.2031395
          ],
          [
            100.2479911,
            18.202834
          ],
          [
            100.2480876,
            18.2028059
          ],
          [
            100.2481896,
            18.202834
          ],
          [
            100.2482781,
            18.2027728
          ],
          [
            100.2482942,
            18.2025155
          ],
          [
            100.2482593,
            18.2024314
          ],
          [
            100.2482352,
            18.2023855
          ],
          [
            100.2479053,
            18.2022709
          ],
          [
            100.2477229,
            18.2016848
          ],
          [
            100.247629,
            18.2014861
          ],
          [
            100.247637,
            18.2013816
          ]
        ]
      }
    },
    {
      "type": "Feature",
      "id": 818965285,
      "properties": {
        "id": 818965285,
        "name": "Sai Yai Fang Khwa Irrigation Canal",
        "category": "สายน้ำ",
        "highway": null,
        "waterway": "canal",
        "ref": null
      },
      "geometry": {
        "type": "LineString",
        "coordinates": [
          [
            100.2266121,
            18.2155832
          ],
          [
            100.2292162,
            18.2207869
          ],
          [
            100.2293366,
            18.2211591
          ],
          [
            100.229439,
            18.2215637
          ],
          [
            100.2294643,
            18.2218424
          ],
          [
            100.2293811,
            18.2227779
          ]
        ]
      }
    },
    {
      "type": "Feature",
      "id": 818965286,
      "properties": {
        "id": 818965286,
        "name": "สายน้ำ canal",
        "category": "สายน้ำ",
        "highway": null,
        "waterway": "canal",
        "ref": null
      },
      "geometry": {
        "type": "LineString",
        "coordinates": [
          [
            100.2264581,
            18.2152818
          ],
          [
            100.2266121,
            18.2155832
          ]
        ]
      }
    },
    {
      "type": "Feature",
      "id": 818965287,
      "properties": {
        "id": 818965287,
        "name": "สายน้ำ weir",
        "category": "สายน้ำ",
        "highway": null,
        "waterway": "weir",
        "ref": null
      },
      "geometry": {
        "type": "LineString",
        "coordinates": [
          [
            100.227491,
            18.2147607
          ],
          [
            100.2275828,
            18.2148439
          ],
          [
            100.227672,
            18.2149492
          ]
        ]
      }
    },
    {
      "type": "Feature",
      "id": 818965289,
      "properties": {
        "id": 818965289,
        "name": "สายน้ำ canal",
        "category": "สายน้ำ",
        "highway": null,
        "waterway": "canal",
        "ref": null
      },
      "geometry": {
        "type": "LineString",
        "coordinates": [
          [
            100.2335849,
            18.2144982
          ],
          [
            100.2334723,
            18.2144677
          ],
          [
            100.2333784,
            18.214404
          ],
          [
            100.2332014,
            18.2141976
          ],
          [
            100.2331048,
            18.2141466
          ],
          [
            100.2329922,
            18.214139
          ],
          [
            100.2328715,
            18.2142027
          ],
          [
            100.2327561,
            18.2142001
          ],
          [
            100.2325437,
            18.2140966
          ]
        ]
      }
    },
    {
      "type": "Feature",
      "id": 818965290,
      "properties": {
        "id": 818965290,
        "name": "สายน้ำ stream",
        "category": "สายน้ำ",
        "highway": null,
        "waterway": "stream",
        "ref": null
      },
      "geometry": {
        "type": "LineString",
        "coordinates": [
          [
            100.2289554,
            18.2139301
          ],
          [
            100.2289514,
            18.2141235
          ],
          [
            100.2288634,
            18.2142946
          ],
          [
            100.2288388,
            18.2143435
          ],
          [
            100.2287682,
            18.2145161
          ],
          [
            100.2286978,
            18.2146281
          ],
          [
            100.2286094,
            18.2146358
          ],
          [
            100.2282904,
            18.2145359
          ],
          [
            100.2281805,
            18.2145545
          ],
          [
            100.2279052,
            18.2144935
          ],
          [
            100.2278128,
            18.2145161
          ],
          [
            100.2275828,
            18.2148439
          ],
          [
            100.2275392,
            18.2149059
          ],
          [
            100.2273676,
            18.2150486
          ],
          [
            100.2272576,
            18.2150893
          ],
          [
            100.2269626,
            18.2151199
          ],
          [
            100.2268606,
            18.2151632
          ],
          [
            100.2267051,
            18.2152498
          ],
          [
            100.2265441,
            18.2154256
          ],
          [
            100.2264342,
            18.2154732
          ],
          [
            100.2263188,
            18.2154384
          ],
          [
            100.2261606,
            18.2153849
          ],
          [
            100.2259487,
            18.2154537
          ],
          [
            100.2258494,
            18.2158231
          ],
          [
            100.2255893,
            18.21606
          ],
          [
            100.225592,
            18.216167
          ],
          [
            100.2256644,
            18.2163607
          ],
          [
            100.2256671,
            18.2165263
          ],
          [
            100.2256215,
            18.2166817
          ],
          [
            100.2255383,
            18.2167556
          ],
          [
            100.2253666,
            18.2167301
          ],
          [
            100.2250689,
            18.2166155
          ],
          [
            100.2248214,
            18.2165722
          ],
          [
            100.2246398,
            18.2164295
          ],
          [
            100.2244733,
            18.2163136
          ],
          [
            100.2242617,
            18.2163189
          ],
          [
            100.2240548,
            18.2164203
          ],
          [
            100.2237793,
            18.2167718
          ],
          [
            100.2236812,
            18.2169269
          ],
          [
            100.2236052,
            18.2170472
          ],
          [
            100.223422,
            18.2171581
          ],
          [
            100.2233774,
            18.2172347
          ],
          [
            100.2233659,
            18.2174303
          ],
          [
            100.2232804,
            18.2175309
          ],
          [
            100.2228528,
            18.2177494
          ]
        ]
      }
    },
    {
      "type": "Feature",
      "id": 818965291,
      "properties": {
        "id": 818965291,
        "name": "สายน้ำ weir",
        "category": "สายน้ำ",
        "highway": null,
        "waterway": "weir",
        "ref": null
      },
      "geometry": {
        "type": "LineString",
        "coordinates": [
          [
            100.2287496,
            18.2143122
          ],
          [
            100.2287692,
            18.2142618
          ],
          [
            100.2288634,
            18.2142946
          ],
          [
            100.2289707,
            18.2143339
          ],
          [
            100.2289496,
            18.2143823
          ],
          [
            100.2288388,
            18.2143435
          ],
          [
            100.2287496,
            18.2143122
          ]
        ]
      }
    },
    {
      "type": "Feature",
      "id": 834926336,
      "properties": {
        "id": 834926336,
        "name": "สายน้ำ canal",
        "category": "สายน้ำ",
        "highway": null,
        "waterway": "canal",
        "ref": null
      },
      "geometry": {
        "type": "LineString",
        "coordinates": [
          [
            100.1533735,
            18.2068648
          ],
          [
            100.1537543,
            18.2070789
          ],
          [
            100.1538134,
            18.2071655
          ],
          [
            100.1537812,
            18.2073846
          ],
          [
            100.1535666,
            18.207354
          ],
          [
            100.1534754,
            18.2073999
          ],
          [
            100.1533842,
            18.2075884
          ],
          [
            100.1534647,
            18.2077821
          ],
          [
            100.1536095,
            18.2079451
          ],
          [
            100.1535827,
            18.2082152
          ],
          [
            100.153631,
            18.2084191
          ],
          [
            100.1538616,
            18.2084802
          ],
          [
            100.1538992,
            18.2086789
          ],
          [
            100.1537275,
            18.2088267
          ],
          [
            100.1533896,
            18.2088267
          ],
          [
            100.153175,
            18.2087707
          ],
          [
            100.1530838,
            18.208842
          ],
          [
            100.1530999,
            18.2089439
          ],
          [
            100.1531696,
            18.2090305
          ],
          [
            100.1534861,
            18.2091834
          ],
          [
            100.1534593,
            18.2092853
          ],
          [
            100.1530623,
            18.2096318
          ],
          [
            100.1530248,
            18.2097287
          ],
          [
            100.1530623,
            18.2099376
          ],
          [
            100.1530087,
            18.2100242
          ],
          [
            100.1527029,
            18.210065
          ],
          [
            100.152542,
            18.210223
          ],
          [
            100.1521718,
            18.2102433
          ],
          [
            100.1521021,
            18.210544
          ],
          [
            100.1518124,
            18.2106816
          ],
          [
            100.151673,
            18.2108446
          ],
          [
            100.1516408,
            18.2109466
          ],
          [
            100.1516676,
            18.2110485
          ],
          [
            100.1517373,
            18.2111249
          ],
          [
            100.1519358,
            18.2112217
          ],
          [
            100.1520699,
            18.2114306
          ],
          [
            100.1519573,
            18.2116141
          ],
          [
            100.1521182,
            18.2118944
          ],
          [
            100.1522738,
            18.2120523
          ],
          [
            100.1522309,
            18.2122612
          ],
          [
            100.1521343,
            18.2123071
          ],
          [
            100.1519251,
            18.2122663
          ],
          [
            100.1518071,
            18.2120931
          ],
          [
            100.1517641,
            18.2117822
          ],
          [
            100.1515657,
            18.2117262
          ],
          [
            100.1514798,
            18.2117873
          ],
          [
            100.1515496,
            18.2120829
          ],
          [
            100.151571,
            18.2125007
          ],
          [
            100.1517105,
            18.2127861
          ],
          [
            100.1520002,
            18.2131988
          ],
          [
            100.1519412,
            18.2132855
          ],
          [
            100.1517427,
            18.2133568
          ],
          [
            100.1516998,
            18.2134485
          ],
          [
            100.1519412,
            18.2136575
          ],
          [
            100.1521182,
            18.2139275
          ],
          [
            100.1525205,
            18.2141263
          ],
          [
            100.1526332,
            18.2144218
          ],
          [
            100.1524562,
            18.2146562
          ],
          [
            100.1524723,
            18.2147581
          ],
          [
            100.1525634,
            18.2148142
          ],
          [
            100.1526707,
            18.2147989
          ],
          [
            100.1527566,
            18.2147275
          ],
          [
            100.1528692,
            18.2147275
          ],
          [
            100.152939,
            18.2148091
          ],
          [
            100.1529014,
            18.2149059
          ],
          [
            100.1527941,
            18.2149314
          ],
          [
            100.152518,
            18.2150889
          ],
          [
            100.1525015,
            18.2152349
          ],
          [
            100.15258,
            18.2153034
          ],
          [
            100.1527999,
            18.2153635
          ],
          [
            100.1528108,
            18.215557
          ],
          [
            100.1527732,
            18.2158129
          ],
          [
            100.1528789,
            18.2160672
          ],
          [
            100.1529737,
            18.216324
          ],
          [
            100.1529282,
            18.2164753
          ],
          [
            100.152841,
            18.2166297
          ],
          [
            100.152759,
            18.2167404
          ],
          [
            100.1526946,
            18.2168872
          ],
          [
            100.1527512,
            18.2169762
          ],
          [
            100.1528438,
            18.2170257
          ],
          [
            100.1530296,
            18.2169484
          ],
          [
            100.1531817,
            18.2170109
          ],
          [
            100.1533534,
            18.2173328
          ],
          [
            100.1532774,
            18.2174541
          ],
          [
            100.1533359,
            18.2175699
          ],
          [
            100.1534368,
            18.2176266
          ],
          [
            100.1536335,
            18.2176402
          ],
          [
            100.15369,
            18.2176983
          ],
          [
            100.1535153,
            18.21806
          ],
          [
            100.1535241,
            18.218211
          ],
          [
            100.1536294,
            18.2182449
          ],
          [
            100.1537299,
            18.2182009
          ],
          [
            100.1538158,
            18.2180407
          ],
          [
            100.1539321,
            18.2180539
          ],
          [
            100.1540893,
            18.2181295
          ],
          [
            100.1541805,
            18.2180569
          ],
          [
            100.1541889,
            18.2179581
          ],
          [
            100.1540869,
            18.2177798
          ],
          [
            100.1540869,
            18.2176677
          ],
          [
            100.1543444,
            18.2174486
          ],
          [
            100.154559,
            18.2175148
          ],
          [
            100.1546287,
            18.2176116
          ],
          [
            100.1546784,
            18.2181287
          ],
          [
            100.1549043,
            18.218338
          ],
          [
            100.1549023,
            18.2184973
          ],
          [
            100.1549242,
            18.2186762
          ],
          [
            100.1550008,
            18.2187697
          ],
          [
            100.15531,
            18.2188142
          ],
          [
            100.1553851,
            18.2188855
          ],
          [
            100.1553154,
            18.2189696
          ],
          [
            100.1551679,
            18.2190282
          ],
          [
            100.1551687,
            18.2191241
          ],
          [
            100.1552816,
            18.2192639
          ],
          [
            100.1554714,
            18.2193619
          ],
          [
            100.155656,
            18.2194117
          ],
          [
            100.1557738,
            18.2195471
          ],
          [
            100.155876,
            18.2197059
          ],
          [
            100.1558916,
            18.2198547
          ],
          [
            100.1559488,
            18.2199225
          ],
          [
            100.1561077,
            18.2199636
          ],
          [
            100.1562382,
            18.2200981
          ],
          [
            100.156347,
            18.2202535
          ],
          [
            100.156448,
            18.2202832
          ],
          [
            100.1566909,
            18.2202232
          ],
          [
            100.1568905,
            18.2202318
          ],
          [
            100.1570277,
            18.2200547
          ],
          [
            100.1571562,
            18.220009
          ],
          [
            100.1571791,
            18.220037
          ],
          [
            100.1573493,
            18.2201283
          ],
          [
            100.1574951,
            18.2202168
          ],
          [
            100.1575988,
            18.2203156
          ],
          [
            100.1576813,
            18.2202849
          ],
          [
            100.1578119,
            18.2202631
          ],
          [
            100.1580698,
            18.2204902
          ],
          [
            100.158121,
            18.2206078
          ],
          [
            100.1581263,
            18.2208829
          ],
          [
            100.1581907,
            18.2209696
          ],
          [
            100.1584107,
            18.2210307
          ],
          [
            100.158636,
            18.2210052
          ],
          [
            100.1587486,
            18.2210358
          ],
          [
            100.1587325,
            18.2211377
          ],
          [
            100.1585791,
            18.2211683
          ],
          [
            100.1585476,
            18.2212319
          ],
          [
            100.1585976,
            18.2213076
          ],
          [
            100.1587175,
            18.2214071
          ],
          [
            100.1587596,
            18.2215424
          ],
          [
            100.1587082,
            18.2217594
          ],
          [
            100.1587517,
            18.2219313
          ],
          [
            100.1588146,
            18.22204
          ],
          [
            100.1595157,
            18.2226663
          ],
          [
            100.1597303,
            18.2227275
          ],
          [
            100.1597625,
            18.2228294
          ],
          [
            100.159682,
            18.2228956
          ],
          [
            100.1596495,
            18.2229741
          ],
          [
            100.159734,
            18.2231962
          ],
          [
            100.1598278,
            18.2234183
          ],
          [
            100.159843,
            18.2236243
          ],
          [
            100.1598894,
            18.2236692
          ],
          [
            100.160308,
            18.2237583
          ],
          [
            100.1603687,
            18.2238179
          ],
          [
            100.1603955,
            18.2239198
          ],
          [
            100.1603298,
            18.2239902
          ],
          [
            100.1601697,
            18.2241124
          ],
          [
            100.1601112,
            18.2242051
          ],
          [
            100.1601756,
            18.2244242
          ],
          [
            100.1603365,
            18.2246892
          ],
          [
            100.1604116,
            18.2247758
          ],
          [
            100.1605242,
            18.224786
          ],
          [
            100.1606617,
            18.2246579
          ],
          [
            100.1607665,
            18.2246381
          ],
          [
            100.1608849,
            18.2246987
          ],
          [
            100.1609373,
            18.2248064
          ],
          [
            100.1608662,
            18.2248743
          ],
          [
            100.1607774,
            18.2249651
          ],
          [
            100.160771,
            18.2250611
          ],
          [
            100.160804,
            18.225155
          ],
          [
            100.1609342,
            18.22526
          ],
          [
            100.161144,
            18.2253581
          ],
          [
            100.1612762,
            18.2253802
          ],
          [
            100.1614019,
            18.2253155
          ],
          [
            100.1615167,
            18.2252038
          ],
          [
            100.1616212,
            18.2251522
          ],
          [
            100.1617518,
            18.2251463
          ],
          [
            100.1618385,
            18.2252344
          ],
          [
            100.1617035,
            18.2253563
          ],
          [
            100.1616501,
            18.2254586
          ],
          [
            100.161612,
            18.2255736
          ],
          [
            100.1616508,
            18.2256624
          ],
          [
            100.161713,
            18.2257956
          ],
          [
            100.1618148,
            18.2258599
          ],
          [
            100.16192,
            18.2258303
          ],
          [
            100.1620052,
            18.2257651
          ],
          [
            100.162129,
            18.2257862
          ],
          [
            100.1622448,
            18.2258342
          ],
          [
            100.1624125,
            18.2258489
          ],
          [
            100.1627264,
            18.2260787
          ],
          [
            100.1630539,
            18.2262537
          ],
          [
            100.1630808,
            18.2263425
          ],
          [
            100.1630296,
            18.2264444
          ],
          [
            100.1628838,
            18.2264853
          ],
          [
            100.162727,
            18.2264896
          ],
          [
            100.1625728,
            18.2265401
          ],
          [
            100.1625487,
            18.2266348
          ],
          [
            100.1625894,
            18.2266852
          ],
          [
            100.1627062,
            18.2267325
          ],
          [
            100.1627891,
            18.2267967
          ],
          [
            100.1628294,
            18.2269317
          ],
          [
            100.1629097,
            18.2269725
          ],
          [
            100.1630321,
            18.2269769
          ],
          [
            100.1631468,
            18.2269522
          ],
          [
            100.1632753,
            18.2269756
          ],
          [
            100.1633458,
            18.2270341
          ],
          [
            100.1634296,
            18.2271561
          ],
          [
            100.1634416,
            18.2272666
          ],
          [
            100.1633834,
            18.2274552
          ],
          [
            100.1633389,
            18.2275739
          ],
          [
            100.1633098,
            18.2277154
          ],
          [
            100.1632653,
            18.227821
          ],
          [
            100.1631917,
            18.2279153
          ],
          [
            100.1631626,
            18.227995
          ],
          [
            100.1631917,
            18.2281202
          ],
          [
            100.1632379,
            18.2281608
          ],
          [
            100.163315,
            18.2281641
          ],
          [
            100.1634673,
            18.2280925
          ],
          [
            100.1635666,
            18.2280909
          ],
          [
            100.1636505,
            18.2281348
          ],
          [
            100.163736,
            18.2282226
          ],
          [
            100.1638062,
            18.2283006
          ],
          [
            100.1639123,
            18.228325
          ],
          [
            100.1640527,
            18.2283006
          ],
          [
            100.1642187,
            18.228247
          ],
          [
            100.1643112,
            18.2282307
          ],
          [
            100.1643796,
            18.2282454
          ]
        ]
      }
    },
    {
      "type": "Feature",
      "id": 834926359,
      "properties": {
        "id": 834926359,
        "name": "สายน้ำ ditch",
        "category": "สายน้ำ",
        "highway": null,
        "waterway": "ditch",
        "ref": null
      },
      "geometry": {
        "type": "LineString",
        "coordinates": [
          [
            100.1823735,
            18.2108039
          ],
          [
            100.1820409,
            18.2107937
          ],
          [
            100.181644,
            18.2110128
          ],
          [
            100.1814455,
            18.211502
          ],
          [
            100.1812363,
            18.211558
          ],
          [
            100.1809251,
            18.2114408
          ],
          [
            100.1801366,
            18.2108548
          ],
          [
            100.1798308,
            18.2102994
          ],
          [
            100.1796216,
            18.2102484
          ],
          [
            100.1794124,
            18.2103402
          ],
          [
            100.1791763,
            18.2107071
          ],
          [
            100.1788974,
            18.2108956
          ],
          [
            100.1780927,
            18.2110536
          ],
          [
            100.1777977,
            18.211344
          ],
          [
            100.1776206,
            18.2118383
          ],
          [
            100.1775724,
            18.21193
          ],
          [
            100.177508,
            18.2120217
          ],
          [
            100.1774275,
            18.2120931
          ],
          [
            100.1773256,
            18.2121339
          ],
          [
            100.1772129,
            18.2121288
          ],
          [
            100.1764029,
            18.2119402
          ],
          [
            100.1762581,
            18.2118944
          ],
          [
            100.1761562,
            18.2118587
          ],
          [
            100.176065,
            18.2117924
          ],
          [
            100.1758718,
            18.211395
          ],
          [
            100.1758289,
            18.2111911
          ],
          [
            100.1758289,
            18.2110892
          ],
          [
            100.1758987,
            18.2108905
          ],
          [
            100.1761883,
            18.2105949
          ],
          [
            100.1762044,
            18.210386
          ],
          [
            100.1761615,
            18.2102841
          ],
          [
            100.1761079,
            18.2101924
          ],
          [
            100.176006,
            18.2101516
          ],
          [
            100.1758933,
            18.210121
          ],
          [
            100.1752871,
            18.210065
          ],
          [
            100.1752013,
            18.2099987
          ],
          [
            100.1751316,
            18.2098
          ],
          [
            100.1752013,
            18.2094943
          ],
          [
            100.175153,
            18.2092497
          ],
          [
            100.1745522,
            18.2085617
          ],
          [
            100.1743591,
            18.2085006
          ],
          [
            100.1742411,
            18.2085057
          ],
          [
            100.1740158,
            18.2085617
          ],
          [
            100.1739138,
            18.2086076
          ],
          [
            100.1737153,
            18.2087197
          ],
          [
            100.1736242,
            18.2087859
          ],
          [
            100.1735651,
            18.2088777
          ],
          [
            100.1735383,
            18.2089796
          ],
          [
            100.1735383,
            18.2090102
          ],
          [
            100.1735973,
            18.2091376
          ],
          [
            100.1740748,
            18.2093261
          ],
          [
            100.1741016,
            18.2094484
          ],
          [
            100.1739353,
            18.2102331
          ],
          [
            100.1737046,
            18.2108803
          ],
          [
            100.1736778,
            18.2113033
          ],
          [
            100.1736349,
            18.2114001
          ],
          [
            100.1735759,
            18.2114867
          ],
          [
            100.1734793,
            18.2115326
          ],
          [
            100.1728678,
            18.2115173
          ],
          [
            100.1727498,
            18.2115427
          ],
          [
            100.1726532,
            18.2115886
          ],
          [
            100.1723689,
            18.2117822
          ],
          [
            100.1722616,
            18.2118128
          ],
          [
            100.1721597,
            18.2117772
          ],
          [
            100.1720738,
            18.2117109
          ],
          [
            100.1720363,
            18.2116141
          ],
          [
            100.172047,
            18.211395
          ],
          [
            100.1721811,
            18.2112319
          ],
          [
            100.1727444,
            18.2109211
          ],
          [
            100.1727766,
            18.2107172
          ],
          [
            100.1727551,
            18.2106153
          ],
          [
            100.1726907,
            18.2105287
          ],
          [
            100.1725137,
            18.2104013
          ],
          [
            100.1716232,
            18.2099733
          ],
          [
            100.1711004,
            18.2099286
          ],
          [
            100.1706791,
            18.2100905
          ]
        ]
      }
    },
    {
      "type": "Feature",
      "id": 849390099,
      "properties": {
        "id": 849390099,
        "name": "สายน้ำ drain",
        "category": "สายน้ำ",
        "highway": null,
        "waterway": "drain",
        "ref": null
      },
      "geometry": {
        "type": "LineString",
        "coordinates": [
          [
            100.2387651,
            18.1941271
          ],
          [
            100.2388099,
            18.194077
          ],
          [
            100.2398224,
            18.1929666
          ],
          [
            100.2401186,
            18.1925296
          ],
          [
            100.2405224,
            18.1918106
          ]
        ]
      }
    },
    {
      "type": "Feature",
      "id": 849390100,
      "properties": {
        "id": 849390100,
        "name": "สายน้ำ drain",
        "category": "สายน้ำ",
        "highway": null,
        "waterway": "drain",
        "ref": null
      },
      "geometry": {
        "type": "LineString",
        "coordinates": [
          [
            100.2386692,
            18.1942192
          ],
          [
            100.2387651,
            18.1941271
          ]
        ]
      }
    },
    {
      "type": "Feature",
      "id": 849390101,
      "properties": {
        "id": 849390101,
        "name": "สายน้ำ drain",
        "category": "สายน้ำ",
        "highway": null,
        "waterway": "drain",
        "ref": null
      },
      "geometry": {
        "type": "LineString",
        "coordinates": [
          [
            100.2405817,
            18.191699
          ],
          [
            100.2410143,
            18.190922
          ],
          [
            100.2412697,
            18.1904308
          ],
          [
            100.2414686,
            18.1900671
          ],
          [
            100.241897,
            18.1893125
          ],
          [
            100.2421,
            18.1889492
          ],
          [
            100.2425382,
            18.1881381
          ],
          [
            100.2428748,
            18.1874989
          ]
        ]
      }
    },
    {
      "type": "Feature",
      "id": 849390102,
      "properties": {
        "id": 849390102,
        "name": "สายน้ำ drain",
        "category": "สายน้ำ",
        "highway": null,
        "waterway": "drain",
        "ref": null
      },
      "geometry": {
        "type": "LineString",
        "coordinates": [
          [
            100.2405224,
            18.1918106
          ],
          [
            100.2405817,
            18.191699
          ]
        ]
      }
    },
    {
      "type": "Feature",
      "id": 849390103,
      "properties": {
        "id": 849390103,
        "name": "สายน้ำ drain",
        "category": "สายน้ำ",
        "highway": null,
        "waterway": "drain",
        "ref": null
      },
      "geometry": {
        "type": "LineString",
        "coordinates": [
          [
            100.2429055,
            18.1874142
          ],
          [
            100.2429458,
            18.1873059
          ],
          [
            100.2429645,
            18.1872235
          ],
          [
            100.2429752,
            18.187125
          ],
          [
            100.2429821,
            18.1870244
          ],
          [
            100.2429855,
            18.1869331
          ],
          [
            100.2429545,
            18.1862269
          ]
        ]
      }
    },
    {
      "type": "Feature",
      "id": 849390104,
      "properties": {
        "id": 849390104,
        "name": "สายน้ำ drain",
        "category": "สายน้ำ",
        "highway": null,
        "waterway": "drain",
        "ref": null
      },
      "geometry": {
        "type": "LineString",
        "coordinates": [
          [
            100.2428748,
            18.1874989
          ],
          [
            100.2429055,
            18.1874142
          ]
        ]
      }
    },
    {
      "type": "Feature",
      "id": 849390105,
      "properties": {
        "id": 849390105,
        "name": "สายน้ำ drain",
        "category": "สายน้ำ",
        "highway": null,
        "waterway": "drain",
        "ref": null
      },
      "geometry": {
        "type": "LineString",
        "coordinates": [
          [
            100.235453,
            18.2007727
          ],
          [
            100.2355442,
            18.2005669
          ],
          [
            100.235719,
            18.2002394
          ],
          [
            100.2358489,
            18.1999732
          ],
          [
            100.236573,
            18.1982292
          ],
          [
            100.2368844,
            18.1974019
          ],
          [
            100.2370478,
            18.196989
          ],
          [
            100.2375892,
            18.1956911
          ],
          [
            100.2376628,
            18.1955094
          ],
          [
            100.2377703,
            18.1952738
          ],
          [
            100.2378754,
            18.1950832
          ],
          [
            100.2386692,
            18.1942192
          ]
        ]
      }
    },
    {
      "type": "Feature",
      "id": 849390106,
      "properties": {
        "id": 849390106,
        "name": "สายน้ำ ditch",
        "category": "สายน้ำ",
        "highway": null,
        "waterway": "ditch",
        "ref": null
      },
      "geometry": {
        "type": "LineString",
        "coordinates": [
          [
            100.235406,
            18.2009241
          ],
          [
            100.235453,
            18.2007727
          ]
        ]
      }
    },
    {
      "type": "Feature",
      "id": 849390108,
      "properties": {
        "id": 849390108,
        "name": "สายน้ำ ditch",
        "category": "สายน้ำ",
        "highway": null,
        "waterway": "ditch",
        "ref": null
      },
      "geometry": {
        "type": "LineString",
        "coordinates": [
          [
            100.2241196,
            18.1943458
          ],
          [
            100.2242938,
            18.1937964
          ],
          [
            100.2245647,
            18.1934495
          ],
          [
            100.2246071,
            18.1933726
          ]
        ]
      }
    },
    {
      "type": "Feature",
      "id": 849390109,
      "properties": {
        "id": 849390109,
        "name": "สายน้ำ ditch",
        "category": "สายน้ำ",
        "highway": null,
        "waterway": "ditch",
        "ref": null
      },
      "geometry": {
        "type": "LineString",
        "coordinates": [
          [
            100.2240967,
            18.194424
          ],
          [
            100.2241196,
            18.1943458
          ]
        ]
      }
    },
    {
      "type": "Feature",
      "id": 849390110,
      "properties": {
        "id": 849390110,
        "name": "สายน้ำ drain",
        "category": "สายน้ำ",
        "highway": null,
        "waterway": "drain",
        "ref": null
      },
      "geometry": {
        "type": "LineString",
        "coordinates": [
          [
            100.2246773,
            18.1932456
          ],
          [
            100.2247497,
            18.1931666
          ],
          [
            100.2249026,
            18.1931004
          ],
          [
            100.2249294,
            18.1930494
          ],
          [
            100.2249589,
            18.1929628
          ],
          [
            100.2250206,
            18.1928685
          ],
          [
            100.2250099,
            18.1927539
          ],
          [
            100.2249992,
            18.1926724
          ],
          [
            100.2249027,
            18.1925194
          ]
        ]
      }
    },
    {
      "type": "Feature",
      "id": 849390111,
      "properties": {
        "id": 849390111,
        "name": "สายน้ำ ditch",
        "category": "สายน้ำ",
        "highway": null,
        "waterway": "ditch",
        "ref": null
      },
      "geometry": {
        "type": "LineString",
        "coordinates": [
          [
            100.2246071,
            18.1933726
          ],
          [
            100.2246773,
            18.1932456
          ]
        ]
      }
    },
    {
      "type": "Feature",
      "id": 849390112,
      "properties": {
        "id": 849390112,
        "name": "สายน้ำ ditch",
        "category": "สายน้ำ",
        "highway": null,
        "waterway": "ditch",
        "ref": null
      },
      "geometry": {
        "type": "LineString",
        "coordinates": [
          [
            100.2246987,
            18.1906166
          ],
          [
            100.224739,
            18.1904452
          ],
          [
            100.224849,
            18.190114
          ],
          [
            100.2249187,
            18.1898286
          ],
          [
            100.2249979,
            18.189756
          ],
          [
            100.2250743,
            18.1896859
          ],
          [
            100.2250984,
            18.18964
          ],
          [
            100.2250984,
            18.1895228
          ],
          [
            100.2252111,
            18.189217
          ]
        ]
      }
    },
    {
      "type": "Feature",
      "id": 849390113,
      "properties": {
        "id": 849390113,
        "name": "สายน้ำ ditch",
        "category": "สายน้ำ",
        "highway": null,
        "waterway": "ditch",
        "ref": null
      },
      "geometry": {
        "type": "LineString",
        "coordinates": [
          [
            100.2246827,
            18.1906848
          ],
          [
            100.2246921,
            18.1906448
          ],
          [
            100.2246987,
            18.1906166
          ]
        ]
      }
    },
    {
      "type": "Feature",
      "id": 849390118,
      "properties": {
        "id": 849390118,
        "name": "สายน้ำ ditch",
        "category": "สายน้ำ",
        "highway": null,
        "waterway": "ditch",
        "ref": null
      },
      "geometry": {
        "type": "LineString",
        "coordinates": [
          [
            100.2216601,
            18.1862682
          ],
          [
            100.2213416,
            18.1861636
          ],
          [
            100.2204019,
            18.1858406
          ],
          [
            100.2202516,
            18.1858024
          ]
        ]
      }
    },
    {
      "type": "Feature",
      "id": 849390119,
      "properties": {
        "id": 849390119,
        "name": "สายน้ำ ditch",
        "category": "สายน้ำ",
        "highway": null,
        "waterway": "ditch",
        "ref": null
      },
      "geometry": {
        "type": "LineString",
        "coordinates": [
          [
            100.2218235,
            18.1863273
          ],
          [
            100.2217377,
            18.1862935
          ],
          [
            100.2216601,
            18.1862682
          ]
        ]
      }
    },
    {
      "type": "Feature",
      "id": 849390123,
      "properties": {
        "id": 849390123,
        "name": "สายน้ำ ditch",
        "category": "สายน้ำ",
        "highway": null,
        "waterway": "ditch",
        "ref": null
      },
      "geometry": {
        "type": "LineString",
        "coordinates": [
          [
            100.2309951,
            18.1816279
          ],
          [
            100.2308403,
            18.1816569
          ]
        ]
      }
    },
    {
      "type": "Feature",
      "id": 849390124,
      "properties": {
        "id": 849390124,
        "name": "สายน้ำ drain",
        "category": "สายน้ำ",
        "highway": null,
        "waterway": "drain",
        "ref": null
      },
      "geometry": {
        "type": "LineString",
        "coordinates": [
          [
            100.2349226,
            18.1801898
          ],
          [
            100.2337399,
            18.1809571
          ],
          [
            100.2335575,
            18.1810641
          ],
          [
            100.2333804,
            18.1811406
          ],
          [
            100.233123,
            18.1812068
          ],
          [
            100.2309951,
            18.1816279
          ]
        ]
      }
    },
    {
      "type": "Feature",
      "id": 1084617158,
      "properties": {
        "id": 1084617158,
        "name": "สายน้ำ canal",
        "category": "สายน้ำ",
        "highway": null,
        "waterway": "canal",
        "ref": null
      },
      "geometry": {
        "type": "LineString",
        "coordinates": [
          [
            100.1687052,
            18.1336531
          ],
          [
            100.1670319,
            18.133795
          ]
        ]
      }
    },
    {
      "type": "Feature",
      "id": 1084617159,
      "properties": {
        "id": 1084617159,
        "name": "สายน้ำ canal",
        "category": "สายน้ำ",
        "highway": null,
        "waterway": "canal",
        "ref": null
      },
      "geometry": {
        "type": "LineString",
        "coordinates": [
          [
            100.1690443,
            18.1336203
          ],
          [
            100.1687052,
            18.1336531
          ]
        ]
      }
    },
    {
      "type": "Feature",
      "id": 1084617160,
      "properties": {
        "id": 1084617160,
        "name": "สายน้ำ canal",
        "category": "สายน้ำ",
        "highway": null,
        "waterway": "canal",
        "ref": null
      },
      "geometry": {
        "type": "LineString",
        "coordinates": [
          [
            100.1796665,
            18.1326996
          ],
          [
            100.1795307,
            18.1327115
          ]
        ]
      }
    },
    {
      "type": "Feature",
      "id": 1084617161,
      "properties": {
        "id": 1084617161,
        "name": "สายน้ำ canal",
        "category": "สายน้ำ",
        "highway": null,
        "waterway": "canal",
        "ref": null
      },
      "geometry": {
        "type": "LineString",
        "coordinates": [
          [
            100.1795307,
            18.1327115
          ],
          [
            100.1794327,
            18.1327201
          ]
        ]
      }
    },
    {
      "type": "Feature",
      "id": 1084617162,
      "properties": {
        "id": 1084617162,
        "name": "สายน้ำ canal",
        "category": "สายน้ำ",
        "highway": null,
        "waterway": "canal",
        "ref": null
      },
      "geometry": {
        "type": "LineString",
        "coordinates": [
          [
            100.1679865,
            18.1389094
          ],
          [
            100.1663719,
            18.1391249
          ]
        ]
      }
    },
    {
      "type": "Feature",
      "id": 1084617163,
      "properties": {
        "id": 1084617163,
        "name": "สายน้ำ canal",
        "category": "สายน้ำ",
        "highway": null,
        "waterway": "canal",
        "ref": null
      },
      "geometry": {
        "type": "LineString",
        "coordinates": [
          [
            100.1697664,
            18.1386622
          ],
          [
            100.1694354,
            18.1387089
          ]
        ]
      }
    },
    {
      "type": "Feature",
      "id": 1084617164,
      "properties": {
        "id": 1084617164,
        "name": "สายน้ำ canal",
        "category": "สายน้ำ",
        "highway": null,
        "waterway": "canal",
        "ref": null
      },
      "geometry": {
        "type": "LineString",
        "coordinates": [
          [
            100.1800386,
            18.1368056
          ],
          [
            100.1799208,
            18.1368133
          ]
        ]
      }
    },
    {
      "type": "Feature",
      "id": 1084617165,
      "properties": {
        "id": 1084617165,
        "name": "สายน้ำ canal",
        "category": "สายน้ำ",
        "highway": null,
        "waterway": "canal",
        "ref": null
      },
      "geometry": {
        "type": "LineString",
        "coordinates": [
          [
            100.1799208,
            18.1368133
          ],
          [
            100.1797927,
            18.1368321
          ]
        ]
      }
    },
    {
      "type": "Feature",
      "id": 1162525562,
      "properties": {
        "id": 1162525562,
        "name": "สายน้ำ weir",
        "category": "สายน้ำ",
        "highway": null,
        "waterway": "weir",
        "ref": null
      },
      "geometry": {
        "type": "LineString",
        "coordinates": [
          [
            100.2012244,
            18.2201594
          ],
          [
            100.2015237,
            18.2202771
          ],
          [
            100.2015703,
            18.2201159
          ],
          [
            100.2016108,
            18.2198634
          ],
          [
            100.2013048,
            18.2197721
          ],
          [
            100.2012244,
            18.2201594
          ]
        ]
      }
    },
    {
      "type": "Feature",
      "id": 1162525564,
      "properties": {
        "id": 1162525564,
        "name": "สายน้ำ canal",
        "category": "สายน้ำ",
        "highway": null,
        "waterway": "canal",
        "ref": null
      },
      "geometry": {
        "type": "LineString",
        "coordinates": [
          [
            100.2322927,
            18.2139744
          ],
          [
            100.2319005,
            18.2137772
          ],
          [
            100.2316511,
            18.2136218
          ],
          [
            100.2314097,
            18.2133059
          ],
          [
            100.2313061,
            18.2132567
          ],
          [
            100.2312541,
            18.213232
          ],
          [
            100.2311978,
            18.2132294
          ],
          [
            100.2310878,
            18.2132523
          ],
          [
            100.2309081,
            18.2133823
          ],
          [
            100.2306855,
            18.2133594
          ],
          [
            100.2303835,
            18.2133575
          ],
          [
            100.2303325,
            18.2133829
          ],
          [
            100.230185,
            18.213625
          ],
          [
            100.2301367,
            18.2136581
          ],
          [
            100.2300777,
            18.2136632
          ],
          [
            100.229957,
            18.2136581
          ],
          [
            100.2297048,
            18.21341
          ],
          [
            100.2295734,
            18.2133769
          ],
          [
            100.2294741,
            18.2133896
          ],
          [
            100.2293051,
            18.2135247
          ],
          [
            100.2292693,
            18.2138154
          ],
          [
            100.2291861,
            18.2138817
          ],
          [
            100.2289554,
            18.2139301
          ],
          [
            100.2287221,
            18.2139352
          ],
          [
            100.2284405,
            18.2139989
          ],
          [
            100.2281062,
            18.2140074
          ]
        ]
      }
    },
    {
      "type": "Feature",
      "id": 1162525580,
      "properties": {
        "id": 1162525580,
        "name": "สายน้ำ canal",
        "category": "สายน้ำ",
        "highway": null,
        "waterway": "canal",
        "ref": null
      },
      "geometry": {
        "type": "LineString",
        "coordinates": [
          [
            100.2325437,
            18.2140966
          ],
          [
            100.2322927,
            18.2139744
          ]
        ]
      }
    },
    {
      "type": "Feature",
      "id": 1198403774,
      "properties": {
        "id": 1198403774,
        "name": "สายน้ำ canal",
        "category": "สายน้ำ",
        "highway": null,
        "waterway": "canal",
        "ref": null
      },
      "geometry": {
        "type": "LineString",
        "coordinates": [
          [
            100.1727492,
            18.1381191
          ],
          [
            100.1723114,
            18.1382329
          ],
          [
            100.1719125,
            18.1383266
          ],
          [
            100.1714774,
            18.1384094
          ],
          [
            100.1705473,
            18.1385579
          ],
          [
            100.1697664,
            18.1386622
          ]
        ]
      }
    },
    {
      "type": "Feature",
      "id": 1198403775,
      "properties": {
        "id": 1198403775,
        "name": "สายน้ำ canal",
        "category": "สายน้ำ",
        "highway": null,
        "waterway": "canal",
        "ref": null
      },
      "geometry": {
        "type": "LineString",
        "coordinates": [
          [
            100.1728595,
            18.1380872
          ],
          [
            100.1727492,
            18.1381191
          ]
        ]
      }
    },
    {
      "type": "Feature",
      "id": 1198403778,
      "properties": {
        "id": 1198403778,
        "name": "สายน้ำ canal",
        "category": "สายน้ำ",
        "highway": null,
        "waterway": "canal",
        "ref": null
      },
      "geometry": {
        "type": "LineString",
        "coordinates": [
          [
            100.1740112,
            18.1377072
          ],
          [
            100.173816,
            18.13777
          ],
          [
            100.1728595,
            18.1380872
          ]
        ]
      }
    },
    {
      "type": "Feature",
      "id": 1198403779,
      "properties": {
        "id": 1198403779,
        "name": "สายน้ำ canal",
        "category": "สายน้ำ",
        "highway": null,
        "waterway": "canal",
        "ref": null
      },
      "geometry": {
        "type": "LineString",
        "coordinates": [
          [
            100.17411,
            18.1376754
          ],
          [
            100.1740112,
            18.1377072
          ]
        ]
      }
    },
    {
      "type": "Feature",
      "id": 1198403783,
      "properties": {
        "id": 1198403783,
        "name": "สายน้ำ canal",
        "category": "สายน้ำ",
        "highway": null,
        "waterway": "canal",
        "ref": null
      },
      "geometry": {
        "type": "LineString",
        "coordinates": [
          [
            100.1762823,
            18.1371268
          ],
          [
            100.1755326,
            18.1372683
          ],
          [
            100.1748311,
            18.1374581
          ],
          [
            100.17411,
            18.1376754
          ]
        ]
      }
    },
    {
      "type": "Feature",
      "id": 1198403784,
      "properties": {
        "id": 1198403784,
        "name": "สายน้ำ canal",
        "category": "สายน้ำ",
        "highway": null,
        "waterway": "canal",
        "ref": null
      },
      "geometry": {
        "type": "LineString",
        "coordinates": [
          [
            100.1763839,
            18.1371099
          ],
          [
            100.1762823,
            18.1371268
          ]
        ]
      }
    },
    {
      "type": "Feature",
      "id": 1198403785,
      "properties": {
        "id": 1198403785,
        "name": "สายน้ำ canal",
        "category": "สายน้ำ",
        "highway": null,
        "waterway": "canal",
        "ref": null
      },
      "geometry": {
        "type": "LineString",
        "coordinates": [
          [
            100.1776527,
            18.1369958
          ],
          [
            100.176681,
            18.1370788
          ],
          [
            100.1763839,
            18.1371099
          ]
        ]
      }
    },
    {
      "type": "Feature",
      "id": 1198403786,
      "properties": {
        "id": 1198403786,
        "name": "สายน้ำ canal",
        "category": "สายน้ำ",
        "highway": null,
        "waterway": "canal",
        "ref": null
      },
      "geometry": {
        "type": "LineString",
        "coordinates": [
          [
            100.1777678,
            18.13698
          ],
          [
            100.1776527,
            18.1369958
          ]
        ]
      }
    },
    {
      "type": "Feature",
      "id": 1198602637,
      "properties": {
        "id": 1198602637,
        "name": "สายน้ำ river",
        "category": "สายน้ำ",
        "highway": null,
        "waterway": "river",
        "ref": null
      },
      "geometry": {
        "type": "LineString",
        "coordinates": [
          [
            100.1725777,
            18.1484009
          ],
          [
            100.1724654,
            18.1484416
          ],
          [
            100.1722508,
            18.1486251
          ],
          [
            100.1720416,
            18.1486659
          ],
          [
            100.1717197,
            18.1487678
          ],
          [
            100.1714086,
            18.1490074
          ],
          [
            100.170958,
            18.1491043
          ],
          [
            100.1708614,
            18.1491145
          ],
          [
            100.1705503,
            18.1492827
          ],
          [
            100.1701158,
            18.1494407
          ],
          [
            100.1698798,
            18.1495019
          ],
          [
            100.16878,
            18.1497873
          ],
          [
            100.1682382,
            18.1498893
          ],
          [
            100.1680237,
            18.1500116
          ],
          [
            100.1678413,
            18.1500677
          ],
          [
            100.1674658,
            18.1500269
          ],
          [
            100.1673263,
            18.1500677
          ],
          [
            100.167042,
            18.1501238
          ],
          [
            100.1668059,
            18.1501441
          ],
          [
            100.1664948,
            18.1502818
          ],
          [
            100.1663017,
            18.1504755
          ],
          [
            100.1661528,
            18.1504684
          ],
          [
            100.165776,
            18.1503073
          ],
          [
            100.165674,
            18.1503379
          ],
          [
            100.165379,
            18.1505825
          ],
          [
            100.1652409,
            18.1506009
          ],
          [
            100.165092,
            18.150539
          ],
          [
            100.1649445,
            18.150483
          ],
          [
            100.1647989,
            18.1504404
          ],
          [
            100.1646567,
            18.1504939
          ],
          [
            100.164451,
            18.1506614
          ],
          [
            100.164249,
            18.1506647
          ],
          [
            100.1639218,
            18.1508074
          ],
          [
            100.1636777,
            18.1508711
          ],
          [
            100.163362,
            18.1509494
          ],
          [
            100.1630834,
            18.1509957
          ],
          [
            100.162957,
            18.1510105
          ]
        ]
      }
    },
    {
      "type": "Feature",
      "id": 1198602638,
      "properties": {
        "id": 1198602638,
        "name": "สายน้ำ river",
        "category": "สายน้ำ",
        "highway": null,
        "waterway": "river",
        "ref": null
      },
      "geometry": {
        "type": "LineString",
        "coordinates": [
          [
            100.1728082,
            18.1483112
          ],
          [
            100.1725777,
            18.1484009
          ]
        ]
      }
    },
    {
      "type": "Feature",
      "id": 1198602639,
      "properties": {
        "id": 1198602639,
        "name": "สายน้ำ canal",
        "category": "สายน้ำ",
        "highway": null,
        "waterway": "canal",
        "ref": null
      },
      "geometry": {
        "type": "LineString",
        "coordinates": [
          [
            100.1806875,
            18.1438168
          ],
          [
            100.1806352,
            18.1439051
          ]
        ]
      }
    },
    {
      "type": "Feature",
      "id": 1198921707,
      "properties": {
        "id": 1198921707,
        "name": "สายน้ำ river",
        "category": "สายน้ำ",
        "highway": null,
        "waterway": "river",
        "ref": null
      },
      "geometry": {
        "type": "LineString",
        "coordinates": [
          [
            100.1692348,
            18.1746035
          ],
          [
            100.1697951,
            18.1740149
          ],
          [
            100.1699387,
            18.1739668
          ],
          [
            100.1700541,
            18.1740096
          ],
          [
            100.1701302,
            18.1740203
          ],
          [
            100.1702118,
            18.1739561
          ],
          [
            100.1702428,
            18.1738919
          ],
          [
            100.1702259,
            18.1737688
          ],
          [
            100.1702709,
            18.1736859
          ],
          [
            100.1703582,
            18.1736511
          ],
          [
            100.1704765,
            18.1735896
          ],
          [
            100.1705778,
            18.1735923
          ],
          [
            100.1707693,
            18.1736458
          ],
          [
            100.170851,
            18.173726
          ],
          [
            100.1709636,
            18.1737608
          ],
          [
            100.171141,
            18.1737822
          ],
          [
            100.1712282,
            18.1737742
          ],
          [
            100.1713746,
            18.173726
          ],
          [
            100.1714647,
            18.1736645
          ],
          [
            100.171552,
            18.173595
          ],
          [
            100.1716787,
            18.1735629
          ],
          [
            100.1717745,
            18.173611
          ],
          [
            100.171918,
            18.173611
          ],
          [
            100.1719772,
            18.1735762
          ],
          [
            100.1720419,
            18.1735629
          ],
          [
            100.1721264,
            18.1735843
          ],
          [
            100.1722221,
            18.1736271
          ],
          [
            100.1722869,
            18.1736271
          ],
          [
            100.172346,
            18.1735655
          ],
          [
            100.1723488,
            18.1734853
          ],
          [
            100.1723488,
            18.1733649
          ],
          [
            100.1725009,
            18.1732472
          ],
          [
            100.1728331,
            18.1731027
          ],
          [
            100.1729457,
            18.1730171
          ],
          [
            100.1730077,
            18.1729449
          ],
          [
            100.1730781,
            18.1728165
          ],
          [
            100.173216,
            18.1726613
          ],
          [
            100.1733512,
            18.1725971
          ],
          [
            100.1734525,
            18.1725463
          ],
          [
            100.1735961,
            18.1725089
          ],
          [
            100.1737763,
            18.1725463
          ],
          [
            100.1738833,
            18.1726078
          ],
          [
            100.17401,
            18.172672
          ],
          [
            100.1741142,
            18.1726346
          ],
          [
            100.1746194,
            18.1724604
          ],
          [
            100.1747059,
            18.1721429
          ],
          [
            100.1747277,
            18.1720444
          ],
          [
            100.1747268,
            18.171953
          ],
          [
            100.174639,
            18.1718304
          ],
          [
            100.1745209,
            18.1717187
          ],
          [
            100.1744881,
            18.1716492
          ],
          [
            100.1744976,
            18.1715486
          ],
          [
            100.1745259,
            18.1714677
          ],
          [
            100.1745884,
            18.1713869
          ],
          [
            100.174647,
            18.1713347
          ],
          [
            100.1746735,
            18.1712862
          ],
          [
            100.1746943,
            18.1712179
          ],
          [
            100.1746262,
            18.1709268
          ],
          [
            100.1746167,
            18.170677
          ],
          [
            100.1746422,
            18.1705701
          ],
          [
            100.1747076,
            18.1704928
          ],
          [
            100.1747182,
            18.1704396
          ],
          [
            100.1747116,
            18.1703864
          ],
          [
            100.1745662,
            18.1701316
          ],
          [
            100.1744062,
            18.16992
          ],
          [
            100.1741488,
            18.1697211
          ],
          [
            100.1740941,
            18.1696641
          ],
          [
            100.1740168,
            18.1694856
          ],
          [
            100.1739261,
            18.1693898
          ],
          [
            100.1738626,
            18.1693777
          ],
          [
            100.1737686,
            18.1693681
          ],
          [
            100.1735558,
            18.1691893
          ],
          [
            100.1733721,
            18.1691893
          ],
          [
            100.1732735,
            18.1691787
          ],
          [
            100.1732444,
            18.1691244
          ],
          [
            100.173259,
            18.1690148
          ],
          [
            100.1732472,
            18.1688561
          ],
          [
            100.1731952,
            18.1686154
          ],
          [
            100.1731485,
            18.1685393
          ],
          [
            100.1730165,
            18.1684646
          ],
          [
            100.1729191,
            18.1684126
          ],
          [
            100.1728951,
            18.1683556
          ],
          [
            100.1728991,
            18.168277
          ],
          [
            100.1729378,
            18.1681706
          ],
          [
            100.1729951,
            18.1681123
          ],
          [
            100.1730818,
            18.1681009
          ],
          [
            100.1733232,
            18.1682758
          ],
          [
            100.1733678,
            18.1682721
          ],
          [
            100.1734132,
            18.1681679
          ],
          [
            100.1734586,
            18.1681229
          ],
          [
            100.1735324,
            18.1681175
          ],
          [
            100.1736137,
            18.1681535
          ],
          [
            100.1736932,
            18.1681804
          ],
          [
            100.1737518,
            18.1681894
          ],
          [
            100.1738256,
            18.1681858
          ],
          [
            100.1738482,
            18.1681409
          ],
          [
            100.1738634,
            18.168078
          ],
          [
            100.1738388,
            18.1679756
          ],
          [
            100.173835,
            18.1679181
          ],
          [
            100.1738653,
            18.1678767
          ],
          [
            100.1739258,
            18.16783
          ],
          [
            100.1740147,
            18.1677833
          ],
          [
            100.1741055,
            18.167733
          ]
        ]
      }
    },
    {
      "type": "Feature",
      "id": 1201519493,
      "properties": {
        "id": 1201519493,
        "name": "สายน้ำ drain",
        "category": "สายน้ำ",
        "highway": null,
        "waterway": "drain",
        "ref": null
      },
      "geometry": {
        "type": "LineString",
        "coordinates": [
          [
            100.1585578,
            18.1386114
          ],
          [
            100.155981,
            18.138165
          ]
        ]
      }
    },
    {
      "type": "Feature",
      "id": 1201519494,
      "properties": {
        "id": 1201519494,
        "name": "สายน้ำ drain",
        "category": "สายน้ำ",
        "highway": null,
        "waterway": "drain",
        "ref": null
      },
      "geometry": {
        "type": "LineString",
        "coordinates": [
          [
            100.1643403,
            18.1393813
          ],
          [
            100.164203,
            18.1393977
          ],
          [
            100.1639835,
            18.1394275
          ],
          [
            100.1638182,
            18.1394356
          ],
          [
            100.1636243,
            18.1394356
          ],
          [
            100.1634304,
            18.1394248
          ],
          [
            100.1631026,
            18.1393814
          ],
          [
            100.1627747,
            18.1393218
          ],
          [
            100.1624412,
            18.1392703
          ]
        ]
      }
    },
    {
      "type": "Feature",
      "id": 1201519495,
      "properties": {
        "id": 1201519495,
        "name": "สายน้ำ drain",
        "category": "สายน้ำ",
        "highway": null,
        "waterway": "drain",
        "ref": null
      },
      "geometry": {
        "type": "LineString",
        "coordinates": [
          [
            100.1609958,
            18.139013
          ],
          [
            100.1608759,
            18.1389927
          ]
        ]
      }
    },
    {
      "type": "Feature",
      "id": 1201519496,
      "properties": {
        "id": 1201519496,
        "name": "สายน้ำ drain",
        "category": "สายน้ำ",
        "highway": null,
        "waterway": "drain",
        "ref": null
      },
      "geometry": {
        "type": "LineString",
        "coordinates": [
          [
            100.1623437,
            18.1392537
          ],
          [
            100.1609958,
            18.139013
          ]
        ]
      }
    },
    {
      "type": "Feature",
      "id": 1201519497,
      "properties": {
        "id": 1201519497,
        "name": "สายน้ำ drain",
        "category": "สายน้ำ",
        "highway": null,
        "waterway": "drain",
        "ref": null
      },
      "geometry": {
        "type": "LineString",
        "coordinates": [
          [
            100.1624412,
            18.1392703
          ],
          [
            100.1623437,
            18.1392537
          ]
        ]
      }
    },
    {
      "type": "Feature",
      "id": 1201519499,
      "properties": {
        "id": 1201519499,
        "name": "สายน้ำ drain",
        "category": "สายน้ำ",
        "highway": null,
        "waterway": "drain",
        "ref": null
      },
      "geometry": {
        "type": "LineString",
        "coordinates": [
          [
            100.1608759,
            18.1389927
          ],
          [
            100.1586609,
            18.138631
          ]
        ]
      }
    },
    {
      "type": "Feature",
      "id": 1201519500,
      "properties": {
        "id": 1201519500,
        "name": "สายน้ำ drain",
        "category": "สายน้ำ",
        "highway": null,
        "waterway": "drain",
        "ref": null
      },
      "geometry": {
        "type": "LineString",
        "coordinates": [
          [
            100.1586609,
            18.138631
          ],
          [
            100.1585578,
            18.1386114
          ]
        ]
      }
    },
    {
      "type": "Feature",
      "id": 1202220008,
      "properties": {
        "id": 1202220008,
        "name": "สายน้ำ drain",
        "category": "สายน้ำ",
        "highway": null,
        "waterway": "drain",
        "ref": null
      },
      "geometry": {
        "type": "LineString",
        "coordinates": [
          [
            100.2244433,
            18.1379168
          ],
          [
            100.2242151,
            18.1372164
          ],
          [
            100.2241777,
            18.1370991
          ],
          [
            100.2241665,
            18.1369569
          ],
          [
            100.2236503,
            18.1334515
          ],
          [
            100.2236203,
            18.1333697
          ],
          [
            100.2235829,
            18.1333271
          ],
          [
            100.2235044,
            18.1332808
          ],
          [
            100.2234071,
            18.1332666
          ],
          [
            100.2228908,
            18.1333306
          ],
          [
            100.2224606,
            18.1334053
          ],
          [
            100.2222474,
            18.1334444
          ],
          [
            100.2206762,
            18.1339066
          ],
          [
            100.2197494,
            18.1341807
          ],
          [
            100.2196187,
            18.1342059
          ],
          [
            100.2195478,
            18.1342123
          ],
          [
            100.2194371,
            18.1342144
          ],
          [
            100.2193108,
            18.1342059
          ],
          [
            100.219045,
            18.1341596
          ]
        ]
      }
    },
    {
      "type": "Feature",
      "id": 1202220009,
      "properties": {
        "id": 1202220009,
        "name": "สายน้ำ drain",
        "category": "สายน้ำ",
        "highway": null,
        "waterway": "drain",
        "ref": null
      },
      "geometry": {
        "type": "LineString",
        "coordinates": [
          [
            100.2332996,
            18.1638414
          ],
          [
            100.2332461,
            18.1634931
          ],
          [
            100.2332065,
            18.1634054
          ],
          [
            100.2331722,
            18.1633427
          ],
          [
            100.2331247,
            18.1632826
          ],
          [
            100.2330456,
            18.1632224
          ],
          [
            100.2329454,
            18.1631623
          ],
          [
            100.2327475,
            18.1630845
          ],
          [
            100.2318427,
            18.1627437
          ],
          [
            100.2311173,
            18.1624679
          ],
          [
            100.2309985,
            18.1623953
          ],
          [
            100.230922,
            18.1623476
          ],
          [
            100.230777,
            18.1622373
          ],
          [
            100.2303971,
            18.1618864
          ],
          [
            100.2285822,
            18.1600617
          ],
          [
            100.2285162,
            18.1599664
          ],
          [
            100.2284793,
            18.1598987
          ],
          [
            100.2284556,
            18.159826
          ],
          [
            100.2284503,
            18.1597634
          ],
          [
            100.2284529,
            18.1596907
          ],
          [
            100.2284687,
            18.1596205
          ],
          [
            100.2285083,
            18.1595353
          ],
          [
            100.2285716,
            18.1594601
          ],
          [
            100.228656,
            18.1593774
          ],
          [
            100.2294527,
            18.1589237
          ]
        ]
      }
    },
    {
      "type": "Feature",
      "id": 1202220010,
      "properties": {
        "id": 1202220010,
        "name": "สายน้ำ drain",
        "category": "สายน้ำ",
        "highway": null,
        "waterway": "drain",
        "ref": null
      },
      "geometry": {
        "type": "LineString",
        "coordinates": [
          [
            100.2280837,
            18.1539773
          ],
          [
            100.228052,
            18.153832
          ]
        ]
      }
    },
    {
      "type": "Feature",
      "id": 1202220011,
      "properties": {
        "id": 1202220011,
        "name": "สายน้ำ drain",
        "category": "สายน้ำ",
        "highway": null,
        "waterway": "drain",
        "ref": null
      },
      "geometry": {
        "type": "LineString",
        "coordinates": [
          [
            100.228052,
            18.153832
          ],
          [
            100.2276379,
            18.1509944
          ]
        ]
      }
    },
    {
      "type": "Feature",
      "id": 1202220012,
      "properties": {
        "id": 1202220012,
        "name": "สายน้ำ drain",
        "category": "สายน้ำ",
        "highway": null,
        "waterway": "drain",
        "ref": null
      },
      "geometry": {
        "type": "LineString",
        "coordinates": [
          [
            100.2276379,
            18.1509944
          ],
          [
            100.2276168,
            18.1509042
          ]
        ]
      }
    },
    {
      "type": "Feature",
      "id": 1202220019,
      "properties": {
        "id": 1202220019,
        "name": "สายน้ำ drain",
        "category": "สายน้ำ",
        "highway": null,
        "waterway": "drain",
        "ref": null
      },
      "geometry": {
        "type": "LineString",
        "coordinates": [
          [
            100.2276168,
            18.1509042
          ],
          [
            100.2275086,
            18.1502198
          ],
          [
            100.2274664,
            18.1501196
          ],
          [
            100.2274163,
            18.1500218
          ],
          [
            100.2272395,
            18.1497436
          ],
          [
            100.2272,
            18.1496709
          ],
          [
            100.2271657,
            18.1495856
          ],
          [
            100.2266433,
            18.1473973
          ],
          [
            100.2266117,
            18.1472594
          ],
          [
            100.2265642,
            18.1471291
          ],
          [
            100.226522,
            18.1470288
          ],
          [
            100.2264165,
            18.1468784
          ],
          [
            100.2251766,
            18.1447752
          ]
        ]
      }
    },
    {
      "type": "Feature",
      "id": 1202220020,
      "properties": {
        "id": 1202220020,
        "name": "สายน้ำ drain",
        "category": "สายน้ำ",
        "highway": null,
        "waterway": "drain",
        "ref": null
      },
      "geometry": {
        "type": "LineString",
        "coordinates": [
          [
            100.2251766,
            18.1447752
          ],
          [
            100.2250869,
            18.1446348
          ]
        ]
      }
    },
    {
      "type": "Feature",
      "id": 1202220025,
      "properties": {
        "id": 1202220025,
        "name": "สายน้ำ drain",
        "category": "สายน้ำ",
        "highway": null,
        "waterway": "drain",
        "ref": null
      },
      "geometry": {
        "type": "LineString",
        "coordinates": [
          [
            100.2250869,
            18.1446348
          ],
          [
            100.2250236,
            18.144532
          ],
          [
            100.2249788,
            18.1444393
          ],
          [
            100.2249392,
            18.1443491
          ],
          [
            100.2249023,
            18.1442613
          ],
          [
            100.2248786,
            18.1441886
          ],
          [
            100.2248601,
            18.1441109
          ],
          [
            100.224839,
            18.1440056
          ],
          [
            100.2248284,
            18.1439254
          ],
          [
            100.2248025,
            18.1398507
          ],
          [
            100.2247875,
            18.1388375
          ],
          [
            100.2247688,
            18.1387309
          ],
          [
            100.2247314,
            18.13861
          ],
          [
            100.224492,
            18.1380234
          ]
        ]
      }
    },
    {
      "type": "Feature",
      "id": 1202220026,
      "properties": {
        "id": 1202220026,
        "name": "สายน้ำ drain",
        "category": "สายน้ำ",
        "highway": null,
        "waterway": "drain",
        "ref": null
      },
      "geometry": {
        "type": "LineString",
        "coordinates": [
          [
            100.224492,
            18.1380234
          ],
          [
            100.2244433,
            18.1379168
          ]
        ]
      }
    },
    {
      "type": "Feature",
      "id": 1202230672,
      "properties": {
        "id": 1202230672,
        "name": "สายน้ำ drain",
        "category": "สายน้ำ",
        "highway": null,
        "waterway": "drain",
        "ref": null
      },
      "geometry": {
        "type": "LineString",
        "coordinates": [
          [
            100.2286482,
            18.1558699
          ],
          [
            100.2284372,
            18.1555941
          ],
          [
            100.2284002,
            18.155529
          ],
          [
            100.2283343,
            18.1553836
          ],
          [
            100.2282947,
            18.1552582
          ],
          [
            100.2282551,
            18.1550978
          ],
          [
            100.2280837,
            18.1539773
          ]
        ]
      }
    },
    {
      "type": "Feature",
      "id": 1202230673,
      "properties": {
        "id": 1202230673,
        "name": "สายน้ำ drain",
        "category": "สายน้ำ",
        "highway": null,
        "waterway": "drain",
        "ref": null
      },
      "geometry": {
        "type": "LineString",
        "coordinates": [
          [
            100.2287035,
            18.1559509
          ],
          [
            100.2286482,
            18.1558699
          ]
        ]
      }
    },
    {
      "type": "Feature",
      "id": 1202230674,
      "properties": {
        "id": 1202230674,
        "name": "สายน้ำ drain",
        "category": "สายน้ำ",
        "highway": null,
        "waterway": "drain",
        "ref": null
      },
      "geometry": {
        "type": "LineString",
        "coordinates": [
          [
            100.2296755,
            18.1587987
          ],
          [
            100.2300884,
            18.1585703
          ],
          [
            100.2301676,
            18.158485
          ],
          [
            100.2302177,
            18.1584048
          ],
          [
            100.2302546,
            18.158297
          ],
          [
            100.2302784,
            18.1582143
          ],
          [
            100.2302889,
            18.1581266
          ],
          [
            100.2302784,
            18.1580514
          ],
          [
            100.2302546,
            18.1579837
          ],
          [
            100.2301992,
            18.157901
          ],
          [
            100.2287035,
            18.1559509
          ]
        ]
      }
    },
    {
      "type": "Feature",
      "id": 1202230675,
      "properties": {
        "id": 1202230675,
        "name": "สายน้ำ drain",
        "category": "สายน้ำ",
        "highway": null,
        "waterway": "drain",
        "ref": null
      },
      "geometry": {
        "type": "LineString",
        "coordinates": [
          [
            100.2294527,
            18.1589237
          ],
          [
            100.2296755,
            18.1587987
          ]
        ]
      }
    },
    {
      "type": "Feature",
      "id": 1202230676,
      "properties": {
        "id": 1202230676,
        "name": "สายน้ำ drain",
        "category": "สายน้ำ",
        "highway": null,
        "waterway": "drain",
        "ref": null
      },
      "geometry": {
        "type": "LineString",
        "coordinates": [
          [
            100.2351955,
            18.1679196
          ],
          [
            100.2351692,
            18.167714
          ],
          [
            100.2351401,
            18.1676062
          ],
          [
            100.2351085,
            18.1675336
          ],
          [
            100.2350636,
            18.1674483
          ],
          [
            100.2350241,
            18.1674007
          ],
          [
            100.2349555,
            18.1673205
          ],
          [
            100.2336629,
            18.1660522
          ],
          [
            100.233618,
            18.165972
          ],
          [
            100.2335811,
            18.1659019
          ],
          [
            100.2335468,
            18.1658216
          ],
          [
            100.2335152,
            18.1657289
          ],
          [
            100.2335046,
            18.1656512
          ],
          [
            100.2334914,
            18.1655885
          ],
          [
            100.2333147,
            18.1639343
          ]
        ]
      }
    },
    {
      "type": "Feature",
      "id": 1202230677,
      "properties": {
        "id": 1202230677,
        "name": "สายน้ำ drain",
        "category": "สายน้ำ",
        "highway": null,
        "waterway": "drain",
        "ref": null
      },
      "geometry": {
        "type": "LineString",
        "coordinates": [
          [
            100.2333147,
            18.1639343
          ],
          [
            100.2332996,
            18.1638414
          ]
        ]
      }
    },
    {
      "type": "Feature",
      "id": 1202230684,
      "properties": {
        "id": 1202230684,
        "name": "สายน้ำ drain",
        "category": "สายน้ำ",
        "highway": null,
        "waterway": "drain",
        "ref": null
      },
      "geometry": {
        "type": "LineString",
        "coordinates": [
          [
            100.2189038,
            18.1341236
          ],
          [
            100.2153986,
            18.133201
          ]
        ]
      }
    },
    {
      "type": "Feature",
      "id": 1202230685,
      "properties": {
        "id": 1202230685,
        "name": "สายน้ำ drain",
        "category": "สายน้ำ",
        "highway": null,
        "waterway": "drain",
        "ref": null
      },
      "geometry": {
        "type": "LineString",
        "coordinates": [
          [
            100.219045,
            18.1341596
          ],
          [
            100.2189038,
            18.1341236
          ]
        ]
      }
    },
    {
      "type": "Feature",
      "id": 1202230691,
      "properties": {
        "id": 1202230691,
        "name": "สายน้ำ drain",
        "category": "สายน้ำ",
        "highway": null,
        "waterway": "drain",
        "ref": null
      },
      "geometry": {
        "type": "LineString",
        "coordinates": [
          [
            100.2394821,
            18.1836918
          ],
          [
            100.2389279,
            18.1832134
          ],
          [
            100.2387837,
            18.183063
          ],
          [
            100.2373201,
            18.1810979
          ],
          [
            100.2361161,
            18.1794065
          ],
          [
            100.235747,
            18.1789351
          ],
          [
            100.2343435,
            18.1772422
          ],
          [
            100.2342773,
            18.1771199
          ],
          [
            100.2342295,
            18.176966
          ],
          [
            100.2342,
            18.1768227
          ],
          [
            100.2342074,
            18.1767283
          ],
          [
            100.2342221,
            18.176571
          ],
          [
            100.2342736,
            18.1763788
          ],
          [
            100.2344102,
            18.1758268
          ]
        ]
      }
    },
    {
      "type": "Feature",
      "id": 1202230692,
      "properties": {
        "id": 1202230692,
        "name": "สายน้ำ drain",
        "category": "สายน้ำ",
        "highway": null,
        "waterway": "drain",
        "ref": null
      },
      "geometry": {
        "type": "LineString",
        "coordinates": [
          [
            100.2395763,
            18.1837712
          ],
          [
            100.2394821,
            18.1836918
          ]
        ]
      }
    },
    {
      "type": "Feature",
      "id": 1202230693,
      "properties": {
        "id": 1202230693,
        "name": "สายน้ำ drain",
        "category": "สายน้ำ",
        "highway": null,
        "waterway": "drain",
        "ref": null
      },
      "geometry": {
        "type": "LineString",
        "coordinates": [
          [
            100.2407744,
            18.1847961
          ],
          [
            100.2395763,
            18.1837712
          ]
        ]
      }
    },
    {
      "type": "Feature",
      "id": 1202230694,
      "properties": {
        "id": 1202230694,
        "name": "สายน้ำ drain",
        "category": "สายน้ำ",
        "highway": null,
        "waterway": "drain",
        "ref": null
      },
      "geometry": {
        "type": "LineString",
        "coordinates": [
          [
            100.2408541,
            18.1848643
          ],
          [
            100.2407744,
            18.1847961
          ]
        ]
      }
    },
    {
      "type": "Feature",
      "id": 1202237288,
      "properties": {
        "id": 1202237288,
        "name": "สายน้ำ drain",
        "category": "สายน้ำ",
        "highway": null,
        "waterway": "drain",
        "ref": null
      },
      "geometry": {
        "type": "LineString",
        "coordinates": [
          [
            100.2342709,
            18.1757988
          ],
          [
            100.2330194,
            18.1755238
          ],
          [
            100.2315295,
            18.1751987
          ],
          [
            100.2310015,
            18.1750854
          ],
          [
            100.2301959,
            18.1749089
          ],
          [
            100.2300884,
            18.1748922
          ],
          [
            100.2299984,
            18.1748978
          ],
          [
            100.2298948,
            18.1749071
          ],
          [
            100.2297912,
            18.1749312
          ],
          [
            100.229668,
            18.1749721
          ],
          [
            100.2295272,
            18.175026
          ],
          [
            100.2286043,
            18.1754235
          ]
        ]
      }
    },
    {
      "type": "Feature",
      "id": 1202237289,
      "properties": {
        "id": 1202237289,
        "name": "สายน้ำ drain",
        "category": "สายน้ำ",
        "highway": null,
        "waterway": "drain",
        "ref": null
      },
      "geometry": {
        "type": "LineString",
        "coordinates": [
          [
            100.2361161,
            18.1794065
          ],
          [
            100.235997,
            18.1794928
          ]
        ]
      }
    },
    {
      "type": "Feature",
      "id": 1202237291,
      "properties": {
        "id": 1202237291,
        "name": "สายน้ำ drain",
        "category": "สายน้ำ",
        "highway": null,
        "waterway": "drain",
        "ref": null
      },
      "geometry": {
        "type": "LineString",
        "coordinates": [
          [
            100.2351088,
            18.1730229
          ],
          [
            100.2352876,
            18.172275
          ],
          [
            100.2353737,
            18.1719147
          ],
          [
            100.2353995,
            18.1717504
          ],
          [
            100.2354068,
            18.1715442
          ],
          [
            100.2354039,
            18.1713332
          ],
          [
            100.23521,
            18.1680694
          ]
        ]
      }
    },
    {
      "type": "Feature",
      "id": 1202237292,
      "properties": {
        "id": 1202237292,
        "name": "สายน้ำ drain",
        "category": "สายน้ำ",
        "highway": null,
        "waterway": "drain",
        "ref": null
      },
      "geometry": {
        "type": "LineString",
        "coordinates": [
          [
            100.2344102,
            18.1758268
          ],
          [
            100.2342709,
            18.1757988
          ]
        ]
      }
    },
    {
      "type": "Feature",
      "id": 1202237294,
      "properties": {
        "id": 1202237294,
        "name": "สายน้ำ ditch",
        "category": "สายน้ำ",
        "highway": null,
        "waterway": "ditch",
        "ref": null
      },
      "geometry": {
        "type": "LineString",
        "coordinates": [
          [
            100.2232049,
            18.1848615
          ],
          [
            100.2226415,
            18.1853157
          ],
          [
            100.2219406,
            18.1858558
          ],
          [
            100.221886,
            18.1859285
          ],
          [
            100.2218357,
            18.1860093
          ],
          [
            100.2217939,
            18.1860793
          ],
          [
            100.2217672,
            18.1861468
          ],
          [
            100.2217457,
            18.186238
          ]
        ]
      }
    },
    {
      "type": "Feature",
      "id": 1202237295,
      "properties": {
        "id": 1202237295,
        "name": "สายน้ำ ditch",
        "category": "สายน้ำ",
        "highway": null,
        "waterway": "ditch",
        "ref": null
      },
      "geometry": {
        "type": "LineString",
        "coordinates": [
          [
            100.2232872,
            18.1847952
          ],
          [
            100.2232049,
            18.1848615
          ]
        ]
      }
    },
    {
      "type": "Feature",
      "id": 1202237299,
      "properties": {
        "id": 1202237299,
        "name": "สายน้ำ drain",
        "category": "สายน้ำ",
        "highway": null,
        "waterway": "drain",
        "ref": null
      },
      "geometry": {
        "type": "LineString",
        "coordinates": [
          [
            100.2285094,
            18.175463
          ],
          [
            100.227046,
            18.1760918
          ],
          [
            100.226888,
            18.1761462
          ],
          [
            100.226746,
            18.1761745
          ],
          [
            100.2266086,
            18.1761898
          ],
          [
            100.2265193,
            18.1761985
          ],
          [
            100.224646,
            18.1760744
          ],
          [
            100.2238078,
            18.1760396
          ],
          [
            100.2228299,
            18.1760701
          ],
          [
            100.2202398,
            18.1761985
          ],
          [
            100.2188817,
            18.1762616
          ],
          [
            100.2177481,
            18.1763225
          ],
          [
            100.217526,
            18.1763312
          ],
          [
            100.2173886,
            18.1763268
          ],
          [
            100.2172031,
            18.176316
          ],
          [
            100.2170519,
            18.1763007
          ],
          [
            100.2167817,
            18.1762333
          ],
          [
            100.2162595,
            18.1761049
          ],
          [
            100.2151992,
            18.1758351
          ]
        ]
      }
    },
    {
      "type": "Feature",
      "id": 1202237300,
      "properties": {
        "id": 1202237300,
        "name": "สายน้ำ drain",
        "category": "สายน้ำ",
        "highway": null,
        "waterway": "drain",
        "ref": null
      },
      "geometry": {
        "type": "LineString",
        "coordinates": [
          [
            100.2286043,
            18.1754235
          ],
          [
            100.2285094,
            18.175463
          ]
        ]
      }
    },
    {
      "type": "Feature",
      "id": 1202237302,
      "properties": {
        "id": 1202237302,
        "name": "สายน้ำ drain",
        "category": "สายน้ำ",
        "highway": null,
        "waterway": "drain",
        "ref": null
      },
      "geometry": {
        "type": "LineString",
        "coordinates": [
          [
            100.2352876,
            18.172275
          ],
          [
            100.2351373,
            18.1722416
          ]
        ]
      }
    },
    {
      "type": "Feature",
      "id": 1202237303,
      "properties": {
        "id": 1202237303,
        "name": "สายน้ำ drain",
        "category": "สายน้ำ",
        "highway": null,
        "waterway": "drain",
        "ref": null
      },
      "geometry": {
        "type": "LineString",
        "coordinates": [
          [
            100.2351373,
            18.1722416
          ],
          [
            100.2332524,
            18.1718207
          ],
          [
            100.2306953,
            18.1712626
          ],
          [
            100.2297748,
            18.1710596
          ],
          [
            100.2296523,
            18.1710238
          ],
          [
            100.2295392,
            18.170985
          ],
          [
            100.2294481,
            18.1709492
          ],
          [
            100.2293727,
            18.1708984
          ],
          [
            100.2292942,
            18.1708477
          ],
          [
            100.2292188,
            18.170785
          ],
          [
            100.2282104,
            18.1697344
          ]
        ]
      }
    },
    {
      "type": "Feature",
      "id": 1202237304,
      "properties": {
        "id": 1202237304,
        "name": "สายน้ำ drain",
        "category": "สายน้ำ",
        "highway": null,
        "waterway": "drain",
        "ref": null
      },
      "geometry": {
        "type": "LineString",
        "coordinates": [
          [
            100.2250784,
            18.1689285
          ],
          [
            100.224403,
            18.1691613
          ],
          [
            100.2243025,
            18.1691822
          ],
          [
            100.2241862,
            18.1691882
          ],
          [
            100.2240197,
            18.1691852
          ],
          [
            100.2239412,
            18.1691732
          ],
          [
            100.223382,
            18.1689792
          ]
        ]
      }
    },
    {
      "type": "Feature",
      "id": 1202237305,
      "properties": {
        "id": 1202237305,
        "name": "สายน้ำ drain",
        "category": "สายน้ำ",
        "highway": null,
        "waterway": "drain",
        "ref": null
      },
      "geometry": {
        "type": "LineString",
        "coordinates": [
          [
            100.2251852,
            18.1688927
          ],
          [
            100.2250784,
            18.1689285
          ]
        ]
      }
    },
    {
      "type": "Feature",
      "id": 1202237306,
      "properties": {
        "id": 1202237306,
        "name": "สายน้ำ drain",
        "category": "สายน้ำ",
        "highway": null,
        "waterway": "drain",
        "ref": null
      },
      "geometry": {
        "type": "LineString",
        "coordinates": [
          [
            100.2281444,
            18.1696657
          ],
          [
            100.2275444,
            18.1690359
          ],
          [
            100.2273151,
            18.1687972
          ],
          [
            100.2272366,
            18.1687016
          ],
          [
            100.2271737,
            18.168639
          ],
          [
            100.2270732,
            18.1685554
          ],
          [
            100.2269821,
            18.1684957
          ],
          [
            100.2268627,
            18.1684509
          ],
          [
            100.2267559,
            18.1684241
          ],
          [
            100.2266617,
            18.1684181
          ],
          [
            100.2265297,
            18.168427
          ],
          [
            100.2251852,
            18.1688927
          ]
        ]
      }
    },
    {
      "type": "Feature",
      "id": 1202237307,
      "properties": {
        "id": 1202237307,
        "name": "สายน้ำ drain",
        "category": "สายน้ำ",
        "highway": null,
        "waterway": "drain",
        "ref": null
      },
      "geometry": {
        "type": "LineString",
        "coordinates": [
          [
            100.2282104,
            18.1697344
          ],
          [
            100.2281444,
            18.1696657
          ]
        ]
      }
    },
    {
      "type": "Feature",
      "id": 1202237309,
      "properties": {
        "id": 1202237309,
        "name": "สายน้ำ drain",
        "category": "สายน้ำ",
        "highway": null,
        "waterway": "drain",
        "ref": null
      },
      "geometry": {
        "type": "LineString",
        "coordinates": [
          [
            100.2344102,
            18.1758268
          ],
          [
            100.235072,
            18.1731522
          ]
        ]
      }
    },
    {
      "type": "Feature",
      "id": 1202237310,
      "properties": {
        "id": 1202237310,
        "name": "สายน้ำ drain",
        "category": "สายน้ำ",
        "highway": null,
        "waterway": "drain",
        "ref": null
      },
      "geometry": {
        "type": "LineString",
        "coordinates": [
          [
            100.235072,
            18.1731522
          ],
          [
            100.2351088,
            18.1730229
          ]
        ]
      }
    },
    {
      "type": "Feature",
      "id": 1202237311,
      "properties": {
        "id": 1202237311,
        "name": "สายน้ำ drain",
        "category": "สายน้ำ",
        "highway": null,
        "waterway": "drain",
        "ref": null
      },
      "geometry": {
        "type": "LineString",
        "coordinates": [
          [
            100.23521,
            18.1680694
          ],
          [
            100.2351955,
            18.1679196
          ]
        ]
      }
    },
    {
      "type": "Feature",
      "id": 1202237320,
      "properties": {
        "id": 1202237320,
        "name": "สายน้ำ drain",
        "category": "สายน้ำ",
        "highway": null,
        "waterway": "drain",
        "ref": null
      },
      "geometry": {
        "type": "LineString",
        "coordinates": [
          [
            100.235997,
            18.1794928
          ],
          [
            100.2350089,
            18.1801338
          ]
        ]
      }
    },
    {
      "type": "Feature",
      "id": 1202237321,
      "properties": {
        "id": 1202237321,
        "name": "สายน้ำ drain",
        "category": "สายน้ำ",
        "highway": null,
        "waterway": "drain",
        "ref": null
      },
      "geometry": {
        "type": "LineString",
        "coordinates": [
          [
            100.2350089,
            18.1801338
          ],
          [
            100.2349226,
            18.1801898
          ]
        ]
      }
    },
    {
      "type": "Feature",
      "id": 1202242162,
      "properties": {
        "id": 1202242162,
        "name": "สายน้ำ ditch",
        "category": "สายน้ำ",
        "highway": null,
        "waterway": "ditch",
        "ref": null
      },
      "geometry": {
        "type": "LineString",
        "coordinates": [
          [
            100.2307069,
            18.1885265
          ],
          [
            100.2306023,
            18.1887227
          ],
          [
            100.2304575,
            18.1888017
          ],
          [
            100.2304307,
            18.1889087
          ],
          [
            100.2303824,
            18.1889469
          ],
          [
            100.2303556,
            18.1890463
          ],
          [
            100.2303636,
            18.1891278
          ],
          [
            100.2303234,
            18.189166
          ],
          [
            100.2302617,
            18.1891711
          ],
          [
            100.2302107,
            18.1891992
          ],
          [
            100.2301624,
            18.1892272
          ],
          [
            100.230063,
            18.1893037
          ],
          [
            100.229962,
            18.1893807
          ],
          [
            100.2298928,
            18.1893874
          ],
          [
            100.229781,
            18.1893596
          ],
          [
            100.2296944,
            18.1893588
          ],
          [
            100.2296325,
            18.1893984
          ],
          [
            100.2295589,
            18.1894744
          ],
          [
            100.2294586,
            18.1894864
          ],
          [
            100.2293745,
            18.1894802
          ],
          [
            100.2292838,
            18.1894422
          ],
          [
            100.228879,
            18.1891411
          ],
          [
            100.2287626,
            18.1890512
          ],
          [
            100.2285065,
            18.1888075
          ],
          [
            100.2281401,
            18.1885146
          ],
          [
            100.2279416,
            18.188349
          ]
        ]
      }
    },
    {
      "type": "Feature",
      "id": 1202242163,
      "properties": {
        "id": 1202242163,
        "name": "สายน้ำ ditch",
        "category": "สายน้ำ",
        "highway": null,
        "waterway": "ditch",
        "ref": null
      },
      "geometry": {
        "type": "LineString",
        "coordinates": [
          [
            100.2279416,
            18.188349
          ],
          [
            100.2278293,
            18.1882719
          ]
        ]
      }
    },
    {
      "type": "Feature",
      "id": 1202242164,
      "properties": {
        "id": 1202242164,
        "name": "สายน้ำ drain",
        "category": "สายน้ำ",
        "highway": null,
        "waterway": "drain",
        "ref": null
      },
      "geometry": {
        "type": "LineString",
        "coordinates": [
          [
            100.2278293,
            18.1882719
          ],
          [
            100.2273745,
            18.1879837
          ],
          [
            100.2272495,
            18.1879154
          ],
          [
            100.2269326,
            18.1877743
          ],
          [
            100.2266436,
            18.1876863
          ],
          [
            100.2263913,
            18.1876142
          ],
          [
            100.2262416,
            18.1876307
          ],
          [
            100.2259546,
            18.1875864
          ],
          [
            100.2258413,
            18.1875484
          ],
          [
            100.2254772,
            18.1874256
          ],
          [
            100.2251031,
            18.1873313
          ],
          [
            100.2250702,
            18.1873235
          ]
        ]
      }
    },
    {
      "type": "Feature",
      "id": 1202242165,
      "properties": {
        "id": 1202242165,
        "name": "สายน้ำ drain",
        "category": "สายน้ำ",
        "highway": null,
        "waterway": "drain",
        "ref": null
      },
      "geometry": {
        "type": "LineString",
        "coordinates": [
          [
            100.2250702,
            18.1873235
          ],
          [
            100.2249897,
            18.1873071
          ]
        ]
      }
    },
    {
      "type": "Feature",
      "id": 1202242170,
      "properties": {
        "id": 1202242170,
        "name": "สายน้ำ ditch",
        "category": "สายน้ำ",
        "highway": null,
        "waterway": "ditch",
        "ref": null
      },
      "geometry": {
        "type": "LineString",
        "coordinates": [
          [
            100.2217394,
            18.1864139
          ],
          [
            100.2219423,
            18.1873548
          ]
        ]
      }
    },
    {
      "type": "Feature",
      "id": 1202242171,
      "properties": {
        "id": 1202242171,
        "name": "สายน้ำ ditch",
        "category": "สายน้ำ",
        "highway": null,
        "waterway": "ditch",
        "ref": null
      },
      "geometry": {
        "type": "LineString",
        "coordinates": [
          [
            100.2217457,
            18.186238
          ],
          [
            100.2217377,
            18.1862935
          ],
          [
            100.2217394,
            18.1864139
          ]
        ]
      }
    },
    {
      "type": "Feature",
      "id": 1202242176,
      "properties": {
        "id": 1202242176,
        "name": "สายน้ำ ditch",
        "category": "สายน้ำ",
        "highway": null,
        "waterway": "ditch",
        "ref": null
      },
      "geometry": {
        "type": "LineString",
        "coordinates": [
          [
            100.2201507,
            18.1857767
          ],
          [
            100.2200317,
            18.1857464
          ],
          [
            100.2199191,
            18.1856877
          ],
          [
            100.2195516,
            18.1854482
          ]
        ]
      }
    },
    {
      "type": "Feature",
      "id": 1202242177,
      "properties": {
        "id": 1202242177,
        "name": "สายน้ำ ditch",
        "category": "สายน้ำ",
        "highway": null,
        "waterway": "ditch",
        "ref": null
      },
      "geometry": {
        "type": "LineString",
        "coordinates": [
          [
            100.2202516,
            18.1858024
          ],
          [
            100.2201507,
            18.1857767
          ]
        ]
      }
    },
    {
      "type": "Feature",
      "id": 1202242180,
      "properties": {
        "id": 1202242180,
        "name": "สายน้ำ drain",
        "category": "สายน้ำ",
        "highway": null,
        "waterway": "drain",
        "ref": null
      },
      "geometry": {
        "type": "LineString",
        "coordinates": [
          [
            100.2150686,
            18.1757981
          ],
          [
            100.2124831,
            18.1751279
          ],
          [
            100.2124099,
            18.1751105
          ],
          [
            100.2123137,
            18.1750888
          ],
          [
            100.2122221,
            18.1750757
          ],
          [
            100.2121167,
            18.175067
          ],
          [
            100.2120091,
            18.1750583
          ],
          [
            100.2119106,
            18.1750561
          ],
          [
            100.2118236,
            18.1750648
          ],
          [
            100.2116404,
            18.1750822
          ],
          [
            100.2113175,
            18.1751105
          ],
          [
            100.2108755,
            18.1751606
          ]
        ]
      }
    },
    {
      "type": "Feature",
      "id": 1202242181,
      "properties": {
        "id": 1202242181,
        "name": "สายน้ำ drain",
        "category": "สายน้ำ",
        "highway": null,
        "waterway": "drain",
        "ref": null
      },
      "geometry": {
        "type": "LineString",
        "coordinates": [
          [
            100.2151992,
            18.1758351
          ],
          [
            100.2150686,
            18.1757981
          ]
        ]
      }
    },
    {
      "type": "Feature",
      "id": 1202242183,
      "properties": {
        "id": 1202242183,
        "name": "สายน้ำ drain",
        "category": "สายน้ำ",
        "highway": null,
        "waterway": "drain",
        "ref": null
      },
      "geometry": {
        "type": "LineString",
        "coordinates": [
          [
            100.2231472,
            18.1867169
          ],
          [
            100.2223717,
            18.186523
          ],
          [
            100.2221524,
            18.1864563
          ],
          [
            100.2218235,
            18.1863273
          ]
        ]
      }
    },
    {
      "type": "Feature",
      "id": 1202242184,
      "properties": {
        "id": 1202242184,
        "name": "สายน้ำ drain",
        "category": "สายน้ำ",
        "highway": null,
        "waterway": "drain",
        "ref": null
      },
      "geometry": {
        "type": "LineString",
        "coordinates": [
          [
            100.223252,
            18.1867437
          ],
          [
            100.2231472,
            18.1867169
          ]
        ]
      }
    },
    {
      "type": "Feature",
      "id": 1202247029,
      "properties": {
        "id": 1202247029,
        "name": "สายน้ำ drain",
        "category": "สายน้ำ",
        "highway": null,
        "waterway": "drain",
        "ref": null
      },
      "geometry": {
        "type": "LineString",
        "coordinates": [
          [
            100.2429545,
            18.1862269
          ],
          [
            100.2429569,
            18.186091
          ]
        ]
      }
    },
    {
      "type": "Feature",
      "id": 1202719476,
      "properties": {
        "id": 1202719476,
        "name": "สายน้ำ drain",
        "category": "สายน้ำ",
        "highway": null,
        "waterway": "drain",
        "ref": null
      },
      "geometry": {
        "type": "LineString",
        "coordinates": [
          [
            100.1970224,
            18.1918384
          ],
          [
            100.1973,
            18.1917449
          ]
        ]
      }
    },
    {
      "type": "Feature",
      "id": 1202719478,
      "properties": {
        "id": 1202719478,
        "name": "สายน้ำ drain",
        "category": "สายน้ำ",
        "highway": null,
        "waterway": "drain",
        "ref": null
      },
      "geometry": {
        "type": "LineString",
        "coordinates": [
          [
            100.1939628,
            18.1774213
          ],
          [
            100.1942201,
            18.1772749
          ]
        ]
      }
    },
    {
      "type": "Feature",
      "id": 1202757494,
      "properties": {
        "id": 1202757494,
        "name": "สายน้ำ canal",
        "category": "สายน้ำ",
        "highway": null,
        "waterway": "canal",
        "ref": null
      },
      "geometry": {
        "type": "LineString",
        "coordinates": [
          [
            100.1694354,
            18.1387089
          ],
          [
            100.1692897,
            18.1387355
          ],
          [
            100.1680896,
            18.1388957
          ]
        ]
      }
    },
    {
      "type": "Feature",
      "id": 1202757495,
      "properties": {
        "id": 1202757495,
        "name": "สายน้ำ canal",
        "category": "สายน้ำ",
        "highway": null,
        "waterway": "canal",
        "ref": null
      },
      "geometry": {
        "type": "LineString",
        "coordinates": [
          [
            100.1680896,
            18.1388957
          ],
          [
            100.1679865,
            18.1389094
          ]
        ]
      }
    },
    {
      "type": "Feature",
      "id": 1202757498,
      "properties": {
        "id": 1202757498,
        "name": "สายน้ำ canal",
        "category": "สายน้ำ",
        "highway": null,
        "waterway": "canal",
        "ref": null
      },
      "geometry": {
        "type": "LineString",
        "coordinates": [
          [
            100.1737938,
            18.1332151
          ],
          [
            100.1690443,
            18.1336203
          ]
        ]
      }
    },
    {
      "type": "Feature",
      "id": 1202757499,
      "properties": {
        "id": 1202757499,
        "name": "สายน้ำ canal",
        "category": "สายน้ำ",
        "highway": null,
        "waterway": "canal",
        "ref": null
      },
      "geometry": {
        "type": "LineString",
        "coordinates": [
          [
            100.1738979,
            18.133206
          ],
          [
            100.1737938,
            18.1332151
          ]
        ]
      }
    },
    {
      "type": "Feature",
      "id": 1202757501,
      "properties": {
        "id": 1202757501,
        "name": "สายน้ำ canal",
        "category": "สายน้ำ",
        "highway": null,
        "waterway": "canal",
        "ref": null
      },
      "geometry": {
        "type": "LineString",
        "coordinates": [
          [
            100.1747006,
            18.1331355
          ],
          [
            100.1738979,
            18.133206
          ]
        ]
      }
    },
    {
      "type": "Feature",
      "id": 1202757502,
      "properties": {
        "id": 1202757502,
        "name": "สายน้ำ canal",
        "category": "สายน้ำ",
        "highway": null,
        "waterway": "canal",
        "ref": null
      },
      "geometry": {
        "type": "LineString",
        "coordinates": [
          [
            100.1748041,
            18.1331264
          ],
          [
            100.1747006,
            18.1331355
          ]
        ]
      }
    },
    {
      "type": "Feature",
      "id": 1202757503,
      "properties": {
        "id": 1202757503,
        "name": "สายน้ำ canal",
        "category": "สายน้ำ",
        "highway": null,
        "waterway": "canal",
        "ref": null
      },
      "geometry": {
        "type": "LineString",
        "coordinates": [
          [
            100.1768199,
            18.1329495
          ],
          [
            100.1748041,
            18.1331264
          ]
        ]
      }
    },
    {
      "type": "Feature",
      "id": 1202757504,
      "properties": {
        "id": 1202757504,
        "name": "สายน้ำ canal",
        "category": "สายน้ำ",
        "highway": null,
        "waterway": "canal",
        "ref": null
      },
      "geometry": {
        "type": "LineString",
        "coordinates": [
          [
            100.1769248,
            18.1329403
          ],
          [
            100.1768199,
            18.1329495
          ]
        ]
      }
    },
    {
      "type": "Feature",
      "id": 1202878293,
      "properties": {
        "id": 1202878293,
        "name": "สายน้ำ drain",
        "category": "สายน้ำ",
        "highway": null,
        "waterway": "drain",
        "ref": null
      },
      "geometry": {
        "type": "LineString",
        "coordinates": [
          [
            100.1550388,
            18.1832605
          ],
          [
            100.1488405,
            18.1830044
          ]
        ]
      }
    },
    {
      "type": "Feature",
      "id": 1202878294,
      "properties": {
        "id": 1202878294,
        "name": "สายน้ำ drain",
        "category": "สายน้ำ",
        "highway": null,
        "waterway": "drain",
        "ref": null
      },
      "geometry": {
        "type": "LineString",
        "coordinates": [
          [
            100.1551862,
            18.1832651
          ],
          [
            100.1550388,
            18.1832605
          ]
        ]
      }
    },
    {
      "type": "Feature",
      "id": 1202884375,
      "properties": {
        "id": 1202884375,
        "name": "สายน้ำ drain",
        "category": "สายน้ำ",
        "highway": null,
        "waterway": "drain",
        "ref": null
      },
      "geometry": {
        "type": "LineString",
        "coordinates": [
          [
            100.1818225,
            18.1776201
          ],
          [
            100.1796666,
            18.1778451
          ],
          [
            100.1792651,
            18.1778867
          ],
          [
            100.1783709,
            18.1779725
          ],
          [
            100.1773521,
            18.1780933
          ],
          [
            100.1760908,
            18.1782235
          ],
          [
            100.175581,
            18.1782905
          ],
          [
            100.1752128,
            18.1783723
          ],
          [
            100.174917,
            18.1784541
          ],
          [
            100.173193,
            18.1791194
          ],
          [
            100.1709855,
            18.1799859
          ]
        ]
      }
    },
    {
      "type": "Feature",
      "id": 1202884376,
      "properties": {
        "id": 1202884376,
        "name": "สายน้ำ drain",
        "category": "สายน้ำ",
        "highway": null,
        "waterway": "drain",
        "ref": null
      },
      "geometry": {
        "type": "LineString",
        "coordinates": [
          [
            100.1709855,
            18.1799859
          ],
          [
            100.170885,
            18.1800294
          ]
        ]
      }
    },
    {
      "type": "Feature",
      "id": 1203033686,
      "properties": {
        "id": 1203033686,
        "name": "สายน้ำ drain",
        "category": "สายน้ำ",
        "highway": null,
        "waterway": "drain",
        "ref": null
      },
      "geometry": {
        "type": "LineString",
        "coordinates": [
          [
            100.1719784,
            18.1514231
          ],
          [
            100.1710153,
            18.1513799
          ],
          [
            100.1705682,
            18.1514028
          ],
          [
            100.1700289,
            18.1514356
          ],
          [
            100.169778,
            18.1514737
          ],
          [
            100.169466,
            18.1515364
          ]
        ]
      }
    },
    {
      "type": "Feature",
      "id": 1203033687,
      "properties": {
        "id": 1203033687,
        "name": "สายน้ำ drain",
        "category": "สายน้ำ",
        "highway": null,
        "waterway": "drain",
        "ref": null
      },
      "geometry": {
        "type": "LineString",
        "coordinates": [
          [
            100.169466,
            18.1515364
          ],
          [
            100.1693291,
            18.151569
          ]
        ]
      }
    },
    {
      "type": "Feature",
      "id": 1203033688,
      "properties": {
        "id": 1203033688,
        "name": "สายน้ำ drain",
        "category": "สายน้ำ",
        "highway": null,
        "waterway": "drain",
        "ref": null
      },
      "geometry": {
        "type": "LineString",
        "coordinates": [
          [
            100.1693291,
            18.151569
          ],
          [
            100.1687838,
            18.1517022
          ]
        ]
      }
    },
    {
      "type": "Feature",
      "id": 1203033689,
      "properties": {
        "id": 1203033689,
        "name": "สายน้ำ drain",
        "category": "สายน้ำ",
        "highway": null,
        "waterway": "drain",
        "ref": null
      },
      "geometry": {
        "type": "LineString",
        "coordinates": [
          [
            100.1687838,
            18.1517022
          ],
          [
            100.168683,
            18.1517268
          ]
        ]
      }
    },
    {
      "type": "Feature",
      "id": 1203033690,
      "properties": {
        "id": 1203033690,
        "name": "สายน้ำ drain",
        "category": "สายน้ำ",
        "highway": null,
        "waterway": "drain",
        "ref": null
      },
      "geometry": {
        "type": "LineString",
        "coordinates": [
          [
            100.168683,
            18.1517268
          ],
          [
            100.1664967,
            18.1522689
          ]
        ]
      }
    },
    {
      "type": "Feature",
      "id": 1203033691,
      "properties": {
        "id": 1203033691,
        "name": "สายน้ำ drain",
        "category": "สายน้ำ",
        "highway": null,
        "waterway": "drain",
        "ref": null
      },
      "geometry": {
        "type": "LineString",
        "coordinates": [
          [
            100.1660498,
            18.1523796
          ],
          [
            100.1659418,
            18.1524042
          ]
        ]
      }
    },
    {
      "type": "Feature",
      "id": 1203033693,
      "properties": {
        "id": 1203033693,
        "name": "สายน้ำ drain",
        "category": "สายน้ำ",
        "highway": null,
        "waterway": "drain",
        "ref": null
      },
      "geometry": {
        "type": "LineString",
        "coordinates": [
          [
            100.166396,
            18.1522938
          ],
          [
            100.1660498,
            18.1523796
          ]
        ]
      }
    },
    {
      "type": "Feature",
      "id": 1203033694,
      "properties": {
        "id": 1203033694,
        "name": "สายน้ำ drain",
        "category": "สายน้ำ",
        "highway": null,
        "waterway": "drain",
        "ref": null
      },
      "geometry": {
        "type": "LineString",
        "coordinates": [
          [
            100.1664967,
            18.1522689
          ],
          [
            100.166396,
            18.1522938
          ]
        ]
      }
    },
    {
      "type": "Feature",
      "id": 1203033698,
      "properties": {
        "id": 1203033698,
        "name": "สายน้ำ drain",
        "category": "สายน้ำ",
        "highway": null,
        "waterway": "drain",
        "ref": null
      },
      "geometry": {
        "type": "LineString",
        "coordinates": [
          [
            100.1770261,
            18.1516613
          ],
          [
            100.1753845,
            18.1515844
          ]
        ]
      }
    },
    {
      "type": "Feature",
      "id": 1203033699,
      "properties": {
        "id": 1203033699,
        "name": "สายน้ำ drain",
        "category": "สายน้ำ",
        "highway": null,
        "waterway": "drain",
        "ref": null
      },
      "geometry": {
        "type": "LineString",
        "coordinates": [
          [
            100.1720825,
            18.1514278
          ],
          [
            100.1719784,
            18.1514231
          ]
        ]
      }
    },
    {
      "type": "Feature",
      "id": 1203033703,
      "properties": {
        "id": 1203033703,
        "name": "สายน้ำ drain",
        "category": "สายน้ำ",
        "highway": null,
        "waterway": "drain",
        "ref": null
      },
      "geometry": {
        "type": "LineString",
        "coordinates": [
          [
            100.1734931,
            18.1514974
          ],
          [
            100.1720825,
            18.1514278
          ]
        ]
      }
    },
    {
      "type": "Feature",
      "id": 1203033704,
      "properties": {
        "id": 1203033704,
        "name": "สายน้ำ drain",
        "category": "สายน้ำ",
        "highway": null,
        "waterway": "drain",
        "ref": null
      },
      "geometry": {
        "type": "LineString",
        "coordinates": [
          [
            100.1739212,
            18.15152
          ],
          [
            100.1734931,
            18.1514974
          ]
        ]
      }
    },
    {
      "type": "Feature",
      "id": 1203033705,
      "properties": {
        "id": 1203033705,
        "name": "สายน้ำ drain",
        "category": "สายน้ำ",
        "highway": null,
        "waterway": "drain",
        "ref": null
      },
      "geometry": {
        "type": "LineString",
        "coordinates": [
          [
            100.1741826,
            18.1515302
          ],
          [
            100.1739212,
            18.15152
          ]
        ]
      }
    },
    {
      "type": "Feature",
      "id": 1203033706,
      "properties": {
        "id": 1203033706,
        "name": "สายน้ำ drain",
        "category": "สายน้ำ",
        "highway": null,
        "waterway": "drain",
        "ref": null
      },
      "geometry": {
        "type": "LineString",
        "coordinates": [
          [
            100.1742546,
            18.1515302
          ],
          [
            100.1741826,
            18.1515302
          ]
        ]
      }
    },
    {
      "type": "Feature",
      "id": 1203033707,
      "properties": {
        "id": 1203033707,
        "name": "สายน้ำ drain",
        "category": "สายน้ำ",
        "highway": null,
        "waterway": "drain",
        "ref": null
      },
      "geometry": {
        "type": "LineString",
        "coordinates": [
          [
            100.1753083,
            18.1515808
          ],
          [
            100.1742546,
            18.1515302
          ]
        ]
      }
    },
    {
      "type": "Feature",
      "id": 1203033708,
      "properties": {
        "id": 1203033708,
        "name": "สายน้ำ drain",
        "category": "สายน้ำ",
        "highway": null,
        "waterway": "drain",
        "ref": null
      },
      "geometry": {
        "type": "LineString",
        "coordinates": [
          [
            100.1753845,
            18.1515844
          ],
          [
            100.1753083,
            18.1515808
          ]
        ]
      }
    },
    {
      "type": "Feature",
      "id": 1203033709,
      "properties": {
        "id": 1203033709,
        "name": "สายน้ำ drain",
        "category": "สายน้ำ",
        "highway": null,
        "waterway": "drain",
        "ref": null
      },
      "geometry": {
        "type": "LineString",
        "coordinates": [
          [
            100.1846089,
            18.1528807
          ],
          [
            100.181954,
            18.1522516
          ]
        ]
      }
    },
    {
      "type": "Feature",
      "id": 1203033710,
      "properties": {
        "id": 1203033710,
        "name": "สายน้ำ drain",
        "category": "สายน้ำ",
        "highway": null,
        "waterway": "drain",
        "ref": null
      },
      "geometry": {
        "type": "LineString",
        "coordinates": [
          [
            100.1771224,
            18.1516666
          ],
          [
            100.1770261,
            18.1516613
          ]
        ]
      }
    },
    {
      "type": "Feature",
      "id": 1203033711,
      "properties": {
        "id": 1203033711,
        "name": "สายน้ำ drain",
        "category": "สายน้ำ",
        "highway": null,
        "waterway": "drain",
        "ref": null
      },
      "geometry": {
        "type": "LineString",
        "coordinates": [
          [
            100.1785952,
            18.1517435
          ],
          [
            100.1771224,
            18.1516666
          ]
        ]
      }
    },
    {
      "type": "Feature",
      "id": 1203033712,
      "properties": {
        "id": 1203033712,
        "name": "สายน้ำ drain",
        "category": "สายน้ำ",
        "highway": null,
        "waterway": "drain",
        "ref": null
      },
      "geometry": {
        "type": "LineString",
        "coordinates": [
          [
            100.1787261,
            18.1517377
          ],
          [
            100.1785952,
            18.1517435
          ]
        ]
      }
    },
    {
      "type": "Feature",
      "id": 1203033713,
      "properties": {
        "id": 1203033713,
        "name": "สายน้ำ drain",
        "category": "สายน้ำ",
        "highway": null,
        "waterway": "drain",
        "ref": null
      },
      "geometry": {
        "type": "LineString",
        "coordinates": [
          [
            100.1797015,
            18.1517919
          ],
          [
            100.1787261,
            18.1517377
          ]
        ]
      }
    },
    {
      "type": "Feature",
      "id": 1203033714,
      "properties": {
        "id": 1203033714,
        "name": "สายน้ำ drain",
        "category": "สายน้ำ",
        "highway": null,
        "waterway": "drain",
        "ref": null
      },
      "geometry": {
        "type": "LineString",
        "coordinates": [
          [
            100.1797712,
            18.1517998
          ],
          [
            100.1797015,
            18.1517919
          ]
        ]
      }
    },
    {
      "type": "Feature",
      "id": 1203033715,
      "properties": {
        "id": 1203033715,
        "name": "สายน้ำ drain",
        "category": "สายน้ำ",
        "highway": null,
        "waterway": "drain",
        "ref": null
      },
      "geometry": {
        "type": "LineString",
        "coordinates": [
          [
            100.1659418,
            18.1524042
          ],
          [
            100.1644704,
            18.1527712
          ]
        ]
      }
    },
    {
      "type": "Feature",
      "id": 1203033716,
      "properties": {
        "id": 1203033716,
        "name": "สายน้ำ drain",
        "category": "สายน้ำ",
        "highway": null,
        "waterway": "drain",
        "ref": null
      },
      "geometry": {
        "type": "LineString",
        "coordinates": [
          [
            100.1644704,
            18.1527712
          ],
          [
            100.1643538,
            18.1528006
          ]
        ]
      }
    },
    {
      "type": "Feature",
      "id": 1203033717,
      "properties": {
        "id": 1203033717,
        "name": "สายน้ำ drain",
        "category": "สายน้ำ",
        "highway": null,
        "waterway": "drain",
        "ref": null
      },
      "geometry": {
        "type": "LineString",
        "coordinates": [
          [
            100.1806969,
            18.1519389
          ],
          [
            100.1803501,
            18.1518747
          ],
          [
            100.1801113,
            18.1518405
          ],
          [
            100.1797712,
            18.1517998
          ]
        ]
      }
    },
    {
      "type": "Feature",
      "id": 1203033718,
      "properties": {
        "id": 1203033718,
        "name": "สายน้ำ drain",
        "category": "สายน้ำ",
        "highway": null,
        "waterway": "drain",
        "ref": null
      },
      "geometry": {
        "type": "LineString",
        "coordinates": [
          [
            100.1807703,
            18.1519607
          ],
          [
            100.1806969,
            18.1519389
          ]
        ]
      }
    },
    {
      "type": "Feature",
      "id": 1203046479,
      "properties": {
        "id": 1203046479,
        "name": "สายน้ำ drain",
        "category": "สายน้ำ",
        "highway": null,
        "waterway": "drain",
        "ref": null
      },
      "geometry": {
        "type": "LineString",
        "coordinates": [
          [
            100.1817772,
            18.1522022
          ],
          [
            100.1807703,
            18.1519607
          ]
        ]
      }
    },
    {
      "type": "Feature",
      "id": 1203046480,
      "properties": {
        "id": 1203046480,
        "name": "สายน้ำ drain",
        "category": "สายน้ำ",
        "highway": null,
        "waterway": "drain",
        "ref": null
      },
      "geometry": {
        "type": "LineString",
        "coordinates": [
          [
            100.181954,
            18.1522516
          ],
          [
            100.1817772,
            18.1522022
          ]
        ]
      }
    },
    {
      "type": "Feature",
      "id": 1203046481,
      "properties": {
        "id": 1203046481,
        "name": "สายน้ำ drain",
        "category": "สายน้ำ",
        "highway": null,
        "waterway": "drain",
        "ref": null
      },
      "geometry": {
        "type": "LineString",
        "coordinates": [
          [
            100.1869423,
            18.1528105
          ],
          [
            100.1867526,
            18.1529327
          ],
          [
            100.1865887,
            18.1530365
          ],
          [
            100.1864312,
            18.1531129
          ],
          [
            100.1863027,
            18.1531739
          ],
          [
            100.1861773,
            18.1531923
          ],
          [
            100.1860584,
            18.1532014
          ],
          [
            100.1859555,
            18.1532014
          ],
          [
            100.1858077,
            18.153177
          ],
          [
            100.1847503,
            18.1529113
          ]
        ]
      }
    },
    {
      "type": "Feature",
      "id": 1203046482,
      "properties": {
        "id": 1203046482,
        "name": "สายน้ำ drain",
        "category": "สายน้ำ",
        "highway": null,
        "waterway": "drain",
        "ref": null
      },
      "geometry": {
        "type": "LineString",
        "coordinates": [
          [
            100.1847503,
            18.1529113
          ],
          [
            100.1846089,
            18.1528807
          ]
        ]
      }
    },
    {
      "type": "Feature",
      "id": 1203046483,
      "properties": {
        "id": 1203046483,
        "name": "สายน้ำ drain",
        "category": "สายน้ำ",
        "highway": null,
        "waterway": "drain",
        "ref": null
      },
      "geometry": {
        "type": "LineString",
        "coordinates": [
          [
            100.1872657,
            18.152579
          ],
          [
            100.1869423,
            18.1528105
          ]
        ]
      }
    },
    {
      "type": "Feature",
      "id": 1203046484,
      "properties": {
        "id": 1203046484,
        "name": "Sai Yai Fang Khwa Irrigation Canal",
        "category": "สายน้ำ",
        "highway": null,
        "waterway": "canal",
        "ref": null
      },
      "geometry": {
        "type": "LineString",
        "coordinates": [
          [
            100.1886505,
            18.1406819
          ],
          [
            100.1891896,
            18.1411889
          ],
          [
            100.1894535,
            18.1416476
          ],
          [
            100.1895818,
            18.1421637
          ],
          [
            100.1895742,
            18.1425722
          ],
          [
            100.1893102,
            18.1435899
          ],
          [
            100.1888803,
            18.1453889
          ],
          [
            100.1883456,
            18.1474138
          ],
          [
            100.1882826,
            18.1476814
          ],
          [
            100.1880769,
            18.1482798
          ],
          [
            100.1879271,
            18.1486589
          ],
          [
            100.1868666,
            18.1506924
          ],
          [
            100.1867535,
            18.1511726
          ],
          [
            100.1867535,
            18.1517101
          ],
          [
            100.1869345,
            18.1521472
          ],
          [
            100.1871683,
            18.1524626
          ],
          [
            100.1872657,
            18.152579
          ],
          [
            100.1883071,
            18.1538243
          ],
          [
            100.1890764,
            18.1547162
          ],
          [
            100.189829,
            18.1555888
          ]
        ]
      }
    },
    {
      "type": "Feature",
      "id": 1203046485,
      "properties": {
        "id": 1203046485,
        "name": "สายน้ำ canal",
        "category": "สายน้ำ",
        "highway": null,
        "waterway": "canal",
        "ref": null
      },
      "geometry": {
        "type": "LineString",
        "coordinates": [
          [
            100.189829,
            18.1555888
          ],
          [
            100.1898891,
            18.1556584
          ]
        ]
      }
    },
    {
      "type": "Feature",
      "id": 1203046487,
      "properties": {
        "id": 1203046487,
        "name": "สายน้ำ drain",
        "category": "สายน้ำ",
        "highway": null,
        "waterway": "drain",
        "ref": null
      },
      "geometry": {
        "type": "LineString",
        "coordinates": [
          [
            100.1867524,
            18.1565427
          ],
          [
            100.18619,
            18.1569978
          ],
          [
            100.1857239,
            18.157349
          ],
          [
            100.1854797,
            18.1575292
          ],
          [
            100.1852161,
            18.1577002
          ],
          [
            100.1848851,
            18.1578804
          ],
          [
            100.1825292,
            18.159157
          ],
          [
            100.1810957,
            18.1599419
          ]
        ]
      }
    },
    {
      "type": "Feature",
      "id": 1203046488,
      "properties": {
        "id": 1203046488,
        "name": "สายน้ำ drain",
        "category": "สายน้ำ",
        "highway": null,
        "waterway": "drain",
        "ref": null
      },
      "geometry": {
        "type": "LineString",
        "coordinates": [
          [
            100.1890764,
            18.1547162
          ],
          [
            100.1887965,
            18.1549319
          ]
        ]
      }
    },
    {
      "type": "Feature",
      "id": 1203052879,
      "properties": {
        "id": 1203052879,
        "name": "สายน้ำ drain",
        "category": "สายน้ำ",
        "highway": null,
        "waterway": "drain",
        "ref": null
      },
      "geometry": {
        "type": "LineString",
        "coordinates": [
          [
            100.1887965,
            18.1549319
          ],
          [
            100.1868483,
            18.1564812
          ]
        ]
      }
    },
    {
      "type": "Feature",
      "id": 1203052880,
      "properties": {
        "id": 1203052880,
        "name": "สายน้ำ drain",
        "category": "สายน้ำ",
        "highway": null,
        "waterway": "drain",
        "ref": null
      },
      "geometry": {
        "type": "LineString",
        "coordinates": [
          [
            100.1868483,
            18.1564812
          ],
          [
            100.1867524,
            18.1565427
          ]
        ]
      }
    },
    {
      "type": "Feature",
      "id": 1203052885,
      "properties": {
        "id": 1203052885,
        "name": "สายน้ำ drain",
        "category": "สายน้ำ",
        "highway": null,
        "waterway": "drain",
        "ref": null
      },
      "geometry": {
        "type": "LineString",
        "coordinates": [
          [
            100.1809399,
            18.1600106
          ],
          [
            100.1805896,
            18.1601541
          ],
          [
            100.180281,
            18.1602396
          ],
          [
            100.1800785,
            18.1602793
          ],
          [
            100.1798246,
            18.1603007
          ],
          [
            100.1795836,
            18.1602915
          ],
          [
            100.1793843,
            18.160264
          ],
          [
            100.1786515,
            18.1601541
          ],
          [
            100.1777323,
            18.1600136
          ]
        ]
      }
    },
    {
      "type": "Feature",
      "id": 1203052886,
      "properties": {
        "id": 1203052886,
        "name": "สายน้ำ drain",
        "category": "สายน้ำ",
        "highway": null,
        "waterway": "drain",
        "ref": null
      },
      "geometry": {
        "type": "LineString",
        "coordinates": [
          [
            100.1810957,
            18.1599419
          ],
          [
            100.1809399,
            18.1600106
          ]
        ]
      }
    },
    {
      "type": "Feature",
      "id": 1203052887,
      "properties": {
        "id": 1203052887,
        "name": "สายน้ำ drain",
        "category": "สายน้ำ",
        "highway": null,
        "waterway": "drain",
        "ref": null
      },
      "geometry": {
        "type": "LineString",
        "coordinates": [
          [
            100.1774527,
            18.1599586
          ],
          [
            100.1765688,
            18.1598273
          ]
        ]
      }
    },
    {
      "type": "Feature",
      "id": 1203052888,
      "properties": {
        "id": 1203052888,
        "name": "สายน้ำ drain",
        "category": "สายน้ำ",
        "highway": null,
        "waterway": "drain",
        "ref": null
      },
      "geometry": {
        "type": "LineString",
        "coordinates": [
          [
            100.1765688,
            18.1598273
          ],
          [
            100.176061,
            18.1598029
          ]
        ]
      }
    },
    {
      "type": "Feature",
      "id": 1203052889,
      "properties": {
        "id": 1203052889,
        "name": "สายน้ำ drain",
        "category": "สายน้ำ",
        "highway": null,
        "waterway": "drain",
        "ref": null
      },
      "geometry": {
        "type": "LineString",
        "coordinates": [
          [
            100.1777323,
            18.1600136
          ],
          [
            100.1774527,
            18.1599586
          ]
        ]
      }
    },
    {
      "type": "Feature",
      "id": 1203052890,
      "properties": {
        "id": 1203052890,
        "name": "สายน้ำ drain",
        "category": "สายน้ำ",
        "highway": null,
        "waterway": "drain",
        "ref": null
      },
      "geometry": {
        "type": "LineString",
        "coordinates": [
          [
            100.176061,
            18.1598029
          ],
          [
            100.1757203,
            18.1598365
          ],
          [
            100.1754664,
            18.1598792
          ],
          [
            100.1752221,
            18.1599617
          ],
          [
            100.174875,
            18.1600777
          ],
          [
            100.1713813,
            18.1616505
          ]
        ]
      }
    },
    {
      "type": "Feature",
      "id": 1203052891,
      "properties": {
        "id": 1203052891,
        "name": "สายน้ำ drain",
        "category": "สายน้ำ",
        "highway": null,
        "waterway": "drain",
        "ref": null
      },
      "geometry": {
        "type": "LineString",
        "coordinates": [
          [
            100.1712463,
            18.1617116
          ],
          [
            100.167383,
            18.1634249
          ]
        ]
      }
    },
    {
      "type": "Feature",
      "id": 1203052892,
      "properties": {
        "id": 1203052892,
        "name": "สายน้ำ drain",
        "category": "สายน้ำ",
        "highway": null,
        "waterway": "drain",
        "ref": null
      },
      "geometry": {
        "type": "LineString",
        "coordinates": [
          [
            100.1713813,
            18.1616505
          ],
          [
            100.1712463,
            18.1617116
          ]
        ]
      }
    },
    {
      "type": "Feature",
      "id": 1203055864,
      "properties": {
        "id": 1203055864,
        "name": "สายน้ำ drain",
        "category": "สายน้ำ",
        "highway": null,
        "waterway": "drain",
        "ref": null
      },
      "geometry": {
        "type": "LineString",
        "coordinates": [
          [
            100.167383,
            18.1634249
          ],
          [
            100.1670596,
            18.1635621
          ]
        ]
      }
    },
    {
      "type": "Feature",
      "id": 1203055865,
      "properties": {
        "id": 1203055865,
        "name": "สายน้ำ drain",
        "category": "สายน้ำ",
        "highway": null,
        "waterway": "drain",
        "ref": null
      },
      "geometry": {
        "type": "LineString",
        "coordinates": [
          [
            100.1661329,
            18.1639763
          ],
          [
            100.1650344,
            18.1644745
          ],
          [
            100.1648507,
            18.16454
          ],
          [
            100.1646708,
            18.1645909
          ],
          [
            100.1644985,
            18.1646272
          ],
          [
            100.1642957,
            18.1646563
          ],
          [
            100.164133,
            18.1646743
          ],
          [
            100.1639517,
            18.1646786
          ],
          [
            100.1637703,
            18.1646592
          ]
        ]
      }
    },
    {
      "type": "Feature",
      "id": 1203055866,
      "properties": {
        "id": 1203055866,
        "name": "สายน้ำ drain",
        "category": "สายน้ำ",
        "highway": null,
        "waterway": "drain",
        "ref": null
      },
      "geometry": {
        "type": "LineString",
        "coordinates": [
          [
            100.1670596,
            18.1635621
          ],
          [
            100.1662515,
            18.1639326
          ]
        ]
      }
    },
    {
      "type": "Feature",
      "id": 1203055867,
      "properties": {
        "id": 1203055867,
        "name": "สายน้ำ drain",
        "category": "สายน้ำ",
        "highway": null,
        "waterway": "drain",
        "ref": null
      },
      "geometry": {
        "type": "LineString",
        "coordinates": [
          [
            100.1662515,
            18.1639326
          ],
          [
            100.1661329,
            18.1639763
          ]
        ]
      }
    },
    {
      "type": "Feature",
      "id": 1203062142,
      "properties": {
        "id": 1203062142,
        "name": "สายน้ำ drain",
        "category": "สายน้ำ",
        "highway": null,
        "waterway": "drain",
        "ref": null
      },
      "geometry": {
        "type": "LineString",
        "coordinates": [
          [
            100.161725,
            18.1642103
          ],
          [
            100.1596636,
            18.1637485
          ]
        ]
      }
    },
    {
      "type": "Feature",
      "id": 1203062143,
      "properties": {
        "id": 1203062143,
        "name": "สายน้ำ drain",
        "category": "สายน้ำ",
        "highway": null,
        "waterway": "drain",
        "ref": null
      },
      "geometry": {
        "type": "LineString",
        "coordinates": [
          [
            100.1637703,
            18.1646592
          ],
          [
            100.1636348,
            18.1646361
          ]
        ]
      }
    },
    {
      "type": "Feature",
      "id": 1203062144,
      "properties": {
        "id": 1203062144,
        "name": "สายน้ำ drain",
        "category": "สายน้ำ",
        "highway": null,
        "waterway": "drain",
        "ref": null
      },
      "geometry": {
        "type": "LineString",
        "coordinates": [
          [
            100.1636348,
            18.1646361
          ],
          [
            100.1634452,
            18.1646067
          ],
          [
            100.1631384,
            18.1645313
          ]
        ]
      }
    },
    {
      "type": "Feature",
      "id": 1203062145,
      "properties": {
        "id": 1203062145,
        "name": "สายน้ำ drain",
        "category": "สายน้ำ",
        "highway": null,
        "waterway": "drain",
        "ref": null
      },
      "geometry": {
        "type": "LineString",
        "coordinates": [
          [
            100.1631384,
            18.1645313
          ],
          [
            100.1630522,
            18.164515
          ]
        ]
      }
    },
    {
      "type": "Feature",
      "id": 1203062147,
      "properties": {
        "id": 1203062147,
        "name": "สายน้ำ drain",
        "category": "สายน้ำ",
        "highway": null,
        "waterway": "drain",
        "ref": null
      },
      "geometry": {
        "type": "LineString",
        "coordinates": [
          [
            100.1630522,
            18.164515
          ],
          [
            100.1618284,
            18.1642365
          ]
        ]
      }
    },
    {
      "type": "Feature",
      "id": 1203062148,
      "properties": {
        "id": 1203062148,
        "name": "สายน้ำ drain",
        "category": "สายน้ำ",
        "highway": null,
        "waterway": "drain",
        "ref": null
      },
      "geometry": {
        "type": "LineString",
        "coordinates": [
          [
            100.1618284,
            18.1642365
          ],
          [
            100.161725,
            18.1642103
          ]
        ]
      }
    },
    {
      "type": "Feature",
      "id": 1203062149,
      "properties": {
        "id": 1203062149,
        "name": "สายน้ำ drain",
        "category": "สายน้ำ",
        "highway": null,
        "waterway": "drain",
        "ref": null
      },
      "geometry": {
        "type": "LineString",
        "coordinates": [
          [
            100.1595705,
            18.1637256
          ],
          [
            100.1590113,
            18.1636154
          ]
        ]
      }
    },
    {
      "type": "Feature",
      "id": 1203062150,
      "properties": {
        "id": 1203062150,
        "name": "สายน้ำ drain",
        "category": "สายน้ำ",
        "highway": null,
        "waterway": "drain",
        "ref": null
      },
      "geometry": {
        "type": "LineString",
        "coordinates": [
          [
            100.1596636,
            18.1637485
          ],
          [
            100.1595705,
            18.1637256
          ]
        ]
      }
    },
    {
      "type": "Feature",
      "id": 1204346082,
      "properties": {
        "id": 1204346082,
        "name": "สายน้ำ drain",
        "category": "สายน้ำ",
        "highway": null,
        "waterway": "drain",
        "ref": null
      },
      "geometry": {
        "type": "LineString",
        "coordinates": [
          [
            100.1847519,
            18.1914262
          ],
          [
            100.1883278,
            18.1914082
          ]
        ]
      }
    },
    {
      "type": "Feature",
      "id": 1204346083,
      "properties": {
        "id": 1204346083,
        "name": "สายน้ำ drain",
        "category": "สายน้ำ",
        "highway": null,
        "waterway": "drain",
        "ref": null
      },
      "geometry": {
        "type": "LineString",
        "coordinates": [
          [
            100.1846768,
            18.1914265
          ],
          [
            100.1847519,
            18.1914262
          ]
        ]
      }
    },
    {
      "type": "Feature",
      "id": 1204346085,
      "properties": {
        "id": 1204346085,
        "name": "สายน้ำ drain",
        "category": "สายน้ำ",
        "highway": null,
        "waterway": "drain",
        "ref": null
      },
      "geometry": {
        "type": "LineString",
        "coordinates": [
          [
            100.1829848,
            18.191406
          ],
          [
            100.1846768,
            18.1914265
          ]
        ]
      }
    },
    {
      "type": "Feature",
      "id": 1204346086,
      "properties": {
        "id": 1204346086,
        "name": "สายน้ำ drain",
        "category": "สายน้ำ",
        "highway": null,
        "waterway": "drain",
        "ref": null
      },
      "geometry": {
        "type": "LineString",
        "coordinates": [
          [
            100.182924,
            18.1914047
          ],
          [
            100.1829848,
            18.191406
          ]
        ]
      }
    },
    {
      "type": "Feature",
      "id": 1204346088,
      "properties": {
        "id": 1204346088,
        "name": "สายน้ำ drain",
        "category": "สายน้ำ",
        "highway": null,
        "waterway": "drain",
        "ref": null
      },
      "geometry": {
        "type": "LineString",
        "coordinates": [
          [
            100.177808,
            18.1913929
          ],
          [
            100.182924,
            18.1914047
          ]
        ]
      }
    },
    {
      "type": "Feature",
      "id": 1204346089,
      "properties": {
        "id": 1204346089,
        "name": "สายน้ำ drain",
        "category": "สายน้ำ",
        "highway": null,
        "waterway": "drain",
        "ref": null
      },
      "geometry": {
        "type": "LineString",
        "coordinates": [
          [
            100.1777039,
            18.1913927
          ],
          [
            100.177808,
            18.1913929
          ]
        ]
      }
    },
    {
      "type": "Feature",
      "id": 1204346091,
      "properties": {
        "id": 1204346091,
        "name": "สายน้ำ drain",
        "category": "สายน้ำ",
        "highway": null,
        "waterway": "drain",
        "ref": null
      },
      "geometry": {
        "type": "LineString",
        "coordinates": [
          [
            100.1764247,
            18.1913898
          ],
          [
            100.1777039,
            18.1913927
          ]
        ]
      }
    },
    {
      "type": "Feature",
      "id": 1204346092,
      "properties": {
        "id": 1204346092,
        "name": "สายน้ำ drain",
        "category": "สายน้ำ",
        "highway": null,
        "waterway": "drain",
        "ref": null
      },
      "geometry": {
        "type": "LineString",
        "coordinates": [
          [
            100.1763206,
            18.1913895
          ],
          [
            100.1764247,
            18.1913898
          ]
        ]
      }
    },
    {
      "type": "Feature",
      "id": 1204346095,
      "properties": {
        "id": 1204346095,
        "name": "สายน้ำ drain",
        "category": "สายน้ำ",
        "highway": null,
        "waterway": "drain",
        "ref": null
      },
      "geometry": {
        "type": "LineString",
        "coordinates": [
          [
            100.1688228,
            18.191363
          ],
          [
            100.1689891,
            18.1913726
          ]
        ]
      }
    },
    {
      "type": "Feature",
      "id": 1204346096,
      "properties": {
        "id": 1204346096,
        "name": "สายน้ำ drain",
        "category": "สายน้ำ",
        "highway": null,
        "waterway": "drain",
        "ref": null
      },
      "geometry": {
        "type": "LineString",
        "coordinates": [
          [
            100.1626527,
            18.1886934
          ],
          [
            100.1630559,
            18.1891293
          ],
          [
            100.1633076,
            18.1893494
          ],
          [
            100.1634858,
            18.1895272
          ],
          [
            100.1637397,
            18.1897642
          ],
          [
            100.1639424,
            18.1899927
          ],
          [
            100.1641741,
            18.1902044
          ],
          [
            100.1642253,
            18.1903885
          ],
          [
            100.1642365,
            18.1905218
          ],
          [
            100.1642565,
            18.1905768
          ],
          [
            100.1643968,
            18.1907884
          ],
          [
            100.1644547,
            18.1909683
          ],
          [
            100.1644815,
            18.1910212
          ],
          [
            100.1645038,
            18.1910381
          ],
          [
            100.1645773,
            18.1910445
          ],
          [
            100.1646463,
            18.1910635
          ],
          [
            100.1648461,
            18.1911212
          ],
          [
            100.164949,
            18.1911413
          ],
          [
            100.1652919,
            18.1912265
          ],
          [
            100.165404,
            18.1912791
          ],
          [
            100.1656375,
            18.1914595
          ],
          [
            100.1657707,
            18.1915297
          ],
          [
            100.1659923,
            18.1915573
          ],
          [
            100.1669921,
            18.1914808
          ],
          [
            100.16755,
            18.1914257
          ],
          [
            100.1680169,
            18.1913731
          ],
          [
            100.1686026,
            18.1913455
          ],
          [
            100.1688228,
            18.191363
          ]
        ]
      }
    },
    {
      "type": "Feature",
      "id": 1206883789,
      "properties": {
        "id": 1206883789,
        "name": "สายน้ำ drain",
        "category": "สายน้ำ",
        "highway": null,
        "waterway": "drain",
        "ref": null
      },
      "geometry": {
        "type": "LineString",
        "coordinates": [
          [
            100.1595806,
            18.1542257
          ],
          [
            100.1593668,
            18.1543375
          ]
        ]
      }
    },
    {
      "type": "Feature",
      "id": 1206883791,
      "properties": {
        "id": 1206883791,
        "name": "สายน้ำ drain",
        "category": "สายน้ำ",
        "highway": null,
        "waterway": "drain",
        "ref": null
      },
      "geometry": {
        "type": "LineString",
        "coordinates": [
          [
            100.1593668,
            18.1543375
          ],
          [
            100.158978,
            18.1545575
          ]
        ]
      }
    },
    {
      "type": "Feature",
      "id": 1206883792,
      "properties": {
        "id": 1206883792,
        "name": "สายน้ำ drain",
        "category": "สายน้ำ",
        "highway": null,
        "waterway": "drain",
        "ref": null
      },
      "geometry": {
        "type": "LineString",
        "coordinates": [
          [
            100.158978,
            18.1545575
          ],
          [
            100.1589096,
            18.1545909
          ]
        ]
      }
    },
    {
      "type": "Feature",
      "id": 1206883795,
      "properties": {
        "id": 1206883795,
        "name": "สายน้ำ drain",
        "category": "สายน้ำ",
        "highway": null,
        "waterway": "drain",
        "ref": null
      },
      "geometry": {
        "type": "LineString",
        "coordinates": [
          [
            100.1605433,
            18.1537696
          ],
          [
            100.1604223,
            18.1538091
          ],
          [
            100.1600897,
            18.1539365
          ],
          [
            100.1595806,
            18.1542257
          ]
        ]
      }
    },
    {
      "type": "Feature",
      "id": 1206883796,
      "properties": {
        "id": 1206883796,
        "name": "สายน้ำ drain",
        "category": "สายน้ำ",
        "highway": null,
        "waterway": "drain",
        "ref": null
      },
      "geometry": {
        "type": "LineString",
        "coordinates": [
          [
            100.160642,
            18.1537374
          ],
          [
            100.1605433,
            18.1537696
          ]
        ]
      }
    },
    {
      "type": "Feature",
      "id": 1208200440,
      "properties": {
        "id": 1208200440,
        "name": "สายน้ำ stream",
        "category": "สายน้ำ",
        "highway": null,
        "waterway": "stream",
        "ref": null
      },
      "geometry": {
        "type": "LineString",
        "coordinates": [
          [
            100.248262,
            18.204959
          ],
          [
            100.2482754,
            18.2048163
          ],
          [
            100.2482191,
            18.204671
          ],
          [
            100.2481735,
            18.2044901
          ],
          [
            100.2482244,
            18.2043806
          ],
          [
            100.2483988,
            18.2042022
          ],
          [
            100.2484149,
            18.2040774
          ],
          [
            100.2483156,
            18.2035525
          ],
          [
            100.24827,
            18.2034098
          ],
          [
            100.2481815,
            18.203341
          ],
          [
            100.2479213,
            18.203234
          ]
        ]
      }
    },
    {
      "type": "Feature",
      "id": 1208200441,
      "properties": {
        "id": 1208200441,
        "name": "สายน้ำ stream",
        "category": "สายน้ำ",
        "highway": null,
        "waterway": "stream",
        "ref": null
      },
      "geometry": {
        "type": "LineString",
        "coordinates": [
          [
            100.2479213,
            18.203234
          ],
          [
            100.2478859,
            18.2031395
          ]
        ]
      }
    },
    {
      "type": "Feature",
      "id": 1222452383,
      "properties": {
        "id": 1222452383,
        "name": "สายน้ำ drain",
        "category": "สายน้ำ",
        "highway": null,
        "waterway": "drain",
        "ref": null
      },
      "geometry": {
        "type": "LineString",
        "coordinates": [
          [
            100.1579799,
            18.1759829
          ],
          [
            100.158166,
            18.1757472
          ],
          [
            100.1583008,
            18.1755088
          ],
          [
            100.1584006,
            18.1752603
          ],
          [
            100.1584735,
            18.1749246
          ],
          [
            100.1584923,
            18.1748298
          ],
          [
            100.158549,
            18.1747478
          ],
          [
            100.1588915,
            18.1743993
          ],
          [
            100.1591181,
            18.1742096
          ],
          [
            100.1592367,
            18.1741609
          ],
          [
            100.1593096,
            18.1741199
          ],
          [
            100.1595955,
            18.173674
          ],
          [
            100.159795,
            18.1733486
          ],
          [
            100.1599029,
            18.1732333
          ],
          [
            100.16,
            18.173159
          ],
          [
            100.1600917,
            18.1731128
          ],
          [
            100.1602131,
            18.1730872
          ],
          [
            100.1603641,
            18.1730872
          ]
        ]
      }
    },
    {
      "type": "Feature",
      "id": 1222466424,
      "properties": {
        "id": 1222466424,
        "name": "สายน้ำ canal",
        "category": "สายน้ำ",
        "highway": null,
        "waterway": "canal",
        "ref": null
      },
      "geometry": {
        "type": "LineString",
        "coordinates": [
          [
            100.1773305,
            18.163913
          ],
          [
            100.1772415,
            18.1639424
          ],
          [
            100.1771448,
            18.163946
          ],
          [
            100.1770791,
            18.1639313
          ],
          [
            100.1768895,
            18.1638358
          ],
          [
            100.176816,
            18.1638394
          ],
          [
            100.1767541,
            18.1639019
          ],
          [
            100.1766226,
            18.164071
          ],
          [
            100.1764794,
            18.1641335
          ],
          [
            100.1764291,
            18.1641666
          ],
          [
            100.1763689,
            18.1641847
          ],
          [
            100.1762659,
            18.1643066
          ],
          [
            100.1762727,
            18.1644111
          ],
          [
            100.1762727,
            18.1644916
          ],
          [
            100.17622,
            18.1645439
          ],
          [
            100.1760803,
            18.164607
          ],
          [
            100.1759978,
            18.1646614
          ],
          [
            100.1759933,
            18.164731
          ],
          [
            100.1760322,
            18.1647702
          ],
          [
            100.1761399,
            18.1648486
          ],
          [
            100.1762613,
            18.1648943
          ],
          [
            100.1763002,
            18.1649465
          ],
          [
            100.176275,
            18.1650205
          ],
          [
            100.17622,
            18.1650749
          ],
          [
            100.1760391,
            18.1651359
          ],
          [
            100.1759818,
            18.1651794
          ],
          [
            100.1759726,
            18.1652578
          ],
          [
            100.1760276,
            18.1653056
          ],
          [
            100.1761559,
            18.1654101
          ],
          [
            100.176188,
            18.1654863
          ],
          [
            100.1761628,
            18.1655342
          ],
          [
            100.1760941,
            18.1655472
          ],
          [
            100.1758902,
            18.1656169
          ],
          [
            100.1758604,
            18.1656822
          ],
          [
            100.175881,
            18.1658237
          ],
          [
            100.1758696,
            18.1658868
          ],
          [
            100.1758077,
            18.1659499
          ],
          [
            100.1756176,
            18.1659913
          ],
          [
            100.1755832,
            18.1660283
          ],
          [
            100.1755512,
            18.1661153
          ],
          [
            100.1755214,
            18.1662133
          ],
          [
            100.1754641,
            18.1662546
          ],
          [
            100.175361,
            18.1662981
          ],
          [
            100.1753198,
            18.1663264
          ]
        ]
      }
    },
    {
      "type": "Feature",
      "id": 1223151873,
      "properties": {
        "id": 1223151873,
        "name": "สายน้ำ stream",
        "category": "สายน้ำ",
        "highway": null,
        "waterway": "stream",
        "ref": null
      },
      "geometry": {
        "type": "LineString",
        "coordinates": [
          [
            100.2227577,
            18.2177931
          ],
          [
            100.2225313,
            18.2178971
          ]
        ]
      }
    },
    {
      "type": "Feature",
      "id": 1223151874,
      "properties": {
        "id": 1223151874,
        "name": "สายน้ำ stream",
        "category": "สายน้ำ",
        "highway": null,
        "waterway": "stream",
        "ref": null
      },
      "geometry": {
        "type": "LineString",
        "coordinates": [
          [
            100.2228528,
            18.2177494
          ],
          [
            100.2227577,
            18.2177931
          ]
        ]
      }
    },
    {
      "type": "Feature",
      "id": 1223155721,
      "properties": {
        "id": 1223155721,
        "name": "สายน้ำ drain",
        "category": "สายน้ำ",
        "highway": null,
        "waterway": "drain",
        "ref": null
      },
      "geometry": {
        "type": "LineString",
        "coordinates": [
          [
            100.2109569,
            18.2139192
          ],
          [
            100.211093,
            18.2139088
          ],
          [
            100.2111456,
            18.2139255
          ],
          [
            100.2112203,
            18.213938
          ],
          [
            100.2113541,
            18.2139359
          ],
          [
            100.2114112,
            18.2139255
          ],
          [
            100.2114748,
            18.2139568
          ],
          [
            100.2115692,
            18.214013
          ],
          [
            100.2117053,
            18.2140506
          ],
          [
            100.2118018,
            18.2141069
          ],
          [
            100.2119445,
            18.214159
          ],
          [
            100.2123351,
            18.2143633
          ],
          [
            100.2124646,
            18.2144446
          ],
          [
            100.2126029,
            18.2144654
          ],
          [
            100.2130308,
            18.2145509
          ]
        ]
      }
    },
    {
      "type": "Feature",
      "id": 1223155722,
      "properties": {
        "id": 1223155722,
        "name": "สายน้ำ drain",
        "category": "สายน้ำ",
        "highway": null,
        "waterway": "drain",
        "ref": null
      },
      "geometry": {
        "type": "LineString",
        "coordinates": [
          [
            100.2130308,
            18.2145509
          ],
          [
            100.2131581,
            18.2145738
          ]
        ]
      }
    },
    {
      "type": "Feature",
      "id": 1223155723,
      "properties": {
        "id": 1223155723,
        "name": "สายน้ำ drain",
        "category": "สายน้ำ",
        "highway": null,
        "waterway": "drain",
        "ref": null
      },
      "geometry": {
        "type": "LineString",
        "coordinates": [
          [
            100.2131581,
            18.2145738
          ],
          [
            100.2132986,
            18.2145988
          ],
          [
            100.2134478,
            18.2146134
          ],
          [
            100.2135795,
            18.2146051
          ],
          [
            100.2139987,
            18.2145113
          ],
          [
            100.214093,
            18.2145071
          ],
          [
            100.2141523,
            18.2145259
          ],
          [
            100.2142796,
            18.2145947
          ]
        ]
      }
    },
    {
      "type": "Feature",
      "id": 1223155724,
      "properties": {
        "id": 1223155724,
        "name": "สายน้ำ drain",
        "category": "สายน้ำ",
        "highway": null,
        "waterway": "drain",
        "ref": null
      },
      "geometry": {
        "type": "LineString",
        "coordinates": [
          [
            100.2142796,
            18.2145947
          ],
          [
            100.2143805,
            18.2146614
          ]
        ]
      }
    },
    {
      "type": "Feature",
      "id": 1223155725,
      "properties": {
        "id": 1223155725,
        "name": "สายน้ำ drain",
        "category": "สายน้ำ",
        "highway": null,
        "waterway": "drain",
        "ref": null
      },
      "geometry": {
        "type": "LineString",
        "coordinates": [
          [
            100.2143805,
            18.2146614
          ],
          [
            100.2144178,
            18.2147323
          ],
          [
            100.2144705,
            18.2148115
          ],
          [
            100.2145012,
            18.2148302
          ],
          [
            100.2148875,
            18.2147573
          ],
          [
            100.2149446,
            18.2147594
          ],
          [
            100.2151113,
            18.2148261
          ],
          [
            100.2153703,
            18.2148365
          ],
          [
            100.2154844,
            18.2148615
          ],
          [
            100.2155261,
            18.2148907
          ],
          [
            100.215671,
            18.2150158
          ],
          [
            100.2157149,
            18.2150366
          ],
          [
            100.2157653,
            18.215047
          ],
          [
            100.2158926,
            18.2150241
          ],
          [
            100.2160858,
            18.2150783
          ],
          [
            100.2162635,
            18.2151117
          ],
          [
            100.2164764,
            18.2152242
          ]
        ]
      }
    },
    {
      "type": "Feature",
      "id": 1223155726,
      "properties": {
        "id": 1223155726,
        "name": "สายน้ำ drain",
        "category": "สายน้ำ",
        "highway": null,
        "waterway": "drain",
        "ref": null
      },
      "geometry": {
        "type": "LineString",
        "coordinates": [
          [
            100.2164764,
            18.2152242
          ],
          [
            100.2166059,
            18.215268
          ]
        ]
      }
    },
    {
      "type": "Feature",
      "id": 1223155727,
      "properties": {
        "id": 1223155727,
        "name": "สายน้ำ drain",
        "category": "สายน้ำ",
        "highway": null,
        "waterway": "drain",
        "ref": null
      },
      "geometry": {
        "type": "LineString",
        "coordinates": [
          [
            100.2166059,
            18.215268
          ],
          [
            100.2167595,
            18.2153034
          ],
          [
            100.2168363,
            18.2153431
          ],
          [
            100.2168802,
            18.2153993
          ],
          [
            100.2169395,
            18.2155119
          ],
          [
            100.2170031,
            18.2155661
          ],
          [
            100.2171392,
            18.2156432
          ],
          [
            100.2173367,
            18.215687
          ],
          [
            100.2174508,
            18.2156974
          ],
          [
            100.217554,
            18.2156829
          ],
          [
            100.2176637,
            18.2156808
          ],
          [
            100.2177581,
            18.2157037
          ]
        ]
      }
    },
    {
      "type": "Feature",
      "id": 1223155728,
      "properties": {
        "id": 1223155728,
        "name": "สายน้ำ drain",
        "category": "สายน้ำ",
        "highway": null,
        "waterway": "drain",
        "ref": null
      },
      "geometry": {
        "type": "LineString",
        "coordinates": [
          [
            100.2177581,
            18.2157037
          ],
          [
            100.2178941,
            18.2157245
          ]
        ]
      }
    },
    {
      "type": "Feature",
      "id": 1223155729,
      "properties": {
        "id": 1223155729,
        "name": "สายน้ำ drain",
        "category": "สายน้ำ",
        "highway": null,
        "waterway": "drain",
        "ref": null
      },
      "geometry": {
        "type": "LineString",
        "coordinates": [
          [
            100.2178941,
            18.2157245
          ],
          [
            100.2179885,
            18.2157454
          ],
          [
            100.2180675,
            18.2157913
          ],
          [
            100.2182058,
            18.2159351
          ],
          [
            100.2183287,
            18.2160081
          ],
          [
            100.218456,
            18.2160393
          ],
          [
            100.2186008,
            18.2160393
          ],
          [
            100.2186908,
            18.2160873
          ],
          [
            100.2187413,
            18.2161456
          ],
          [
            100.2187764,
            18.2162103
          ],
          [
            100.2188159,
            18.2163875
          ],
          [
            100.2188685,
            18.2164729
          ],
          [
            100.2189344,
            18.2165355
          ],
          [
            100.218998,
            18.2165834
          ],
          [
            100.21911,
            18.2166209
          ],
          [
            100.2191999,
            18.2166272
          ],
          [
            100.2193119,
            18.2165313
          ],
          [
            100.2193558,
            18.2164729
          ],
          [
            100.2194172,
            18.21645
          ],
          [
            100.2194809,
            18.2164479
          ],
          [
            100.2197201,
            18.2164896
          ],
          [
            100.2198671,
            18.2164896
          ],
          [
            100.2199593,
            18.216498
          ],
          [
            100.220148,
            18.2165667
          ],
          [
            100.2202402,
            18.2165793
          ],
          [
            100.2205233,
            18.2165396
          ],
          [
            100.2206133,
            18.2165459
          ],
          [
            100.2208876,
            18.2166397
          ],
          [
            100.2209578,
            18.2166564
          ],
          [
            100.2210742,
            18.2166647
          ],
          [
            100.2212102,
            18.2166668
          ],
          [
            100.2217303,
            18.2165626
          ],
          [
            100.22202,
            18.2164938
          ],
          [
            100.2221407,
            18.2164792
          ],
          [
            100.2223646,
            18.216475
          ],
          [
            100.2226543,
            18.2165
          ],
          [
            100.2227311,
            18.2165021
          ],
          [
            100.2228013,
            18.2164813
          ],
          [
            100.2229901,
            18.2163666
          ],
          [
            100.2233807,
            18.2160247
          ],
          [
            100.2235212,
            18.2158163
          ],
          [
            100.223745,
            18.2154973
          ],
          [
            100.2237999,
            18.2153326
          ],
          [
            100.223824,
            18.215268
          ],
          [
            100.2238679,
            18.2152096
          ],
          [
            100.2239974,
            18.2150992
          ],
          [
            100.2240962,
            18.2150429
          ],
          [
            100.2242498,
            18.2149741
          ],
          [
            100.2243815,
            18.2149532
          ],
          [
            100.2245109,
            18.2149532
          ],
          [
            100.2247392,
            18.2150053
          ],
          [
            100.2251979,
            18.2150971
          ],
          [
            100.2253295,
            18.2151054
          ],
          [
            100.2254568,
            18.2150929
          ],
          [
            100.2257531,
            18.2150366
          ],
          [
            100.2259265,
            18.2149636
          ]
        ]
      }
    },
    {
      "type": "Feature",
      "id": 1223155730,
      "properties": {
        "id": 1223155730,
        "name": "สายน้ำ canal",
        "category": "สายน้ำ",
        "highway": null,
        "waterway": "canal",
        "ref": null
      },
      "geometry": {
        "type": "LineString",
        "coordinates": [
          [
            100.2278887,
            18.2140131
          ],
          [
            100.2268897,
            18.2144127
          ],
          [
            100.2264442,
            18.2147184
          ]
        ]
      }
    },
    {
      "type": "Feature",
      "id": 1223155731,
      "properties": {
        "id": 1223155731,
        "name": "สายน้ำ canal",
        "category": "สายน้ำ",
        "highway": null,
        "waterway": "canal",
        "ref": null
      },
      "geometry": {
        "type": "LineString",
        "coordinates": [
          [
            100.2281062,
            18.2140074
          ],
          [
            100.2278887,
            18.2140131
          ]
        ]
      }
    },
    {
      "type": "Feature",
      "id": 1223155732,
      "properties": {
        "id": 1223155732,
        "name": "สายน้ำ drain",
        "category": "สายน้ำ",
        "highway": null,
        "waterway": "drain",
        "ref": null
      },
      "geometry": {
        "type": "LineString",
        "coordinates": [
          [
            100.2259265,
            18.2149636
          ],
          [
            100.2262305,
            18.2148286
          ]
        ]
      }
    },
    {
      "type": "Feature",
      "id": 1223155733,
      "properties": {
        "id": 1223155733,
        "name": "สายน้ำ drain",
        "category": "สายน้ำ",
        "highway": null,
        "waterway": "drain",
        "ref": null
      },
      "geometry": {
        "type": "LineString",
        "coordinates": [
          [
            100.2264442,
            18.2147184
          ],
          [
            100.2262305,
            18.2148286
          ]
        ]
      }
    },
    {
      "type": "Feature",
      "id": 1223172134,
      "properties": {
        "id": 1223172134,
        "name": "สายน้ำ ditch",
        "category": "สายน้ำ",
        "highway": null,
        "waterway": "ditch",
        "ref": null
      },
      "geometry": {
        "type": "LineString",
        "coordinates": [
          [
            100.2327561,
            18.2142001
          ],
          [
            100.2327217,
            18.2143304
          ]
        ]
      }
    },
    {
      "type": "Feature",
      "id": 1224039933,
      "properties": {
        "id": 1224039933,
        "name": "สายน้ำ drain",
        "category": "สายน้ำ",
        "highway": null,
        "waterway": "drain",
        "ref": null
      },
      "geometry": {
        "type": "LineString",
        "coordinates": [
          [
            100.1959782,
            18.186348
          ],
          [
            100.1955834,
            18.1862369
          ],
          [
            100.1954002,
            18.1861829
          ],
          [
            100.1939214,
            18.1858376
          ],
          [
            100.1937571,
            18.1857986
          ],
          [
            100.1936055,
            18.1857806
          ],
          [
            100.1934254,
            18.1857686
          ],
          [
            100.1931695,
            18.1857746
          ],
          [
            100.192841,
            18.1857926
          ]
        ]
      }
    },
    {
      "type": "Feature",
      "id": 1224039935,
      "properties": {
        "id": 1224039935,
        "name": "สายน้ำ drain",
        "category": "สายน้ำ",
        "highway": null,
        "waterway": "drain",
        "ref": null
      },
      "geometry": {
        "type": "LineString",
        "coordinates": [
          [
            100.1962802,
            18.186424
          ],
          [
            100.1959782,
            18.186348
          ]
        ]
      }
    },
    {
      "type": "Feature",
      "id": 1224039937,
      "properties": {
        "id": 1224039937,
        "name": "สายน้ำ drain",
        "category": "สายน้ำ",
        "highway": null,
        "waterway": "drain",
        "ref": null
      },
      "geometry": {
        "type": "LineString",
        "coordinates": [
          [
            100.192841,
            18.1857926
          ],
          [
            100.1927368,
            18.1857956
          ]
        ]
      }
    },
    {
      "type": "Feature",
      "id": 1224039939,
      "properties": {
        "id": 1224039939,
        "name": "สายน้ำ drain",
        "category": "สายน้ำ",
        "highway": null,
        "waterway": "drain",
        "ref": null
      },
      "geometry": {
        "type": "LineString",
        "coordinates": [
          [
            100.1927368,
            18.1857956
          ],
          [
            100.1878157,
            18.1860332
          ]
        ]
      }
    },
    {
      "type": "Feature",
      "id": 1224039940,
      "properties": {
        "id": 1224039940,
        "name": "สายน้ำ drain",
        "category": "สายน้ำ",
        "highway": null,
        "waterway": "drain",
        "ref": null
      },
      "geometry": {
        "type": "LineString",
        "coordinates": [
          [
            100.1878157,
            18.1860332
          ],
          [
            100.1877272,
            18.1860391
          ]
        ]
      }
    },
    {
      "type": "Feature",
      "id": 1224039941,
      "properties": {
        "id": 1224039941,
        "name": "สายน้ำ drain",
        "category": "สายน้ำ",
        "highway": null,
        "waterway": "drain",
        "ref": null
      },
      "geometry": {
        "type": "LineString",
        "coordinates": [
          [
            100.1877272,
            18.1860391
          ],
          [
            100.1873268,
            18.1860624
          ],
          [
            100.1854965,
            18.186143
          ]
        ]
      }
    },
    {
      "type": "Feature",
      "id": 1224039942,
      "properties": {
        "id": 1224039942,
        "name": "สายน้ำ drain",
        "category": "สายน้ำ",
        "highway": null,
        "waterway": "drain",
        "ref": null
      },
      "geometry": {
        "type": "LineString",
        "coordinates": [
          [
            100.1854965,
            18.186143
          ],
          [
            100.1850372,
            18.1861641
          ]
        ]
      }
    },
    {
      "type": "Feature",
      "id": 1224039943,
      "properties": {
        "id": 1224039943,
        "name": "สายน้ำ drain",
        "category": "สายน้ำ",
        "highway": null,
        "waterway": "drain",
        "ref": null
      },
      "geometry": {
        "type": "LineString",
        "coordinates": [
          [
            100.1850372,
            18.1861641
          ],
          [
            100.1795805,
            18.1864334
          ]
        ]
      }
    },
    {
      "type": "Feature",
      "id": 1224443689,
      "properties": {
        "id": 1224443689,
        "name": "สายน้ำ drain",
        "category": "สายน้ำ",
        "highway": null,
        "waterway": "drain",
        "ref": null
      },
      "geometry": {
        "type": "LineString",
        "coordinates": [
          [
            100.1932357,
            18.1595812
          ],
          [
            100.1929963,
            18.159783
          ]
        ]
      }
    },
    {
      "type": "Feature",
      "id": 1224443690,
      "properties": {
        "id": 1224443690,
        "name": "สายน้ำ drain",
        "category": "สายน้ำ",
        "highway": null,
        "waterway": "drain",
        "ref": null
      },
      "geometry": {
        "type": "LineString",
        "coordinates": [
          [
            100.1929963,
            18.159783
          ],
          [
            100.1908581,
            18.1614627
          ],
          [
            100.1905873,
            18.161673
          ],
          [
            100.1902921,
            18.1618724
          ],
          [
            100.1899774,
            18.1620533
          ],
          [
            100.1897792,
            18.1621455
          ],
          [
            100.1895344,
            18.1622489
          ]
        ]
      }
    },
    {
      "type": "Feature",
      "id": 1224443691,
      "properties": {
        "id": 1224443691,
        "name": "สายน้ำ drain",
        "category": "สายน้ำ",
        "highway": null,
        "waterway": "drain",
        "ref": null
      },
      "geometry": {
        "type": "LineString",
        "coordinates": [
          [
            100.1895344,
            18.1622489
          ],
          [
            100.1893596,
            18.162308
          ]
        ]
      }
    },
    {
      "type": "Feature",
      "id": 1224443693,
      "properties": {
        "id": 1224443693,
        "name": "สายน้ำ drain",
        "category": "สายน้ำ",
        "highway": null,
        "waterway": "drain",
        "ref": null
      },
      "geometry": {
        "type": "LineString",
        "coordinates": [
          [
            100.1893596,
            18.162308
          ],
          [
            100.1865521,
            18.1631333
          ]
        ]
      }
    },
    {
      "type": "Feature",
      "id": 1224443695,
      "properties": {
        "id": 1224443695,
        "name": "สายน้ำ drain",
        "category": "สายน้ำ",
        "highway": null,
        "waterway": "drain",
        "ref": null
      },
      "geometry": {
        "type": "LineString",
        "coordinates": [
          [
            100.1865521,
            18.1631333
          ],
          [
            100.1864617,
            18.163163
          ]
        ]
      }
    },
    {
      "type": "Feature",
      "id": 1224443696,
      "properties": {
        "id": 1224443696,
        "name": "สายน้ำ drain",
        "category": "สายน้ำ",
        "highway": null,
        "waterway": "drain",
        "ref": null
      },
      "geometry": {
        "type": "LineString",
        "coordinates": [
          [
            100.1864617,
            18.163163
          ],
          [
            100.1856169,
            18.1634085
          ]
        ]
      }
    },
    {
      "type": "Feature",
      "id": 1224443697,
      "properties": {
        "id": 1224443697,
        "name": "สายน้ำ drain",
        "category": "สายน้ำ",
        "highway": null,
        "waterway": "drain",
        "ref": null
      },
      "geometry": {
        "type": "LineString",
        "coordinates": [
          [
            100.1856169,
            18.1634085
          ],
          [
            100.1854742,
            18.1634544
          ]
        ]
      }
    },
    {
      "type": "Feature",
      "id": 1224443698,
      "properties": {
        "id": 1224443698,
        "name": "สายน้ำ drain",
        "category": "สายน้ำ",
        "highway": null,
        "waterway": "drain",
        "ref": null
      },
      "geometry": {
        "type": "LineString",
        "coordinates": [
          [
            100.1843739,
            18.1638244
          ],
          [
            100.1841514,
            18.1639438
          ],
          [
            100.1839991,
            18.1640335
          ],
          [
            100.1837742,
            18.1641874
          ],
          [
            100.1836339,
            18.1643
          ],
          [
            100.1834694,
            18.1644356
          ],
          [
            100.1825529,
            18.1652398
          ]
        ]
      }
    },
    {
      "type": "Feature",
      "id": 1224443699,
      "properties": {
        "id": 1224443699,
        "name": "สายน้ำ drain",
        "category": "สายน้ำ",
        "highway": null,
        "waterway": "drain",
        "ref": null
      },
      "geometry": {
        "type": "LineString",
        "coordinates": [
          [
            100.1817521,
            18.1659436
          ],
          [
            100.1813365,
            18.1663129
          ]
        ]
      }
    },
    {
      "type": "Feature",
      "id": 1224443700,
      "properties": {
        "id": 1224443700,
        "name": "สายน้ำ drain",
        "category": "สายน้ำ",
        "highway": null,
        "waterway": "drain",
        "ref": null
      },
      "geometry": {
        "type": "LineString",
        "coordinates": [
          [
            100.1818419,
            18.165874
          ],
          [
            100.1817521,
            18.1659436
          ]
        ]
      }
    },
    {
      "type": "Feature",
      "id": 1224443701,
      "properties": {
        "id": 1224443701,
        "name": "สายน้ำ drain",
        "category": "สายน้ำ",
        "highway": null,
        "waterway": "drain",
        "ref": null
      },
      "geometry": {
        "type": "LineString",
        "coordinates": [
          [
            100.1824006,
            18.1653708
          ],
          [
            100.1818419,
            18.165874
          ]
        ]
      }
    },
    {
      "type": "Feature",
      "id": 1224443702,
      "properties": {
        "id": 1224443702,
        "name": "สายน้ำ drain",
        "category": "สายน้ำ",
        "highway": null,
        "waterway": "drain",
        "ref": null
      },
      "geometry": {
        "type": "LineString",
        "coordinates": [
          [
            100.1825529,
            18.1652398
          ],
          [
            100.1824006,
            18.1653708
          ]
        ]
      }
    },
    {
      "type": "Feature",
      "id": 1224443703,
      "properties": {
        "id": 1224443703,
        "name": "สายน้ำ drain",
        "category": "สายน้ำ",
        "highway": null,
        "waterway": "drain",
        "ref": null
      },
      "geometry": {
        "type": "LineString",
        "coordinates": [
          [
            100.1854742,
            18.1634544
          ],
          [
            100.1848745,
            18.1636291
          ]
        ]
      }
    },
    {
      "type": "Feature",
      "id": 1224443704,
      "properties": {
        "id": 1224443704,
        "name": "สายน้ำ drain",
        "category": "สายน้ำ",
        "highway": null,
        "waterway": "drain",
        "ref": null
      },
      "geometry": {
        "type": "LineString",
        "coordinates": [
          [
            100.184444,
            18.1637922
          ],
          [
            100.1843739,
            18.1638244
          ]
        ]
      }
    },
    {
      "type": "Feature",
      "id": 1224443705,
      "properties": {
        "id": 1224443705,
        "name": "สายน้ำ drain",
        "category": "สายน้ำ",
        "highway": null,
        "waterway": "drain",
        "ref": null
      },
      "geometry": {
        "type": "LineString",
        "coordinates": [
          [
            100.1847995,
            18.163652
          ],
          [
            100.184444,
            18.1637922
          ]
        ]
      }
    },
    {
      "type": "Feature",
      "id": 1224443706,
      "properties": {
        "id": 1224443706,
        "name": "สายน้ำ drain",
        "category": "สายน้ำ",
        "highway": null,
        "waterway": "drain",
        "ref": null
      },
      "geometry": {
        "type": "LineString",
        "coordinates": [
          [
            100.1848745,
            18.1636291
          ],
          [
            100.1847995,
            18.163652
          ]
        ]
      }
    },
    {
      "type": "Feature",
      "id": 1224443710,
      "properties": {
        "id": 1224443710,
        "name": "สายน้ำ drain",
        "category": "สายน้ำ",
        "highway": null,
        "waterway": "drain",
        "ref": null
      },
      "geometry": {
        "type": "LineString",
        "coordinates": [
          [
            100.1811644,
            18.1664475
          ],
          [
            100.1807762,
            18.1667928
          ]
        ]
      }
    },
    {
      "type": "Feature",
      "id": 1224443711,
      "properties": {
        "id": 1224443711,
        "name": "สายน้ำ drain",
        "category": "สายน้ำ",
        "highway": null,
        "waterway": "drain",
        "ref": null
      },
      "geometry": {
        "type": "LineString",
        "coordinates": [
          [
            100.1813365,
            18.1663129
          ],
          [
            100.1811644,
            18.1664475
          ]
        ]
      }
    },
    {
      "type": "Feature",
      "id": 1224443712,
      "properties": {
        "id": 1224443712,
        "name": "สายน้ำ drain",
        "category": "สายน้ำ",
        "highway": null,
        "waterway": "drain",
        "ref": null
      },
      "geometry": {
        "type": "LineString",
        "coordinates": [
          [
            100.1806874,
            18.1668595
          ],
          [
            100.1803199,
            18.1671655
          ]
        ]
      }
    },
    {
      "type": "Feature",
      "id": 1224443713,
      "properties": {
        "id": 1224443713,
        "name": "สายน้ำ drain",
        "category": "สายน้ำ",
        "highway": null,
        "waterway": "drain",
        "ref": null
      },
      "geometry": {
        "type": "LineString",
        "coordinates": [
          [
            100.1807762,
            18.1667928
          ],
          [
            100.1806874,
            18.1668595
          ]
        ]
      }
    },
    {
      "type": "Feature",
      "id": 1226056659,
      "properties": {
        "id": 1226056659,
        "name": "สายน้ำ stream",
        "category": "สายน้ำ",
        "highway": null,
        "waterway": "stream",
        "ref": null
      },
      "geometry": {
        "type": "LineString",
        "coordinates": [
          [
            100.1524112,
            18.1497501
          ],
          [
            100.1521988,
            18.1497221
          ],
          [
            100.1520291,
            18.1497322
          ],
          [
            100.1518779,
            18.1497347
          ],
          [
            100.1517665,
            18.1497095
          ],
          [
            100.1516524,
            18.1497044
          ],
          [
            100.1515781,
            18.1496918
          ],
          [
            100.1515198,
            18.1496439
          ],
          [
            100.151472,
            18.1495683
          ],
          [
            100.1514482,
            18.1494977
          ],
          [
            100.1513818,
            18.1494322
          ],
          [
            100.1513049,
            18.1493591
          ],
          [
            100.151221,
            18.1493254
          ],
          [
            100.1508326,
            18.1496801
          ],
          [
            100.1506671,
            18.1497659
          ],
          [
            100.1502387,
            18.1499523
          ],
          [
            100.1500776,
            18.1500273
          ],
          [
            100.1500365,
            18.1500963
          ],
          [
            100.1499544,
            18.1502014
          ],
          [
            100.1497572,
            18.1502874
          ]
        ]
      }
    },
    {
      "type": "Feature",
      "id": 1226056670,
      "properties": {
        "id": 1226056670,
        "name": "สายน้ำ stream",
        "category": "สายน้ำ",
        "highway": null,
        "waterway": "stream",
        "ref": null
      },
      "geometry": {
        "type": "LineString",
        "coordinates": [
          [
            100.162957,
            18.1510105
          ],
          [
            100.162898,
            18.1510309
          ],
          [
            100.1627988,
            18.1510589
          ],
          [
            100.1626298,
            18.1510666
          ],
          [
            100.1625413,
            18.151064
          ],
          [
            100.1624393,
            18.1511201
          ],
          [
            100.1623186,
            18.1511838
          ],
          [
            100.1621604,
            18.1511864
          ],
          [
            100.1619029,
            18.151194
          ],
          [
            100.16186,
            18.1511074
          ],
          [
            100.1618493,
            18.1510054
          ],
          [
            100.1618654,
            18.150878
          ],
          [
            100.1618412,
            18.1507811
          ],
          [
            100.1617339,
            18.1506052
          ],
          [
            100.16164,
            18.1503478
          ],
          [
            100.1615676,
            18.1500751
          ],
          [
            100.1615247,
            18.149889
          ],
          [
            100.1615247,
            18.1497285
          ],
          [
            100.1615167,
            18.1495526
          ],
          [
            100.1615033,
            18.1494354
          ],
          [
            100.1614684,
            18.1493411
          ],
          [
            100.161404,
            18.1492442
          ],
          [
            100.1613235,
            18.149104
          ],
          [
            100.1612914,
            18.1489689
          ],
          [
            100.161227,
            18.1488593
          ],
          [
            100.1611492,
            18.1487752
          ],
          [
            100.1610768,
            18.1486682
          ],
          [
            100.1610097,
            18.1484592
          ],
          [
            100.1610044,
            18.1483318
          ],
          [
            100.160948,
            18.1482706
          ],
          [
            100.1608488,
            18.1482655
          ],
          [
            100.1607066,
            18.1483037
          ],
          [
            100.1605672,
            18.1483598
          ],
          [
            100.1603901,
            18.1484643
          ],
          [
            100.1602346,
            18.1485051
          ],
          [
            100.159902,
            18.1485968
          ],
          [
            100.1596928,
            18.1486453
          ],
          [
            100.1594299,
            18.1486529
          ],
          [
            100.1592261,
            18.1487548
          ],
          [
            100.1589766,
            18.1488721
          ],
          [
            100.1587138,
            18.1489409
          ],
          [
            100.158239,
            18.148997
          ],
          [
            100.1579708,
            18.149025
          ],
          [
            100.1577482,
            18.1490862
          ],
          [
            100.1574773,
            18.1491499
          ],
          [
            100.1572654,
            18.1492238
          ],
          [
            100.1571044,
            18.1492773
          ],
          [
            100.1569623,
            18.1493105
          ],
          [
            100.156855,
            18.1492773
          ],
          [
            100.156804,
            18.1491805
          ],
          [
            100.1567665,
            18.1489995
          ],
          [
            100.156745,
            18.1488466
          ],
          [
            100.1567209,
            18.1487574
          ],
          [
            100.1566324,
            18.1487523
          ],
          [
            100.1564822,
            18.1487829
          ],
          [
            100.1563078,
            18.1488364
          ],
          [
            100.156053,
            18.1488925
          ],
          [
            100.1557124,
            18.1489638
          ],
          [
            100.1553583,
            18.1490785
          ],
          [
            100.1551437,
            18.1491652
          ],
          [
            100.1548058,
            18.1492519
          ],
          [
            100.1545215,
            18.1493589
          ],
          [
            100.1542264,
            18.1495042
          ],
          [
            100.1539502,
            18.1495959
          ],
          [
            100.1536578,
            18.1496597
          ],
          [
            100.1530928,
            18.1497296
          ],
          [
            100.1530079,
            18.1497574
          ],
          [
            100.15287,
            18.1497675
          ],
          [
            100.1527798,
            18.1497624
          ],
          [
            100.1526074,
            18.1497448
          ],
          [
            100.1525305,
            18.1497586
          ]
        ]
      }
    },
    {
      "type": "Feature",
      "id": 1226056671,
      "properties": {
        "id": 1226056671,
        "name": "สายน้ำ drain",
        "category": "สายน้ำ",
        "highway": null,
        "waterway": "drain",
        "ref": null
      },
      "geometry": {
        "type": "LineString",
        "coordinates": [
          [
            100.1525305,
            18.1497586
          ],
          [
            100.1524112,
            18.1497501
          ]
        ]
      }
    },
    {
      "type": "Feature",
      "id": 1244825431,
      "properties": {
        "id": 1244825431,
        "name": "สายน้ำ ditch",
        "category": "สายน้ำ",
        "highway": null,
        "waterway": "ditch",
        "ref": null
      },
      "geometry": {
        "type": "LineString",
        "coordinates": [
          [
            100.2240537,
            18.196053
          ],
          [
            100.2239504,
            18.1959237
          ],
          [
            100.2238432,
            18.19573
          ],
          [
            100.2236259,
            18.1956358
          ],
          [
            100.2234757,
            18.1952281
          ],
          [
            100.2235669,
            18.195093
          ],
          [
            100.2236178,
            18.1950726
          ],
          [
            100.2237815,
            18.1950701
          ],
          [
            100.2238432,
            18.194986
          ],
          [
            100.2238619,
            18.1948815
          ],
          [
            100.2239907,
            18.1947872
          ],
          [
            100.2240967,
            18.194424
          ]
        ]
      }
    },
    {
      "type": "Feature",
      "id": 1244825432,
      "properties": {
        "id": 1244825432,
        "name": "สายน้ำ ditch",
        "category": "สายน้ำ",
        "highway": null,
        "waterway": "ditch",
        "ref": null
      },
      "geometry": {
        "type": "LineString",
        "coordinates": [
          [
            100.2241128,
            18.196127
          ],
          [
            100.2240537,
            18.196053
          ]
        ]
      }
    },
    {
      "type": "Feature",
      "id": 1304426787,
      "properties": {
        "id": 1304426787,
        "name": "แม่น้ำยม",
        "category": "สายน้ำ",
        "highway": null,
        "waterway": "river",
        "ref": null
      },
      "geometry": {
        "type": "LineString",
        "coordinates": [
          [
            100.1504225,
            18.4649754
          ],
          [
            100.1502079,
            18.4646294
          ],
          [
            100.1502562,
            18.4642274
          ],
          [
            100.1504117,
            18.4638662
          ],
          [
            100.150769,
            18.463457
          ],
          [
            100.1511949,
            18.4631029
          ],
          [
            100.1516241,
            18.4626348
          ],
          [
            100.1522979,
            18.4618695
          ],
          [
            100.1527399,
            18.4614136
          ],
          [
            100.1532978,
            18.4609862
          ],
          [
            100.1558083,
            18.4595411
          ],
          [
            100.1574692,
            18.4584501
          ],
          [
            100.1609582,
            18.4564269
          ],
          [
            100.1615375,
            18.4560402
          ],
          [
            100.1623422,
            18.4557095
          ],
          [
            100.1629806,
            18.4554143
          ],
          [
            100.1635546,
            18.4551548
          ],
          [
            100.1642445,
            18.4548169
          ],
          [
            100.1648367,
            18.4547426
          ],
          [
            100.1652557,
            18.4548805
          ],
          [
            100.1658618,
            18.4549009
          ],
          [
            100.1663494,
            18.4547274
          ],
          [
            100.1668161,
            18.4547019
          ],
          [
            100.1672137,
            18.4547838
          ],
          [
            100.1679057,
            18.4546007
          ],
          [
            100.168286,
            18.454305
          ],
          [
            100.1685005,
            18.453791
          ],
          [
            100.1687044,
            18.4533331
          ],
          [
            100.1689404,
            18.4525596
          ],
          [
            100.1690992,
            18.4515907
          ],
          [
            100.1690048,
            18.4507074
          ],
          [
            100.1687559,
            18.4497588
          ],
          [
            100.1683182,
            18.4489772
          ],
          [
            100.1677689,
            18.4482526
          ],
          [
            100.1674255,
            18.4476012
          ],
          [
            100.1672539,
            18.4470109
          ],
          [
            100.1670522,
            18.4458832
          ],
          [
            100.167138,
            18.4451097
          ],
          [
            100.1674384,
            18.4445194
          ],
          [
            100.1685757,
            18.4428096
          ],
          [
            100.1690263,
            18.442321
          ],
          [
            100.1695627,
            18.4419953
          ],
          [
            100.1701635,
            18.4418528
          ],
          [
            100.1706571,
            18.4418936
          ],
          [
            100.1711077,
            18.4418325
          ],
          [
            100.1715583,
            18.4416086
          ],
          [
            100.1721162,
            18.4411404
          ],
          [
            100.1736397,
            18.439858
          ],
          [
            100.1754207,
            18.438372
          ],
          [
            100.1760215,
            18.4377206
          ],
          [
            100.176515,
            18.4369674
          ],
          [
            100.1770944,
            18.4359699
          ],
          [
            100.1780385,
            18.4347486
          ],
          [
            100.1783818,
            18.4343007
          ],
          [
            100.1785535,
            18.4338529
          ],
          [
            100.1786264,
            18.4334335
          ],
          [
            100.1784676,
            18.4329165
          ],
          [
            100.1779827,
            18.4318457
          ],
          [
            100.1772317,
            18.4310314
          ],
          [
            100.1761803,
            18.4296064
          ],
          [
            100.1750773,
            18.4283768
          ],
          [
            100.1746267,
            18.42799
          ],
          [
            100.1738543,
            18.4275015
          ],
          [
            100.1725024,
            18.426851
          ],
          [
            100.1712879,
            18.4262474
          ],
          [
            100.1703566,
            18.4258739
          ],
          [
            100.1695842,
            18.4257925
          ],
          [
            100.1688117,
            18.4257517
          ],
          [
            100.1678246,
            18.4255685
          ],
          [
            100.1665029,
            18.4251278
          ],
          [
            100.1648077,
            18.4242524
          ],
          [
            100.1642713,
            18.4238045
          ],
          [
            100.1637906,
            18.4231459
          ],
          [
            100.1635546,
            18.4226166
          ],
          [
            100.1634902,
            18.4222095
          ],
          [
            100.1635546,
            18.4219245
          ],
          [
            100.1638121,
            18.4216394
          ],
          [
            100.1644129,
            18.4213137
          ],
          [
            100.165121,
            18.4210491
          ],
          [
            100.1657304,
            18.4205676
          ],
          [
            100.1662368,
            18.4198886
          ],
          [
            100.1668676,
            18.4186946
          ],
          [
            100.1672667,
            18.4179953
          ],
          [
            100.1677603,
            18.4175067
          ],
          [
            100.1682753,
            18.417242
          ],
          [
            100.1687688,
            18.4171606
          ],
          [
            100.1696142,
            18.4173917
          ],
          [
            100.1703781,
            18.4174456
          ],
          [
            100.1711291,
            18.4174049
          ],
          [
            100.1717729,
            18.417242
          ],
          [
            100.1722878,
            18.4169774
          ],
          [
            100.1727599,
            18.4165906
          ],
          [
            100.1731247,
            18.4158576
          ],
          [
            100.1735839,
            18.4148875
          ],
          [
            100.1737899,
            18.4141882
          ],
          [
            100.1737899,
            18.4135571
          ],
          [
            100.1738113,
            18.4129056
          ],
          [
            100.1739272,
            18.4123223
          ],
          [
            100.1743049,
            18.411684
          ],
          [
            100.1744765,
            18.4107475
          ],
          [
            100.1744765,
            18.4101164
          ],
          [
            100.1743564,
            18.4092888
          ],
          [
            100.1740989,
            18.4084744
          ],
          [
            100.1736268,
            18.4075989
          ],
          [
            100.1733607,
            18.4069199
          ],
          [
            100.1732534,
            18.4064516
          ],
          [
            100.1731132,
            18.4060167
          ],
          [
            100.1731268,
            18.4053633
          ],
          [
            100.1731736,
            18.4048707
          ],
          [
            100.1732817,
            18.4044491
          ],
          [
            100.1738109,
            18.4033915
          ],
          [
            100.1742894,
            18.4029263
          ],
          [
            100.1745312,
            18.4025807
          ],
          [
            100.174646,
            18.4023388
          ],
          [
            100.1748503,
            18.401891
          ],
          [
            100.1750615,
            18.4014051
          ],
          [
            100.1750658,
            18.4008608
          ],
          [
            100.1749286,
            18.4005101
          ],
          [
            100.1747533,
            18.4001809
          ],
          [
            100.174439,
            18.3996859
          ],
          [
            100.1738998,
            18.3991484
          ],
          [
            100.1739186,
            18.3991269
          ],
          [
            100.1731483,
            18.3973902
          ],
          [
            100.1728887,
            18.3970044
          ],
          [
            100.172275,
            18.3966246
          ],
          [
            100.1714167,
            18.3962581
          ],
          [
            100.1705927,
            18.3961288
          ],
          [
            100.1695498,
            18.3961971
          ],
          [
            100.1686915,
            18.3963599
          ],
          [
            100.167447,
            18.3968079
          ],
          [
            100.1664514,
            18.3973912
          ],
          [
            100.1664604,
            18.3977141
          ],
          [
            100.1661308,
            18.3980823
          ],
          [
            100.1659096,
            18.3981623
          ],
          [
            100.1657764,
            18.3981021
          ],
          [
            100.1651424,
            18.3983889
          ],
          [
            100.1642713,
            18.3989661
          ],
          [
            100.1633915,
            18.399353
          ],
          [
            100.1621813,
            18.3996716
          ],
          [
            100.1611027,
            18.3997122
          ],
          [
            100.1606607,
            18.3996582
          ],
          [
            100.1603088,
            18.3994271
          ],
          [
            100.1599653,
            18.3988056
          ],
          [
            100.1598507,
            18.3981661
          ],
          [
            100.1598049,
            18.3977524
          ],
          [
            100.1595935,
            18.3973984
          ],
          [
            100.1593145,
            18.3969504
          ],
          [
            100.1586125,
            18.3962938
          ],
          [
            100.1582671,
            18.3960795
          ],
          [
            100.1575121,
            18.3958509
          ],
          [
            100.156617,
            18.3952616
          ],
          [
            100.1562808,
            18.3949096
          ],
          [
            100.1562164,
            18.3941766
          ],
          [
            100.1563164,
            18.3935062
          ],
          [
            100.1570286,
            18.3921798
          ],
          [
            100.1575679,
            18.3914457
          ],
          [
            100.1577621,
            18.3908116
          ],
          [
            100.1578608,
            18.3902751
          ],
          [
            100.1577192,
            18.3897935
          ],
          [
            100.157285,
            18.3889129
          ],
          [
            100.1568265,
            18.3884664
          ],
          [
            100.1561028,
            18.3881961
          ],
          [
            100.1551994,
            18.3881071
          ],
          [
            100.1544414,
            18.3883617
          ],
          [
            100.1539716,
            18.3888465
          ],
          [
            100.1536411,
            18.3891856
          ],
          [
            100.1533708,
            18.3898239
          ],
          [
            100.153212,
            18.3905294
          ],
          [
            100.1530403,
            18.3910385
          ],
          [
            100.1525595,
            18.3916569
          ],
          [
            100.1520496,
            18.3920749
          ],
          [
            100.1513613,
            18.3922022
          ],
          [
            100.15064,
            18.3921252
          ],
          [
            100.1502379,
            18.3917583
          ],
          [
            100.1499804,
            18.3914121
          ],
          [
            100.1499161,
            18.3909031
          ],
          [
            100.1500234,
            18.3899054
          ],
          [
            100.1501435,
            18.387862
          ],
          [
            100.1502988,
            18.3867708
          ],
          [
            100.150294,
            18.3863751
          ],
          [
            100.1502296,
            18.3861511
          ],
          [
            100.1500258,
            18.3855809
          ],
          [
            100.1499721,
            18.3852959
          ],
          [
            100.1499828,
            18.3848988
          ],
          [
            100.1499006,
            18.3844223
          ],
          [
            100.1499864,
            18.384015
          ],
          [
            100.1500937,
            18.3836485
          ],
          [
            100.1501688,
            18.3834042
          ],
          [
            100.1502697,
            18.3830462
          ],
          [
            100.1502832,
            18.3828116
          ],
          [
            100.1502552,
            18.381879
          ],
          [
            100.1501372,
            18.3813078
          ],
          [
            100.1500037,
            18.3806756
          ],
          [
            100.1497882,
            18.3799924
          ],
          [
            100.1494757,
            18.3792149
          ],
          [
            100.1485403,
            18.377978
          ],
          [
            100.148347,
            18.3776108
          ],
          [
            100.1484465,
            18.3768768
          ],
          [
            100.1486289,
            18.3764797
          ],
          [
            100.1490328,
            18.3758982
          ],
          [
            100.1495194,
            18.37538
          ],
          [
            100.1499914,
            18.3750338
          ],
          [
            100.1505172,
            18.374643
          ],
          [
            100.151118,
            18.374419
          ],
          [
            100.1515793,
            18.374307
          ],
          [
            100.1519656,
            18.3742663
          ],
          [
            100.1523411,
            18.374307
          ],
          [
            100.1526308,
            18.3743986
          ],
          [
            100.1529955,
            18.3745106
          ],
          [
            100.1532493,
            18.3745911
          ],
          [
            100.15354,
            18.3749341
          ],
          [
            100.15393,
            18.3751347
          ],
          [
            100.1543774,
            18.3751994
          ],
          [
            100.154807,
            18.375039
          ],
          [
            100.1550683,
            18.3748466
          ],
          [
            100.1554009,
            18.3745208
          ],
          [
            100.1556332,
            18.3742041
          ],
          [
            100.1557442,
            18.3738284
          ],
          [
            100.1556906,
            18.3733193
          ],
          [
            100.1556262,
            18.3730072
          ],
          [
            100.1555618,
            18.3726916
          ],
          [
            100.155594,
            18.3723556
          ],
          [
            100.1557335,
            18.3719279
          ],
          [
            100.1559658,
            18.3714789
          ],
          [
            100.1561412,
            18.3710319
          ],
          [
            100.1563021,
            18.3704923
          ],
          [
            100.1564309,
            18.3697184
          ],
          [
            100.1566025,
            18.3689751
          ],
          [
            100.1568171,
            18.3683744
          ],
          [
            100.1570092,
            18.3679885
          ],
          [
            100.157493,
            18.367346
          ],
          [
            100.1579973,
            18.3666332
          ],
          [
            100.158405,
            18.3662361
          ],
          [
            100.1588947,
            18.3658787
          ],
          [
            100.1594135,
            18.3655742
          ],
          [
            100.1599928,
            18.3653299
          ],
          [
            100.1609048,
            18.3650448
          ],
          [
            100.1616665,
            18.3649124
          ],
          [
            100.1623425,
            18.3649124
          ],
          [
            100.1630361,
            18.3650336
          ],
          [
            100.1640581,
            18.3652533
          ],
          [
            100.16445,
            18.3652918
          ],
          [
            100.1648499,
            18.3656023
          ],
          [
            100.1650075,
            18.3657716
          ],
          [
            100.1650994,
            18.3658025
          ],
          [
            100.1652712,
            18.3657545
          ],
          [
            100.1654002,
            18.3655946
          ],
          [
            100.1657864,
            18.3653706
          ],
          [
            100.1660332,
            18.3650346
          ],
          [
            100.1662225,
            18.3645652
          ],
          [
            100.1662692,
            18.3641793
          ],
          [
            100.1662692,
            18.3636803
          ],
          [
            100.1662799,
            18.3631406
          ],
          [
            100.166355,
            18.3627435
          ],
          [
            100.1664623,
            18.3624177
          ],
          [
            100.1666984,
            18.3620307
          ],
          [
            100.1671061,
            18.3616336
          ],
          [
            100.1675889,
            18.3612976
          ],
          [
            100.1679858,
            18.3609514
          ],
          [
            100.1685115,
            18.3604219
          ],
          [
            100.1690802,
            18.3597702
          ],
          [
            100.1696059,
            18.3591389
          ],
          [
            100.1701316,
            18.3584872
          ],
          [
            100.1705248,
            18.3579363
          ],
          [
            100.1708182,
            18.3574791
          ],
          [
            100.1709528,
            18.3570927
          ],
          [
            100.1711797,
            18.3562947
          ],
          [
            100.1714593,
            18.3555878
          ],
          [
            100.1715762,
            18.3551385
          ],
          [
            100.1715349,
            18.354691
          ],
          [
            100.171301,
            18.3540169
          ],
          [
            100.1710757,
            18.3533855
          ],
          [
            100.1708504,
            18.3526931
          ],
          [
            100.1706037,
            18.3522145
          ],
          [
            100.170314,
            18.3517664
          ],
          [
            100.1700672,
            18.3514202
          ],
          [
            100.1696273,
            18.351023
          ],
          [
            100.169291,
            18.3508183
          ],
          [
            100.1689836,
            18.3507277
          ],
          [
            100.1685759,
            18.350687
          ],
          [
            100.1681253,
            18.350687
          ],
          [
            100.1676961,
            18.3507583
          ],
          [
            100.1668533,
            18.3509496
          ],
          [
            100.1660604,
            18.3510734
          ],
          [
            100.1654823,
            18.3511071
          ],
          [
            100.1651497,
            18.3510627
          ],
          [
            100.1649281,
            18.3508397
          ],
          [
            100.1647672,
            18.3505546
          ],
          [
            100.1646599,
            18.3502287
          ],
          [
            100.1644426,
            18.3497099
          ],
          [
            100.1642375,
            18.3490899
          ],
          [
            100.1640892,
            18.3486925
          ],
          [
            100.1640683,
            18.347933
          ],
          [
            100.1640599,
            18.3476255
          ],
          [
            100.16383,
            18.3472542
          ],
          [
            100.1633579,
            18.3469487
          ],
          [
            100.1629004,
            18.3467155
          ],
          [
            100.1622995,
            18.346522
          ],
          [
            100.1617631,
            18.3464201
          ],
          [
            100.1609799,
            18.3463285
          ],
          [
            100.159211,
            18.3460394
          ],
          [
            100.1582963,
            18.3460747
          ],
          [
            100.1579613,
            18.3460141
          ],
          [
            100.1574296,
            18.3457718
          ],
          [
            100.1569138,
            18.345358
          ],
          [
            100.1565628,
            18.344828
          ],
          [
            100.156515,
            18.3446009
          ],
          [
            100.1565274,
            18.344139
          ],
          [
            100.1566991,
            18.3434262
          ],
          [
            100.1568885,
            18.3429567
          ],
          [
            100.1572248,
            18.3423569
          ],
          [
            100.157654,
            18.3416135
          ],
          [
            100.158008,
            18.3411246
          ],
          [
            100.1583621,
            18.3407478
          ],
          [
            100.1587161,
            18.3404729
          ],
          [
            100.1589951,
            18.3401674
          ],
          [
            100.1591882,
            18.3398007
          ],
          [
            100.1594827,
            18.3393333
          ],
          [
            100.1597842,
            18.3387247
          ],
          [
            100.1598593,
            18.3379202
          ],
          [
            100.1597603,
            18.337006
          ],
          [
            100.1597783,
            18.3363382
          ],
          [
            100.1599177,
            18.3357577
          ],
          [
            100.1600679,
            18.3351976
          ],
          [
            100.1603254,
            18.3345356
          ],
          [
            100.1606044,
            18.3339551
          ],
          [
            100.1607653,
            18.3335274
          ],
          [
            100.1608512,
            18.3330996
          ],
          [
            100.1609456,
            18.3325271
          ],
          [
            100.161013,
            18.3318844
          ],
          [
            100.1610262,
            18.3310626
          ],
          [
            100.1608653,
            18.3302376
          ],
          [
            100.160758,
            18.3295451
          ],
          [
            100.1606708,
            18.3286804
          ],
          [
            100.1607653,
            18.327712
          ],
          [
            100.1609906,
            18.3270297
          ],
          [
            100.161291,
            18.3265001
          ],
          [
            100.1614627,
            18.3261436
          ],
          [
            100.1615485,
            18.3258381
          ],
          [
            100.1615807,
            18.3254409
          ],
          [
            100.1616459,
            18.3246861
          ],
          [
            100.1617304,
            18.3239622
          ],
          [
            100.1617435,
            18.3232383
          ],
          [
            100.1616652,
            18.3225825
          ],
          [
            100.1614371,
            18.3217162
          ],
          [
            100.161033,
            18.3208191
          ],
          [
            100.1607723,
            18.3202622
          ],
          [
            100.1602704,
            18.3183069
          ],
          [
            100.160101,
            18.3173293
          ],
          [
            100.1600553,
            18.3168096
          ],
          [
            100.1601401,
            18.3159433
          ],
          [
            100.160303,
            18.3153369
          ],
          [
            100.1605116,
            18.3150275
          ],
          [
            100.1609809,
            18.3146253
          ],
          [
            100.1618086,
            18.3140746
          ],
          [
            100.1628645,
            18.3136229
          ],
          [
            100.1637705,
            18.3134064
          ],
          [
            100.1648003,
            18.3134002
          ],
          [
            100.1653543,
            18.3130846
          ],
          [
            100.1658627,
            18.3126824
          ],
          [
            100.1667817,
            18.3115377
          ],
          [
            100.1672879,
            18.3105909
          ],
          [
            100.16776,
            18.3101427
          ],
          [
            100.1680416,
            18.3097872
          ],
          [
            100.1682219,
            18.3094603
          ],
          [
            100.1683292,
            18.309114
          ],
          [
            100.1683535,
            18.3089523
          ],
          [
            100.1683828,
            18.3087575
          ],
          [
            100.1684942,
            18.3076079
          ],
          [
            100.1683855,
            18.3066512
          ],
          [
            100.168028,
            18.3061896
          ],
          [
            100.1674568,
            18.3057319
          ],
          [
            100.1665478,
            18.3052629
          ],
          [
            100.1653919,
            18.305019
          ],
          [
            100.1639295,
            18.3044499
          ],
          [
            100.1633548,
            18.3041607
          ],
          [
            100.1629175,
            18.3037876
          ],
          [
            100.1622248,
            18.3029994
          ],
          [
            100.1619841,
            18.302505
          ],
          [
            100.1617876,
            18.3015768
          ],
          [
            100.161709,
            18.3004994
          ],
          [
            100.1615322,
            18.2994313
          ],
          [
            100.1610851,
            18.2983352
          ],
          [
            100.1610016,
            18.2976729
          ],
          [
            100.1610629,
            18.2971673
          ],
          [
            100.1611833,
            18.2969904
          ],
          [
            100.1614986,
            18.2967305
          ],
          [
            100.1627182,
            18.296187
          ],
          [
            100.1643526,
            18.2956671
          ],
          [
            100.1656551,
            18.2951866
          ],
          [
            100.1660372,
            18.2949592
          ],
          [
            100.1664056,
            18.294656
          ],
          [
            100.1673158,
            18.2935671
          ],
          [
            100.1685789,
            18.2927094
          ],
          [
            100.1694475,
            18.2923967
          ],
          [
            100.1702647,
            18.2922346
          ],
          [
            100.1709786,
            18.2918887
          ],
          [
            100.1718133,
            18.2916473
          ],
          [
            100.1723519,
            18.2914201
          ],
          [
            100.1728883,
            18.2910126
          ],
          [
            100.1733797,
            18.2905471
          ],
          [
            100.1741737,
            18.2897933
          ],
          [
            100.1745835,
            18.2895457
          ],
          [
            100.1751199,
            18.2893013
          ],
          [
            100.1756608,
            18.2890803
          ],
          [
            100.1761961,
            18.2890459
          ],
          [
            100.1769668,
            18.2891399
          ],
          [
            100.1775019,
            18.2893043
          ],
          [
            100.1781272,
            18.2893745
          ],
          [
            100.1788138,
            18.2892822
          ],
          [
            100.1798301,
            18.2890959
          ],
          [
            100.180795,
            18.2891278
          ],
          [
            100.1815368,
            18.2893504
          ],
          [
            100.1838068,
            18.2902235
          ],
          [
            100.1847206,
            18.2904113
          ],
          [
            100.1855252,
            18.2903918
          ],
          [
            100.1858934,
            18.2901523
          ],
          [
            100.1861934,
            18.2897185
          ],
          [
            100.1864662,
            18.2886243
          ],
          [
            100.1867867,
            18.288087
          ],
          [
            100.1869145,
            18.2877876
          ],
          [
            100.1865915,
            18.2866263
          ],
          [
            100.1862103,
            18.2859291
          ],
          [
            100.1857653,
            18.2849539
          ],
          [
            100.1856213,
            18.2839548
          ],
          [
            100.185716,
            18.2827674
          ],
          [
            100.1860766,
            18.2817048
          ],
          [
            100.1870091,
            18.2797638
          ],
          [
            100.1872675,
            18.2791858
          ],
          [
            100.1876705,
            18.2785467
          ],
          [
            100.1881877,
            18.2781565
          ],
          [
            100.1887499,
            18.2776405
          ],
          [
            100.1895486,
            18.2773606
          ],
          [
            100.1905909,
            18.2775248
          ],
          [
            100.1914297,
            18.2778507
          ],
          [
            100.1919621,
            18.2779558
          ],
          [
            100.1923317,
            18.2782289
          ],
          [
            100.1934058,
            18.2791439
          ],
          [
            100.1939349,
            18.27985
          ],
          [
            100.1945606,
            18.2802958
          ],
          [
            100.1955455,
            18.2803396
          ],
          [
            100.1962772,
            18.2802143
          ],
          [
            100.196833,
            18.2799525
          ],
          [
            100.197157,
            18.2797253
          ],
          [
            100.1972932,
            18.2794469
          ],
          [
            100.1973708,
            18.279059
          ],
          [
            100.1974123,
            18.2784855
          ],
          [
            100.1972836,
            18.2779965
          ],
          [
            100.1968566,
            18.2774026
          ],
          [
            100.1961485,
            18.2767506
          ],
          [
            100.1949897,
            18.2758948
          ],
          [
            100.1937431,
            18.2751236
          ],
          [
            100.1928869,
            18.2744889
          ],
          [
            100.192093,
            18.2737554
          ],
          [
            100.1915565,
            18.273083
          ],
          [
            100.1910201,
            18.2725125
          ],
          [
            100.1905909,
            18.2722272
          ],
          [
            100.190033,
            18.272105
          ],
          [
            100.1894528,
            18.2720651
          ],
          [
            100.1887448,
            18.2720652
          ],
          [
            100.188222,
            18.2723559
          ],
          [
            100.1876155,
            18.2726064
          ],
          [
            100.1869964,
            18.2728335
          ],
          [
            100.1861763,
            18.2731049
          ],
          [
            100.184781,
            18.2732456
          ],
          [
            100.1840083,
            18.2731449
          ],
          [
            100.1832309,
            18.2726755
          ],
          [
            100.1811925,
            18.2723495
          ],
          [
            100.1787892,
            18.2721457
          ],
          [
            100.1782835,
            18.2721468
          ],
          [
            100.17735,
            18.2717832
          ],
          [
            100.1767523,
            18.2711254
          ],
          [
            100.1764469,
            18.2703048
          ],
          [
            100.1768452,
            18.2686519
          ],
          [
            100.1771185,
            18.2654577
          ],
          [
            100.1773585,
            18.2643052
          ],
          [
            100.1777187,
            18.2634481
          ],
          [
            100.1784732,
            18.262499
          ],
          [
            100.1790692,
            18.2603121
          ],
          [
            100.1791884,
            18.2593711
          ],
          [
            100.1789391,
            18.2584784
          ],
          [
            100.1785059,
            18.2563127
          ],
          [
            100.1785305,
            18.2539303
          ],
          [
            100.1791714,
            18.2514454
          ],
          [
            100.1796014,
            18.2498745
          ],
          [
            100.1793014,
            18.2490455
          ],
          [
            100.1774884,
            18.2465049
          ],
          [
            100.1766619,
            18.2452044
          ],
          [
            100.1755065,
            18.2444627
          ],
          [
            100.1748266,
            18.2435468
          ],
          [
            100.1745594,
            18.2425104
          ],
          [
            100.1750117,
            18.2411769
          ],
          [
            100.1759486,
            18.2404213
          ],
          [
            100.177339,
            18.2397002
          ],
          [
            100.1783598,
            18.2393715
          ],
          [
            100.1794935,
            18.2382688
          ],
          [
            100.1800513,
            18.2376189
          ],
          [
            100.1804317,
            18.2369622
          ],
          [
            100.1804962,
            18.2360108
          ],
          [
            100.180481,
            18.2346046
          ],
          [
            100.180782,
            18.2334596
          ],
          [
            100.1809458,
            18.2325777
          ],
          [
            100.1807569,
            18.231983
          ],
          [
            100.1813661,
            18.2312905
          ],
          [
            100.182174,
            18.2309217
          ],
          [
            100.1831684,
            18.2305529
          ],
          [
            100.1841912,
            18.2299548
          ],
          [
            100.1853944,
            18.2296252
          ],
          [
            100.1868296,
            18.2294009
          ],
          [
            100.1877459,
            18.2292143
          ],
          [
            100.188269,
            18.2291373
          ],
          [
            100.1884942,
            18.2290286
          ],
          [
            100.1888111,
            18.2287386
          ],
          [
            100.1889853,
            18.2280522
          ],
          [
            100.1889233,
            18.2273181
          ],
          [
            100.1884709,
            18.226503
          ],
          [
            100.1883881,
            18.2257012
          ],
          [
            100.1889714,
            18.2248015
          ],
          [
            100.1896398,
            18.2238882
          ],
          [
            100.1901616,
            18.2229806
          ],
          [
            100.1905547,
            18.2220914
          ],
          [
            100.1905061,
            18.2211238
          ],
          [
            100.1902444,
            18.2208042
          ],
          [
            100.1898418,
            18.2203126
          ],
          [
            100.1889215,
            18.219922
          ],
          [
            100.1812366,
            18.2184727
          ],
          [
            100.1776443,
            18.217694
          ],
          [
            100.1748387,
            18.2163704
          ],
          [
            100.1721335,
            18.2162853
          ],
          [
            100.1679883,
            18.2138147
          ],
          [
            100.1667297,
            18.2131738
          ],
          [
            100.1653547,
            18.2130663
          ],
          [
            100.1643037,
            18.2132485
          ],
          [
            100.1602856,
            18.2138343
          ],
          [
            100.1589718,
            18.2136188
          ],
          [
            100.1579413,
            18.2129955
          ],
          [
            100.1563181,
            18.2089638
          ],
          [
            100.1554136,
            18.204935
          ],
          [
            100.1553782,
            18.2034786
          ],
          [
            100.1564809,
            18.1996681
          ],
          [
            100.1565037,
            18.1985885
          ],
          [
            100.1563427,
            18.1975071
          ],
          [
            100.1548959,
            18.1963279
          ],
          [
            100.1544421,
            18.1960575
          ],
          [
            100.1529642,
            18.1958141
          ],
          [
            100.1511274,
            18.195598
          ],
          [
            100.1490471,
            18.1961229
          ],
          [
            100.1476395,
            18.1971595
          ],
          [
            100.1466725,
            18.1972855
          ],
          [
            100.1458867,
            18.197977
          ],
          [
            100.1451219,
            18.1980636
          ],
          [
            100.1444041,
            18.1979868
          ],
          [
            100.1429896,
            18.1969098
          ],
          [
            100.1424768,
            18.1962075
          ],
          [
            100.1422289,
            18.1954319
          ],
          [
            100.1413296,
            18.1940463
          ],
          [
            100.1411166,
            18.1937804
          ],
          [
            100.1405413,
            18.1935463
          ],
          [
            100.1401206,
            18.1934418
          ],
          [
            100.1394188,
            18.1934584
          ],
          [
            100.1382496,
            18.1936849
          ],
          [
            100.1370104,
            18.1940427
          ],
          [
            100.1353496,
            18.1951644
          ],
          [
            100.134406,
            18.1955227
          ],
          [
            100.1338378,
            18.1955501
          ],
          [
            100.1332554,
            18.1954693
          ],
          [
            100.1328877,
            18.1953425
          ],
          [
            100.1323737,
            18.19501
          ],
          [
            100.1306874,
            18.1934312
          ],
          [
            100.1297236,
            18.1929451
          ],
          [
            100.1282321,
            18.1918187
          ],
          [
            100.1278684,
            18.1911114
          ],
          [
            100.1276286,
            18.1902705
          ],
          [
            100.1276316,
            18.1897183
          ],
          [
            100.127966,
            18.1891233
          ],
          [
            100.1284724,
            18.1885805
          ],
          [
            100.1290362,
            18.1882197
          ],
          [
            100.1296934,
            18.188022
          ],
          [
            100.1305377,
            18.1871412
          ],
          [
            100.1313183,
            18.1868678
          ],
          [
            100.1323053,
            18.1865012
          ],
          [
            100.1342896,
            18.1846736
          ],
          [
            100.1355673,
            18.1832784
          ],
          [
            100.1364522,
            18.1825598
          ],
          [
            100.1384196,
            18.1812599
          ],
          [
            100.1395963,
            18.1808219
          ],
          [
            100.1407126,
            18.180522
          ],
          [
            100.1422442,
            18.1804512
          ],
          [
            100.143301,
            18.1798162
          ],
          [
            100.1440829,
            18.1793263
          ],
          [
            100.1443822,
            18.1784756
          ],
          [
            100.1442508,
            18.1771846
          ],
          [
            100.1442017,
            18.1762887
          ],
          [
            100.1440354,
            18.1753428
          ],
          [
            100.1443862,
            18.1740253
          ],
          [
            100.1444616,
            18.172543
          ],
          [
            100.1443087,
            18.1713636
          ],
          [
            100.143871,
            18.170649
          ],
          [
            100.1427879,
            18.1695476
          ],
          [
            100.1419285,
            18.1685093
          ],
          [
            100.1415777,
            18.1675806
          ],
          [
            100.141663,
            18.166154
          ],
          [
            100.1419522,
            18.1652712
          ],
          [
            100.1455855,
            18.1616691
          ],
          [
            100.1459495,
            18.1612501
          ],
          [
            100.1463904,
            18.1604524
          ],
          [
            100.1467211,
            18.1591923
          ],
          [
            100.1465341,
            18.1582244
          ],
          [
            100.1461809,
            18.1575469
          ],
          [
            100.1451624,
            18.1567324
          ],
          [
            100.143691,
            18.1558964
          ],
          [
            100.1429004,
            18.1555917
          ],
          [
            100.1425685,
            18.1553031
          ],
          [
            100.1422013,
            18.1547386
          ],
          [
            100.1419172,
            18.1541829
          ],
          [
            100.1416091,
            18.1532873
          ],
          [
            100.1413392,
            18.1524052
          ],
          [
            100.1410726,
            18.1518363
          ],
          [
            100.1404163,
            18.1507111
          ],
          [
            100.1398219,
            18.1501022
          ],
          [
            100.1389995,
            18.1498845
          ],
          [
            100.137509,
            18.1500052
          ],
          [
            100.1355597,
            18.1505083
          ],
          [
            100.1349883,
            18.1504929
          ],
          [
            100.1339704,
            18.1503631
          ],
          [
            100.1335305,
            18.1502
          ],
          [
            100.1326384,
            18.1496489
          ],
          [
            100.1322752,
            18.1491448
          ],
          [
            100.1319748,
            18.1485076
          ],
          [
            100.1317388,
            18.1478959
          ],
          [
            100.131462,
            18.1469153
          ],
          [
            100.1313686,
            18.1453063
          ],
          [
            100.1311524,
            18.1442673
          ],
          [
            100.1309127,
            18.1439733
          ],
          [
            100.1306123,
            18.1436802
          ],
          [
            100.130395,
            18.1435655
          ],
          [
            100.1299444,
            18.1433641
          ],
          [
            100.1293918,
            18.1432214
          ],
          [
            100.1289037,
            18.1431347
          ],
          [
            100.1261706,
            18.1428995
          ],
          [
            100.1257414,
            18.1426428
          ],
          [
            100.125402,
            18.1422558
          ],
          [
            100.1248393,
            18.1402463
          ],
          [
            100.1242508,
            18.1375392
          ],
          [
            100.1241993,
            18.1368229
          ],
          [
            100.1247921,
            18.1334308
          ],
          [
            100.1254295,
            18.1307589
          ],
          [
            100.1263405,
            18.1293823
          ],
          [
            100.1288573,
            18.1279662
          ],
          [
            100.1294522,
            18.1271693
          ],
          [
            100.1298871,
            18.126391
          ],
          [
            100.130277,
            18.1252911
          ],
          [
            100.1308126,
            18.1238335
          ],
          [
            100.1323318,
            18.1210014
          ],
          [
            100.1327171,
            18.1196763
          ],
          [
            100.1327982,
            18.1190499
          ],
          [
            100.1327919,
            18.1185397
          ],
          [
            100.1325204,
            18.117314
          ],
          [
            100.1321403,
            18.1165964
          ],
          [
            100.1319493,
            18.1163501
          ],
          [
            100.1316586,
            18.116078
          ],
          [
            100.1312728,
            18.1158661
          ],
          [
            100.1307874,
            18.1157189
          ],
          [
            100.1287441,
            18.1155823
          ],
          [
            100.1271061,
            18.1154388
          ],
          [
            100.1261917,
            18.1154808
          ],
          [
            100.1256988,
            18.1155984
          ],
          [
            100.1252791,
            18.1158048
          ],
          [
            100.1249979,
            18.1161536
          ],
          [
            100.1243833,
            18.1173912
          ],
          [
            100.1240006,
            18.118849
          ],
          [
            100.1239053,
            18.1193495
          ],
          [
            100.1234263,
            18.1222118
          ],
          [
            100.1226864,
            18.1234661
          ],
          [
            100.1222179,
            18.1241718
          ],
          [
            100.1212776,
            18.1251053
          ],
          [
            100.120629,
            18.1254504
          ],
          [
            100.1200142,
            18.1256316
          ],
          [
            100.1191145,
            18.1257633
          ],
          [
            100.1176606,
            18.125805
          ],
          [
            100.1164633,
            18.1258366
          ],
          [
            100.1152253,
            18.1256618
          ]
        ]
      }
    }
  ]
}