{
  "type": "FeatureCollection",
  "features": [
    {
      "type": "Feature",
      "id": 101247333,
      "properties": {
        "id": 101247333,
        "name": "ถนน (1134)",
        "category": "ถนนสายหลัก",
        "highway": "secondary",
        "waterway": null,
        "ref": "1134"
      },
      "geometry": {
        "type": "LineString",
        "coordinates": [
          [
            100.2947866,
            18.3026476
          ],
          [
            100.2947351,
            18.3023542
          ],
          [
            100.2947325,
            18.3020557
          ],
          [
            100.2947379,
            18.3017724
          ],
          [
            100.2947675,
            18.3015674
          ],
          [
            100.2948646,
            18.3010944
          ],
          [
            100.2949376,
            18.3009046
          ],
          [
            100.2950197,
            18.3007816
          ],
          [
            100.2951421,
            18.3006528
          ],
          [
            100.2952849,
            18.3005511
          ],
          [
            100.2957848,
            18.3002422
          ],
          [
            100.2959561,
            18.3001418
          ],
          [
            100.2962518,
            18.2999834
          ],
          [
            100.2970015,
            18.2997827
          ],
          [
            100.2971921,
            18.2997267
          ],
          [
            100.2975949,
            18.2995813
          ],
          [
            100.2981003,
            18.2993583
          ],
          [
            100.2984669,
            18.2991977
          ],
          [
            100.2985793,
            18.2991259
          ],
          [
            100.2986582,
            18.2990415
          ],
          [
            100.2987267,
            18.2989592
          ],
          [
            100.2990927,
            18.2986737
          ],
          [
            100.2993371,
            18.2985231
          ],
          [
            100.2994358,
            18.2983982
          ],
          [
            100.2995732,
            18.2983234
          ],
          [
            100.3000547,
            18.2980413
          ],
          [
            100.3001538,
            18.2979808
          ],
          [
            100.3001962,
            18.2979551
          ],
          [
            100.3005899,
            18.2977161
          ],
          [
            100.3009553,
            18.2974943
          ],
          [
            100.3028451,
            18.2961785
          ],
          [
            100.3030575,
            18.2960388
          ],
          [
            100.3032007,
            18.2959615
          ],
          [
            100.3034607,
            18.2958704
          ],
          [
            100.3039611,
            18.2957479
          ],
          [
            100.3044029,
            18.2956583
          ],
          [
            100.304764,
            18.2954805
          ],
          [
            100.3048467,
            18.2954348
          ],
          [
            100.3049768,
            18.2953629
          ],
          [
            100.3052292,
            18.2951883
          ],
          [
            100.3054091,
            18.2950483
          ],
          [
            100.3055667,
            18.2949013
          ],
          [
            100.3060079,
            18.2942549
          ],
          [
            100.306134,
            18.2940795
          ],
          [
            100.3063052,
            18.2937716
          ],
          [
            100.3064583,
            18.2934679
          ],
          [
            100.3065754,
            18.2932006
          ],
          [
            100.3066993,
            18.292882
          ],
          [
            100.3067872,
            18.2925997
          ],
          [
            100.3068435,
            18.2924029
          ],
          [
            100.3069169,
            18.2921186
          ],
          [
            100.3070767,
            18.2913799
          ],
          [
            100.3071047,
            18.2912503
          ],
          [
            100.3071318,
            18.2910086
          ],
          [
            100.3071498,
            18.2907798
          ],
          [
            100.3071576,
            18.2905839
          ],
          [
            100.3071543,
            18.2900356
          ],
          [
            100.3071678,
            18.2881515
          ],
          [
            100.3071615,
            18.2863346
          ],
          [
            100.3071444,
            18.2855299
          ],
          [
            100.3070285,
            18.2849162
          ],
          [
            100.3067173,
            18.2838026
          ],
          [
            100.3066366,
            18.2834551
          ],
          [
            100.3065927,
            18.283171
          ],
          [
            100.3065488,
            18.2827637
          ],
          [
            100.3065404,
            18.282428
          ],
          [
            100.3065651,
            18.2821092
          ],
          [
            100.306615,
            18.2817528
          ],
          [
            100.3069747,
            18.2800201
          ],
          [
            100.307214,
            18.2788342
          ],
          [
            100.307253,
            18.2786918
          ],
          [
            100.3073194,
            18.2785021
          ],
          [
            100.3074039,
            18.278338
          ],
          [
            100.3074825,
            18.2781882
          ],
          [
            100.3085545,
            18.2764932
          ],
          [
            100.308808,
            18.2760867
          ],
          [
            100.308874,
            18.2758845
          ],
          [
            100.3089292,
            18.2756402
          ],
          [
            100.3089574,
            18.2754522
          ],
          [
            100.3089588,
            18.2752868
          ],
          [
            100.3089449,
            18.2751097
          ],
          [
            100.3089094,
            18.2748876
          ],
          [
            100.3088514,
            18.2746275
          ],
          [
            100.3088248,
            18.2745327
          ],
          [
            100.3087891,
            18.2744054
          ],
          [
            100.3087014,
            18.2741387
          ],
          [
            100.308595,
            18.2739001
          ],
          [
            100.3084137,
            18.2735875
          ],
          [
            100.3081835,
            18.2732556
          ],
          [
            100.307689,
            18.2726563
          ],
          [
            100.307594,
            18.2725446
          ],
          [
            100.3074378,
            18.2723401
          ],
          [
            100.3073274,
            18.2721329
          ],
          [
            100.3072649,
            18.2719461
          ],
          [
            100.3072169,
            18.2717431
          ],
          [
            100.3071678,
            18.2710951
          ],
          [
            100.3071284,
            18.2708907
          ],
          [
            100.3070319,
            18.2706168
          ],
          [
            100.3069192,
            18.2703119
          ],
          [
            100.3068642,
            18.2700747
          ],
          [
            100.3068384,
            18.2698283
          ],
          [
            100.3068493,
            18.2695078
          ],
          [
            100.3069007,
            18.269095
          ],
          [
            100.3069699,
            18.2686927
          ],
          [
            100.3070474,
            18.2682552
          ],
          [
            100.3071123,
            18.2678785
          ],
          [
            100.3071772,
            18.2674879
          ],
          [
            100.3071907,
            18.2673913
          ],
          [
            100.3072602,
            18.2669645
          ],
          [
            100.3073011,
            18.26669
          ],
          [
            100.3073712,
            18.2664062
          ],
          [
            100.3074959,
            18.2659835
          ],
          [
            100.3080075,
            18.2643467
          ],
          [
            100.3081407,
            18.2639204
          ],
          [
            100.3081577,
            18.2637818
          ],
          [
            100.3081435,
            18.2636311
          ],
          [
            100.3080788,
            18.2634456
          ],
          [
            100.3073087,
            18.2622804
          ],
          [
            100.3072108,
            18.2621001
          ],
          [
            100.3071125,
            18.2618113
          ],
          [
            100.3070788,
            18.2616228
          ],
          [
            100.3070361,
            18.2610504
          ],
          [
            100.3070418,
            18.2608702
          ],
          [
            100.3070721,
            18.2606935
          ],
          [
            100.3071287,
            18.2604585
          ],
          [
            100.3075269,
            18.2590012
          ],
          [
            100.3075422,
            18.2588875
          ],
          [
            100.3075018,
            18.2586855
          ]
        ]
      }
    },
    {
      "type": "Feature",
      "id": 105672741,
      "properties": {
        "id": 105672741,
        "name": "ถนน",
        "category": "ถนนสายหลัก",
        "highway": "unclassified",
        "waterway": null,
        "ref": null
      },
      "geometry": {
        "type": "LineString",
        "coordinates": [
          [
            100.3272801,
            18.2339714
          ],
          [
            100.3274582,
            18.2339947
          ],
          [
            100.3276516,
            18.2341976
          ],
          [
            100.3277776,
            18.2342565
          ],
          [
            100.3280616,
            18.2342603
          ],
          [
            100.3281483,
            18.2342145
          ],
          [
            100.3281805,
            18.2340663
          ],
          [
            100.3282526,
            18.2338561
          ],
          [
            100.3283153,
            18.2338131
          ],
          [
            100.3288316,
            18.2334453
          ],
          [
            100.3291525,
            18.2333256
          ],
          [
            100.3293975,
            18.2332854
          ],
          [
            100.3298019,
            18.2334149
          ]
        ]
      }
    },
    {
      "type": "Feature",
      "id": 203908481,
      "properties": {
        "id": 203908481,
        "name": "ถนน",
        "category": "ถนนสายหลัก",
        "highway": "track",
        "waterway": null,
        "ref": null
      },
      "geometry": {
        "type": "LineString",
        "coordinates": [
          [
            100.308595,
            18.2739001
          ],
          [
            100.3097327,
            18.2735886
          ],
          [
            100.3105169,
            18.2734358
          ],
          [
            100.3114332,
            18.273348
          ],
          [
            100.3117571,
            18.2732387
          ],
          [
            100.3122581,
            18.2731614
          ],
          [
            100.3124983,
            18.2731158
          ],
          [
            100.3126675,
            18.2730447
          ],
          [
            100.3128174,
            18.2730216
          ],
          [
            100.3129302,
            18.2730257
          ],
          [
            100.3132884,
            18.2731438
          ],
          [
            100.3135683,
            18.2733176
          ],
          [
            100.3136632,
            18.2733679
          ],
          [
            100.3139359,
            18.2734314
          ],
          [
            100.3141303,
            18.2735851
          ],
          [
            100.3142927,
            18.2737604
          ],
          [
            100.3144062,
            18.2738544
          ],
          [
            100.3146033,
            18.2739131
          ],
          [
            100.3148528,
            18.2740966
          ],
          [
            100.3156183,
            18.2745362
          ],
          [
            100.3161103,
            18.2747049
          ],
          [
            100.3162065,
            18.2747647
          ],
          [
            100.3162635,
            18.2748244
          ],
          [
            100.3163859,
            18.2750935
          ],
          [
            100.3165051,
            18.2752283
          ]
        ]
      }
    },
    {
      "type": "Feature",
      "id": 203908482,
      "properties": {
        "id": 203908482,
        "name": "ถนน",
        "category": "ถนนสายหลัก",
        "highway": "unclassified",
        "waterway": null,
        "ref": null
      },
      "geometry": {
        "type": "LineString",
        "coordinates": [
          [
            100.3193273,
            18.2753695
          ],
          [
            100.3192297,
            18.2752456
          ],
          [
            100.3191254,
            18.2751562
          ],
          [
            100.3185161,
            18.274821
          ],
          [
            100.3182521,
            18.2747005
          ],
          [
            100.318047,
            18.2746301
          ],
          [
            100.3177193,
            18.274542
          ],
          [
            100.3175222,
            18.274508
          ],
          [
            100.3173725,
            18.2745226
          ],
          [
            100.317256,
            18.2745748
          ],
          [
            100.317071,
            18.2747244
          ],
          [
            100.3165051,
            18.2752283
          ],
          [
            100.3164017,
            18.2754098
          ],
          [
            100.3161514,
            18.2759815
          ],
          [
            100.3156974,
            18.2766391
          ],
          [
            100.3155299,
            18.2768205
          ],
          [
            100.315336,
            18.2768831
          ],
          [
            100.3145956,
            18.2770117
          ],
          [
            100.3137822,
            18.2770979
          ],
          [
            100.3136153,
            18.2771538
          ],
          [
            100.3133535,
            18.2772803
          ],
          [
            100.3121013,
            18.2777593
          ],
          [
            100.3117848,
            18.2779223
          ],
          [
            100.3116327,
            18.2780648
          ],
          [
            100.3115686,
            18.2781615
          ],
          [
            100.3115085,
            18.2782717
          ],
          [
            100.3115108,
            18.2786084
          ],
          [
            100.3114504,
            18.278814
          ],
          [
            100.3111235,
            18.279448
          ],
          [
            100.3110039,
            18.2798406
          ],
          [
            100.3109751,
            18.2800222
          ],
          [
            100.3109679,
            18.2801904
          ],
          [
            100.3110847,
            18.2807247
          ],
          [
            100.3110713,
            18.280897
          ],
          [
            100.3108258,
            18.2814744
          ],
          [
            100.3106636,
            18.2817578
          ],
          [
            100.3106042,
            18.2818798
          ],
          [
            100.3105415,
            18.2822964
          ]
        ]
      }
    },
    {
      "type": "Feature",
      "id": 203908489,
      "properties": {
        "id": 203908489,
        "name": "ถนน",
        "category": "ถนนสายหลัก",
        "highway": "track",
        "waterway": null,
        "ref": null
      },
      "geometry": {
        "type": "LineString",
        "coordinates": [
          [
            100.3214142,
            18.2777121
          ],
          [
            100.3213054,
            18.2776364
          ],
          [
            100.3211383,
            18.2774761
          ],
          [
            100.3209396,
            18.2772596
          ],
          [
            100.3206546,
            18.2768637
          ],
          [
            100.3206099,
            18.2767754
          ],
          [
            100.3205755,
            18.2766284
          ],
          [
            100.3205307,
            18.276468
          ],
          [
            100.3204479,
            18.2763232
          ],
          [
            100.3203688,
            18.276224
          ],
          [
            100.3202262,
            18.2760922
          ],
          [
            100.3200714,
            18.2759623
          ],
          [
            100.3198396,
            18.2758335
          ],
          [
            100.3196119,
            18.2756679
          ],
          [
            100.3193273,
            18.2753695
          ]
        ]
      }
    },
    {
      "type": "Feature",
      "id": 203908490,
      "properties": {
        "id": 203908490,
        "name": "ถนน (พร.5042)",
        "category": "ถนนสายหลัก",
        "highway": "tertiary",
        "waterway": null,
        "ref": "พร.5042"
      },
      "geometry": {
        "type": "LineString",
        "coordinates": [
          [
            100.2820797,
            18.2759176
          ],
          [
            100.2820679,
            18.2756022
          ],
          [
            100.282113,
            18.2754585
          ],
          [
            100.2821476,
            18.2754015
          ],
          [
            100.2822208,
            18.2753413
          ],
          [
            100.2823448,
            18.2752773
          ],
          [
            100.2826342,
            18.2751654
          ],
          [
            100.2827554,
            18.2751172
          ],
          [
            100.2828591,
            18.2750541
          ],
          [
            100.282951,
            18.2749873
          ],
          [
            100.2830559,
            18.2748883
          ],
          [
            100.2833738,
            18.2745389
          ],
          [
            100.2837621,
            18.2741821
          ],
          [
            100.2838351,
            18.2741418
          ],
          [
            100.2839081,
            18.2741016
          ],
          [
            100.2841991,
            18.2740393
          ],
          [
            100.2843127,
            18.2739815
          ],
          [
            100.2846193,
            18.2738016
          ],
          [
            100.2847471,
            18.2737395
          ],
          [
            100.2849866,
            18.273659
          ],
          [
            100.2852258,
            18.2736263
          ],
          [
            100.285424,
            18.2736199
          ],
          [
            100.2855775,
            18.273639
          ],
          [
            100.2858495,
            18.2737086
          ],
          [
            100.2860986,
            18.2737811
          ],
          [
            100.2862239,
            18.2738502
          ],
          [
            100.2865927,
            18.2741227
          ],
          [
            100.2866706,
            18.2742249
          ],
          [
            100.2867821,
            18.2744062
          ],
          [
            100.2868393,
            18.2744443
          ],
          [
            100.2869042,
            18.2744714
          ],
          [
            100.2869715,
            18.2744514
          ],
          [
            100.2870346,
            18.2743754
          ],
          [
            100.2873906,
            18.2738543
          ],
          [
            100.2875312,
            18.273678
          ],
          [
            100.2876819,
            18.2734939
          ],
          [
            100.2877697,
            18.273401
          ],
          [
            100.2882662,
            18.2728755
          ],
          [
            100.2883571,
            18.2727503
          ],
          [
            100.2884451,
            18.2726147
          ],
          [
            100.2885488,
            18.2724056
          ],
          [
            100.2886583,
            18.2723187
          ],
          [
            100.289943,
            18.2718195
          ],
          [
            100.2904425,
            18.2715972
          ],
          [
            100.2905599,
            18.2715496
          ],
          [
            100.2908475,
            18.2713716
          ],
          [
            100.2911962,
            18.271071
          ],
          [
            100.2915813,
            18.270751
          ],
          [
            100.292483,
            18.2699825
          ],
          [
            100.2928919,
            18.2696284
          ],
          [
            100.2931514,
            18.2694431
          ],
          [
            100.2934665,
            18.2692511
          ],
          [
            100.2948025,
            18.2685299
          ],
          [
            100.2962226,
            18.2677039
          ],
          [
            100.2964972,
            18.2674888
          ],
          [
            100.2970294,
            18.2670719
          ],
          [
            100.2971378,
            18.2669984
          ],
          [
            100.2972592,
            18.2669374
          ],
          [
            100.2973972,
            18.2668902
          ],
          [
            100.2976394,
            18.2668482
          ],
          [
            100.2977811,
            18.2668218
          ],
          [
            100.2978748,
            18.2667757
          ],
          [
            100.2979843,
            18.2666797
          ],
          [
            100.2981729,
            18.2663394
          ],
          [
            100.2982485,
            18.2661507
          ],
          [
            100.2982808,
            18.266018
          ],
          [
            100.2982917,
            18.2658998
          ],
          [
            100.2982893,
            18.2657811
          ],
          [
            100.2982787,
            18.2656558
          ],
          [
            100.2982399,
            18.2655052
          ],
          [
            100.2979083,
            18.2647686
          ],
          [
            100.297566,
            18.2638095
          ],
          [
            100.2975015,
            18.2634872
          ],
          [
            100.2974817,
            18.2632721
          ],
          [
            100.2974942,
            18.2631583
          ],
          [
            100.2975457,
            18.2630312
          ],
          [
            100.2976112,
            18.2629491
          ],
          [
            100.2977168,
            18.2628538
          ],
          [
            100.2979552,
            18.2626962
          ],
          [
            100.2981011,
            18.2626202
          ],
          [
            100.2990089,
            18.2622427
          ],
          [
            100.2992414,
            18.2621237
          ],
          [
            100.2993898,
            18.2620084
          ],
          [
            100.2996097,
            18.2618217
          ],
          [
            100.3001677,
            18.261342
          ],
          [
            100.3002905,
            18.2612507
          ],
          [
            100.3005925,
            18.2610665
          ],
          [
            100.3008465,
            18.2609424
          ],
          [
            100.3019846,
            18.2604262
          ],
          [
            100.302598,
            18.2601072
          ],
          [
            100.3029249,
            18.2599248
          ],
          [
            100.3034965,
            18.2596098
          ],
          [
            100.303668,
            18.2594482
          ],
          [
            100.3037979,
            18.2592866
          ],
          [
            100.3038856,
            18.2591533
          ],
          [
            100.3039507,
            18.2590452
          ],
          [
            100.3040054,
            18.2589247
          ],
          [
            100.3041063,
            18.2586385
          ],
          [
            100.3043425,
            18.2579509
          ],
          [
            100.3043967,
            18.2578607
          ],
          [
            100.3044706,
            18.2575733
          ],
          [
            100.3044755,
            18.2574224
          ],
          [
            100.3044746,
            18.2573227
          ]
        ]
      }
    },
    {
      "type": "Feature",
      "id": 203909327,
      "properties": {
        "id": 203909327,
        "name": "ถนน",
        "category": "ถนนสายหลัก",
        "highway": "unclassified",
        "waterway": null,
        "ref": null
      },
      "geometry": {
        "type": "LineString",
        "coordinates": [
          [
            100.298006,
            18.2739729
          ],
          [
            100.2982895,
            18.2737681
          ],
          [
            100.2984824,
            18.2736034
          ],
          [
            100.2986636,
            18.2734886
          ],
          [
            100.2987555,
            18.2734277
          ],
          [
            100.2988582,
            18.2734044
          ],
          [
            100.2992467,
            18.2733849
          ],
          [
            100.2994264,
            18.2733691
          ],
          [
            100.2996786,
            18.273333
          ],
          [
            100.2997697,
            18.2733244
          ],
          [
            100.2998493,
            18.2733413
          ],
          [
            100.2999054,
            18.2733682
          ],
          [
            100.3000403,
            18.2734858
          ],
          [
            100.3001265,
            18.2735316
          ],
          [
            100.3002091,
            18.2735497
          ],
          [
            100.3002944,
            18.2735404
          ],
          [
            100.3004111,
            18.2734908
          ],
          [
            100.3005187,
            18.2734162
          ],
          [
            100.3006108,
            18.2733313
          ],
          [
            100.3006979,
            18.2732203
          ],
          [
            100.3010347,
            18.2726276
          ],
          [
            100.3011476,
            18.2724759
          ],
          [
            100.3012157,
            18.2723922
          ],
          [
            100.3013115,
            18.2723047
          ],
          [
            100.3015711,
            18.272137
          ],
          [
            100.3016411,
            18.2720725
          ],
          [
            100.301684,
            18.2719915
          ],
          [
            100.3018863,
            18.2713509
          ],
          [
            100.3018885,
            18.2712757
          ],
          [
            100.3018736,
            18.2712104
          ],
          [
            100.3017715,
            18.2709435
          ],
          [
            100.3017499,
            18.2708278
          ],
          [
            100.3017532,
            18.2707408
          ],
          [
            100.3018333,
            18.2698538
          ],
          [
            100.3019464,
            18.268831
          ],
          [
            100.3021607,
            18.2673149
          ],
          [
            100.302159,
            18.2671678
          ],
          [
            100.3021154,
            18.2669387
          ],
          [
            100.3020546,
            18.2667253
          ],
          [
            100.3020204,
            18.2665225
          ],
          [
            100.3020002,
            18.2663153
          ],
          [
            100.3019926,
            18.2661532
          ],
          [
            100.3020144,
            18.2658661
          ],
          [
            100.3020797,
            18.2656194
          ],
          [
            100.302201,
            18.2651934
          ],
          [
            100.3022263,
            18.2651005
          ],
          [
            100.3021657,
            18.2643554
          ],
          [
            100.3021017,
            18.2642041
          ],
          [
            100.3019777,
            18.264045
          ],
          [
            100.3019517,
            18.2639735
          ],
          [
            100.3019489,
            18.2638682
          ],
          [
            100.3020246,
            18.2635449
          ],
          [
            100.3020313,
            18.2634227
          ],
          [
            100.3020498,
            18.2632807
          ],
          [
            100.3020475,
            18.2627362
          ],
          [
            100.3020608,
            18.262681
          ],
          [
            100.3020929,
            18.2626311
          ],
          [
            100.3021537,
            18.2625801
          ],
          [
            100.3023639,
            18.2624562
          ],
          [
            100.3034623,
            18.2619098
          ],
          [
            100.3035832,
            18.2618383
          ],
          [
            100.3036484,
            18.2617889
          ],
          [
            100.3036972,
            18.2617321
          ],
          [
            100.3038738,
            18.2615135
          ],
          [
            100.3039985,
            18.2613369
          ],
          [
            100.3040261,
            18.2612651
          ],
          [
            100.3041625,
            18.2601362
          ],
          [
            100.3042035,
            18.2600583
          ],
          [
            100.3042763,
            18.2600059
          ],
          [
            100.3046047,
            18.2598716
          ],
          [
            100.304677,
            18.2598264
          ],
          [
            100.3047497,
            18.2597411
          ],
          [
            100.3049452,
            18.2594887
          ],
          [
            100.3052165,
            18.2591519
          ],
          [
            100.3052768,
            18.2591169
          ],
          [
            100.3053717,
            18.2590953
          ],
          [
            100.3061884,
            18.259116
          ],
          [
            100.3062925,
            18.2591192
          ],
          [
            100.3064165,
            18.2591079
          ],
          [
            100.3070746,
            18.2589279
          ],
          [
            100.3075422,
            18.2588875
          ]
        ]
      }
    },
    {
      "type": "Feature",
      "id": 203909329,
      "properties": {
        "id": 203909329,
        "name": "ถนน",
        "category": "ถนนสายหลัก",
        "highway": "track",
        "waterway": null,
        "ref": null
      },
      "geometry": {
        "type": "LineString",
        "coordinates": [
          [
            100.3020313,
            18.2634227
          ],
          [
            100.3019542,
            18.2633746
          ],
          [
            100.3019384,
            18.2633311
          ],
          [
            100.3019295,
            18.2631645
          ],
          [
            100.3019102,
            18.2631142
          ],
          [
            100.3018131,
            18.2629767
          ],
          [
            100.3017906,
            18.2629133
          ],
          [
            100.3017943,
            18.2628518
          ],
          [
            100.3018145,
            18.2628071
          ],
          [
            100.3018395,
            18.2626496
          ],
          [
            100.3018413,
            18.262473
          ],
          [
            100.3018621,
            18.2624104
          ],
          [
            100.3020392,
            18.2620422
          ],
          [
            100.3020636,
            18.2619586
          ],
          [
            100.3020588,
            18.2617117
          ],
          [
            100.3020112,
            18.2613771
          ],
          [
            100.3019988,
            18.2612132
          ],
          [
            100.3019846,
            18.2604262
          ]
        ]
      }
    },
    {
      "type": "Feature",
      "id": 225469544,
      "properties": {
        "id": 225469544,
        "name": "ถนน",
        "category": "ถนนสายหลัก",
        "highway": "residential",
        "waterway": null,
        "ref": null
      },
      "geometry": {
        "type": "LineString",
        "coordinates": [
          [
            100.3037219,
            18.2539492
          ],
          [
            100.3030171,
            18.254224
          ],
          [
            100.3027582,
            18.2543077
          ]
        ]
      }
    },
    {
      "type": "Feature",
      "id": 225469547,
      "properties": {
        "id": 225469547,
        "name": "ถนน",
        "category": "ถนนสายหลัก",
        "highway": "residential",
        "waterway": null,
        "ref": null
      },
      "geometry": {
        "type": "LineString",
        "coordinates": [
          [
            100.3054074,
            18.2569084
          ],
          [
            100.3052308,
            18.2567295
          ],
          [
            100.3051543,
            18.2565664
          ],
          [
            100.3050967,
            18.25642
          ],
          [
            100.3050444,
            18.2563614
          ],
          [
            100.3049223,
            18.2562862
          ],
          [
            100.3048593,
            18.2562366
          ],
          [
            100.3048338,
            18.2562009
          ],
          [
            100.3048311,
            18.2561334
          ],
          [
            100.3048553,
            18.2559831
          ],
          [
            100.3049827,
            18.2557029
          ],
          [
            100.3051087,
            18.2554788
          ],
          [
            100.3052026,
            18.2553603
          ],
          [
            100.3053676,
            18.2552304
          ],
          [
            100.305444,
            18.2551464
          ],
          [
            100.3054601,
            18.2550649
          ],
          [
            100.30544,
            18.2549604
          ],
          [
            100.3053877,
            18.254805
          ],
          [
            100.3053287,
            18.2547452
          ],
          [
            100.3052589,
            18.2547146
          ],
          [
            100.3051489,
            18.2547147
          ],
          [
            100.3044917,
            18.2549273
          ],
          [
            100.3041699,
            18.255126
          ],
          [
            100.3030831,
            18.2555007
          ]
        ]
      }
    },
    {
      "type": "Feature",
      "id": 225469548,
      "properties": {
        "id": 225469548,
        "name": "ถนน",
        "category": "ถนนสายหลัก",
        "highway": "unclassified",
        "waterway": null,
        "ref": null
      },
      "geometry": {
        "type": "LineString",
        "coordinates": [
          [
            100.3158299,
            18.2574596
          ],
          [
            100.3159614,
            18.2574469
          ],
          [
            100.3164394,
            18.2572874
          ],
          [
            100.3166006,
            18.2572272
          ],
          [
            100.3170327,
            18.2570169
          ],
          [
            100.3172906,
            18.2569118
          ],
          [
            100.3174049,
            18.2568843
          ],
          [
            100.3174211,
            18.2568804
          ],
          [
            100.3175819,
            18.2568705
          ],
          [
            100.3176979,
            18.2568446
          ],
          [
            100.3179067,
            18.2567691
          ],
          [
            100.3179977,
            18.256719
          ],
          [
            100.3180692,
            18.2566554
          ],
          [
            100.3181436,
            18.256565
          ],
          [
            100.3182572,
            18.2563331
          ],
          [
            100.3183173,
            18.2562484
          ],
          [
            100.3183582,
            18.2561988
          ],
          [
            100.318407,
            18.2561515
          ],
          [
            100.3185022,
            18.2560792
          ],
          [
            100.3190365,
            18.2558278
          ],
          [
            100.3191278,
            18.2557447
          ],
          [
            100.3191938,
            18.2556495
          ],
          [
            100.3193133,
            18.2552911
          ],
          [
            100.3193851,
            18.2551126
          ],
          [
            100.3195366,
            18.2544454
          ],
          [
            100.3195561,
            18.254364
          ],
          [
            100.3195918,
            18.2542935
          ],
          [
            100.3196375,
            18.2542294
          ],
          [
            100.3200435,
            18.2538691
          ],
          [
            100.3202443,
            18.2536056
          ],
          [
            100.3203013,
            18.2535374
          ],
          [
            100.3203951,
            18.2534612
          ],
          [
            100.3206825,
            18.2532348
          ],
          [
            100.3207661,
            18.25314
          ],
          [
            100.3210444,
            18.252711
          ],
          [
            100.321149,
            18.2526233
          ],
          [
            100.321266,
            18.252544
          ],
          [
            100.321667,
            18.2523145
          ],
          [
            100.3218135,
            18.2522586
          ],
          [
            100.3219465,
            18.2522281
          ],
          [
            100.3223179,
            18.2521367
          ],
          [
            100.3227469,
            18.2519751
          ],
          [
            100.3231332,
            18.2518502
          ],
          [
            100.3234416,
            18.2516923
          ],
          [
            100.323742,
            18.2514758
          ],
          [
            100.3241122,
            18.2512924
          ],
          [
            100.324426,
            18.2510912
          ],
          [
            100.3246281,
            18.2509115
          ],
          [
            100.3247029,
            18.2508678
          ],
          [
            100.3248197,
            18.2508331
          ],
          [
            100.3250158,
            18.2508402
          ],
          [
            100.3252125,
            18.250847
          ],
          [
            100.3253758,
            18.2508233
          ]
        ]
      }
    },
    {
      "type": "Feature",
      "id": 225469549,
      "properties": {
        "id": 225469549,
        "name": "ถนน",
        "category": "ถนนสายหลัก",
        "highway": "residential",
        "waterway": null,
        "ref": null
      },
      "geometry": {
        "type": "LineString",
        "coordinates": [
          [
            100.3034483,
            18.2534194
          ],
          [
            100.3029997,
            18.253591
          ],
          [
            100.3029408,
            18.2536136
          ],
          [
            100.3024859,
            18.2537933
          ]
        ]
      }
    },
    {
      "type": "Feature",
      "id": 225469550,
      "properties": {
        "id": 225469550,
        "name": "ถนน",
        "category": "ถนนสายหลัก",
        "highway": "residential",
        "waterway": null,
        "ref": null
      },
      "geometry": {
        "type": "LineString",
        "coordinates": [
          [
            100.3336745,
            18.2617243
          ],
          [
            100.3336094,
            18.261776
          ],
          [
            100.3332603,
            18.262035
          ],
          [
            100.3331659,
            18.2620842
          ],
          [
            100.3330686,
            18.2620999
          ],
          [
            100.3327371,
            18.2620538
          ],
          [
            100.332487,
            18.2620613
          ],
          [
            100.3323796,
            18.2621021
          ],
          [
            100.3320305,
            18.2623329
          ],
          [
            100.3316606,
            18.2625423
          ],
          [
            100.3315157,
            18.2625891
          ],
          [
            100.33133,
            18.2626211
          ],
          [
            100.3302406,
            18.2627151
          ],
          [
            100.3299354,
            18.2627465
          ],
          [
            100.3296964,
            18.2627726
          ],
          [
            100.3290872,
            18.2627644
          ],
          [
            100.3286933,
            18.2627522
          ],
          [
            100.3284948,
            18.262793
          ],
          [
            100.3281407,
            18.2629815
          ],
          [
            100.3279948,
            18.2630427
          ],
          [
            100.3277775,
            18.2631012
          ],
          [
            100.3271504,
            18.2631992
          ],
          [
            100.3267687,
            18.2633368
          ],
          [
            100.3266656,
            18.2633799
          ],
          [
            100.3265586,
            18.2633924
          ],
          [
            100.3263552,
            18.2634052
          ],
          [
            100.3259774,
            18.2634286
          ],
          [
            100.3254254,
            18.2633874
          ],
          [
            100.3251943,
            18.2633814
          ],
          [
            100.3249241,
            18.2634031
          ],
          [
            100.3245166,
            18.2634628
          ],
          [
            100.324344,
            18.2634679
          ],
          [
            100.3239031,
            18.2633902
          ],
          [
            100.3237493,
            18.2633901
          ],
          [
            100.3235769,
            18.2633867
          ],
          [
            100.3232617,
            18.2633346
          ],
          [
            100.3230767,
            18.2633279
          ],
          [
            100.3229871,
            18.2633527
          ],
          [
            100.3229009,
            18.2633941
          ],
          [
            100.322808,
            18.2634757
          ],
          [
            100.3225106,
            18.2638753
          ],
          [
            100.3224362,
            18.2639846
          ],
          [
            100.3222882,
            18.2645415
          ],
          [
            100.321917,
            18.2645521
          ],
          [
            100.3217527,
            18.2645313
          ],
          [
            100.3215816,
            18.2644868
          ],
          [
            100.320829,
            18.264148
          ],
          [
            100.3207226,
            18.2641176
          ],
          [
            100.320639,
            18.2641305
          ],
          [
            100.320074,
            18.2643336
          ],
          [
            100.3199123,
            18.2643544
          ],
          [
            100.3198245,
            18.2643511
          ],
          [
            100.319657,
            18.2643132
          ],
          [
            100.3190575,
            18.2641429
          ],
          [
            100.3188134,
            18.2640417
          ],
          [
            100.3186364,
            18.2639359
          ],
          [
            100.3184184,
            18.2637544
          ],
          [
            100.3179013,
            18.2632168
          ],
          [
            100.3178105,
            18.2629787
          ],
          [
            100.3176528,
            18.2627425
          ],
          [
            100.317508,
            18.262581
          ],
          [
            100.3173326,
            18.2624424
          ],
          [
            100.316732,
            18.2620589
          ],
          [
            100.316483,
            18.2618544
          ],
          [
            100.3159851,
            18.261352
          ],
          [
            100.3158773,
            18.2612278
          ],
          [
            100.3155705,
            18.2607989
          ],
          [
            100.315469,
            18.2605225
          ],
          [
            100.3154256,
            18.2604176
          ],
          [
            100.315061,
            18.2598333
          ],
          [
            100.3149828,
            18.2596791
          ],
          [
            100.3148748,
            18.259386
          ],
          [
            100.3148037,
            18.2592991
          ],
          [
            100.3147085,
            18.2591807
          ],
          [
            100.3144263,
            18.2588009
          ],
          [
            100.3143304,
            18.258638
          ],
          [
            100.3142424,
            18.2584121
          ],
          [
            100.3142122,
            18.2582832
          ],
          [
            100.3142087,
            18.2581745
          ],
          [
            100.3141756,
            18.2581095
          ],
          [
            100.3139733,
            18.2579219
          ],
          [
            100.3138553,
            18.257875
          ],
          [
            100.3137328,
            18.2578691
          ],
          [
            100.3134436,
            18.2579305
          ],
          [
            100.3131723,
            18.2579824
          ],
          [
            100.3129011,
            18.2580689
          ],
          [
            100.3125314,
            18.2582496
          ],
          [
            100.3122526,
            18.2584238
          ],
          [
            100.3106574,
            18.2598698
          ]
        ]
      }
    },
    {
      "type": "Feature",
      "id": 225469551,
      "properties": {
        "id": 225469551,
        "name": "ถนน",
        "category": "ถนนสายหลัก",
        "highway": "residential",
        "waterway": null,
        "ref": null
      },
      "geometry": {
        "type": "LineString",
        "coordinates": [
          [
            100.3125314,
            18.2582496
          ],
          [
            100.3128205,
            18.2586966
          ],
          [
            100.3128666,
            18.2588184
          ],
          [
            100.312856,
            18.2588983
          ],
          [
            100.3128004,
            18.2589867
          ],
          [
            100.3121517,
            18.2594459
          ],
          [
            100.3117202,
            18.2598281
          ],
          [
            100.3112211,
            18.2601572
          ]
        ]
      }
    },
    {
      "type": "Feature",
      "id": 225469552,
      "properties": {
        "id": 225469552,
        "name": "ถนน",
        "category": "ถนนสายหลัก",
        "highway": "path",
        "waterway": null,
        "ref": null
      },
      "geometry": {
        "type": "LineString",
        "coordinates": [
          [
            100.3208115,
            18.2408246
          ],
          [
            100.3215532,
            18.240642
          ],
          [
            100.321918,
            18.2405146
          ],
          [
            100.3221554,
            18.2402858
          ],
          [
            100.3222252,
            18.2401545
          ],
          [
            100.3223954,
            18.2398522
          ],
          [
            100.3225832,
            18.2395771
          ],
          [
            100.3230191,
            18.2391904
          ],
          [
            100.3231947,
            18.2390982
          ],
          [
            100.3235649,
            18.2391848
          ],
          [
            100.3237057,
            18.2391446
          ],
          [
            100.32399,
            18.2390019
          ],
          [
            100.3244031,
            18.238951
          ],
          [
            100.3247035,
            18.2390325
          ],
          [
            100.3249114,
            18.2390931
          ],
          [
            100.3251098,
            18.2390371
          ],
          [
            100.3257817,
            18.2385077
          ],
          [
            100.3258873,
            18.238485
          ],
          [
            100.3260164,
            18.2384461
          ],
          [
            100.3260419,
            18.2384224
          ],
          [
            100.3261628,
            18.238218
          ],
          [
            100.3262095,
            18.2381353
          ],
          [
            100.3263008,
            18.2380436
          ],
          [
            100.3265448,
            18.2379086
          ],
          [
            100.3268492,
            18.2377689
          ],
          [
            100.3271537,
            18.2377124
          ],
          [
            100.3276378,
            18.2374174
          ],
          [
            100.3276955,
            18.2372844
          ],
          [
            100.3276365,
            18.2369634
          ],
          [
            100.3277706,
            18.2364539
          ],
          [
            100.3277867,
            18.2361788
          ],
          [
            100.3278739,
            18.2360265
          ],
          [
            100.3279758,
            18.2358889
          ],
          [
            100.3280549,
            18.2355572
          ],
          [
            100.3280227,
            18.2353228
          ],
          [
            100.3280442,
            18.23517
          ],
          [
            100.3281815,
            18.2350229
          ]
        ]
      }
    },
    {
      "type": "Feature",
      "id": 225469553,
      "properties": {
        "id": 225469553,
        "name": "ถนน",
        "category": "ถนนสายหลัก",
        "highway": "residential",
        "waterway": null,
        "ref": null
      },
      "geometry": {
        "type": "LineString",
        "coordinates": [
          [
            100.3119328,
            18.2607837
          ],
          [
            100.3115211,
            18.260391
          ],
          [
            100.3112211,
            18.2601572
          ],
          [
            100.3106574,
            18.2598698
          ],
          [
            100.3101836,
            18.2596315
          ],
          [
            100.3098224,
            18.2594361
          ],
          [
            100.3096891,
            18.2593508
          ],
          [
            100.3091481,
            18.2590458
          ],
          [
            100.308865,
            18.2589311
          ],
          [
            100.3078659,
            18.2587044
          ],
          [
            100.3075018,
            18.2586855
          ]
        ]
      }
    },
    {
      "type": "Feature",
      "id": 278212347,
      "properties": {
        "id": 278212347,
        "name": "ถนน (1342)",
        "category": "ถนนสายหลัก",
        "highway": "secondary",
        "waterway": null,
        "ref": "1342"
      },
      "geometry": {
        "type": "LineString",
        "coordinates": [
          [
            100.4011603,
            18.2253125
          ],
          [
            100.4010305,
            18.2252293
          ],
          [
            100.4009624,
            18.2252015
          ],
          [
            100.4008965,
            18.2252027
          ],
          [
            100.40082,
            18.225219
          ],
          [
            100.4007514,
            18.2252554
          ],
          [
            100.4006604,
            18.2253568
          ],
          [
            100.4005813,
            18.2254734
          ],
          [
            100.4005245,
            18.2256036
          ],
          [
            100.400485,
            18.2257264
          ],
          [
            100.4004599,
            18.2258492
          ],
          [
            100.4004586,
            18.2259432
          ],
          [
            100.4004691,
            18.2260271
          ],
          [
            100.4005114,
            18.2261148
          ],
          [
            100.4005905,
            18.2262676
          ],
          [
            100.4008793,
            18.2266886
          ],
          [
            100.4009431,
            18.2268116
          ],
          [
            100.4009631,
            18.2269117
          ],
          [
            100.400959,
            18.227125
          ],
          [
            100.400838,
            18.227656
          ],
          [
            100.4007293,
            18.227902
          ],
          [
            100.400452,
            18.228091
          ],
          [
            100.4001757,
            18.2283002
          ],
          [
            100.40002,
            18.228567
          ],
          [
            100.3995,
            18.230063
          ],
          [
            100.3993938,
            18.2302529
          ],
          [
            100.399149,
            18.230417
          ],
          [
            100.3975686,
            18.2314197
          ],
          [
            100.3973098,
            18.2315069
          ],
          [
            100.396979,
            18.231511
          ],
          [
            100.3965292,
            18.2314292
          ],
          [
            100.3962287,
            18.2313106
          ],
          [
            100.395978,
            18.23117
          ],
          [
            100.39404,
            18.229435
          ],
          [
            100.393902,
            18.2293198
          ],
          [
            100.393692,
            18.2292708
          ],
          [
            100.3935438,
            18.2293029
          ],
          [
            100.393473,
            18.229345
          ],
          [
            100.3933856,
            18.2294329
          ],
          [
            100.3933252,
            18.2295082
          ],
          [
            100.39268,
            18.230438
          ],
          [
            100.392538,
            18.2307016
          ],
          [
            100.392466,
            18.23091
          ],
          [
            100.391927,
            18.233404
          ],
          [
            100.3918839,
            18.2335691
          ],
          [
            100.3918196,
            18.2337224
          ],
          [
            100.3917411,
            18.2338861
          ],
          [
            100.3916505,
            18.2340286
          ],
          [
            100.39138,
            18.234314
          ],
          [
            100.3908051,
            18.2347864
          ],
          [
            100.3907151,
            18.234877
          ],
          [
            100.390643,
            18.2349809
          ],
          [
            100.3905825,
            18.2350816
          ],
          [
            100.39055,
            18.2351678
          ],
          [
            100.3905205,
            18.2352599
          ],
          [
            100.3904981,
            18.2353719
          ],
          [
            100.3904846,
            18.2354911
          ],
          [
            100.3905069,
            18.23647
          ],
          [
            100.3904974,
            18.2366833
          ],
          [
            100.3903861,
            18.2376222
          ],
          [
            100.3903388,
            18.237731
          ],
          [
            100.3902701,
            18.2378301
          ],
          [
            100.3901856,
            18.2379155
          ],
          [
            100.3899456,
            18.2380135
          ],
          [
            100.3897077,
            18.2381101
          ],
          [
            100.3893832,
            18.2382903
          ],
          [
            100.3892258,
            18.2383844
          ],
          [
            100.3891312,
            18.2384521
          ],
          [
            100.3890519,
            18.2385429
          ],
          [
            100.3890053,
            18.2386504
          ],
          [
            100.3889795,
            18.2387599
          ],
          [
            100.3888929,
            18.2394095
          ],
          [
            100.3888411,
            18.2395628
          ],
          [
            100.388766,
            18.2396705
          ],
          [
            100.3886759,
            18.2397655
          ],
          [
            100.3873715,
            18.2408291
          ],
          [
            100.3869396,
            18.2414485
          ],
          [
            100.3868303,
            18.2415055
          ],
          [
            100.3867164,
            18.2415256
          ],
          [
            100.3865862,
            18.241508
          ],
          [
            100.3864815,
            18.2414517
          ],
          [
            100.3859611,
            18.2409489
          ],
          [
            100.3857263,
            18.2407654
          ],
          [
            100.385642,
            18.2407209
          ],
          [
            100.3855694,
            18.2407033
          ],
          [
            100.3854564,
            18.2407107
          ],
          [
            100.3846583,
            18.2409194
          ],
          [
            100.384517,
            18.2409723
          ],
          [
            100.3844185,
            18.2410091
          ],
          [
            100.3837245,
            18.2414664
          ],
          [
            100.3834623,
            18.2416019
          ],
          [
            100.3832333,
            18.2416933
          ],
          [
            100.382995,
            18.241764
          ],
          [
            100.3827965,
            18.2417942
          ],
          [
            100.3826195,
            18.2417827
          ],
          [
            100.3824597,
            18.2417285
          ],
          [
            100.3817448,
            18.2414314
          ],
          [
            100.381608,
            18.2413301
          ],
          [
            100.3814883,
            18.241222
          ],
          [
            100.381378,
            18.241105
          ],
          [
            100.3812572,
            18.2409543
          ],
          [
            100.381142,
            18.2407379
          ],
          [
            100.3807504,
            18.2398269
          ],
          [
            100.3806553,
            18.2396392
          ],
          [
            100.3805404,
            18.2395201
          ],
          [
            100.3803982,
            18.2394373
          ],
          [
            100.3801904,
            18.2393985
          ],
          [
            100.379959,
            18.2394029
          ],
          [
            100.379296,
            18.2394512
          ],
          [
            100.3783383,
            18.2395583
          ],
          [
            100.3781854,
            18.2395567
          ],
          [
            100.3780456,
            18.2395286
          ],
          [
            100.3771097,
            18.2391448
          ],
          [
            100.3769608,
            18.2391235
          ],
          [
            100.3767429,
            18.2391257
          ],
          [
            100.3755663,
            18.2392062
          ],
          [
            100.3754299,
            18.2392481
          ],
          [
            100.3753079,
            18.2393246
          ],
          [
            100.3751963,
            18.2394174
          ],
          [
            100.3748393,
            18.2398351
          ],
          [
            100.3747384,
            18.2399182
          ],
          [
            100.3746242,
            18.2399862
          ],
          [
            100.3735477,
            18.2404819
          ],
          [
            100.3729971,
            18.2407211
          ],
          [
            100.372741,
            18.240794
          ],
          [
            100.3721059,
            18.2408873
          ],
          [
            100.3719287,
            18.2408863
          ],
          [
            100.3717539,
            18.2408681
          ],
          [
            100.371591,
            18.2408361
          ],
          [
            100.3712012,
            18.240678
          ],
          [
            100.3710687,
            18.24065
          ],
          [
            100.3709306,
            18.2406372
          ],
          [
            100.3704887,
            18.2406837
          ],
          [
            100.3703428,
            18.2406806
          ],
          [
            100.3702114,
            18.2406573
          ],
          [
            100.3700873,
            18.240617
          ],
          [
            100.3698996,
            18.2405276
          ],
          [
            100.3689134,
            18.2399584
          ],
          [
            100.3687781,
            18.2399224
          ],
          [
            100.3686641,
            18.239918
          ],
          [
            100.3685686,
            18.2399477
          ],
          [
            100.3684651,
            18.2400101
          ],
          [
            100.3683767,
            18.2401002
          ],
          [
            100.3677025,
            18.2411459
          ],
          [
            100.3675878,
            18.2412631
          ],
          [
            100.3674553,
            18.2413622
          ],
          [
            100.367301,
            18.2414421
          ],
          [
            100.3660815,
            18.2418976
          ],
          [
            100.3659123,
            18.2420014
          ],
          [
            100.3658191,
            18.2421141
          ],
          [
            100.3657538,
            18.2422414
          ],
          [
            100.3657213,
            18.2424033
          ],
          [
            100.3657228,
            18.2425942
          ],
          [
            100.3657752,
            18.243902
          ],
          [
            100.3657594,
            18.2440032
          ],
          [
            100.3657334,
            18.2440994
          ],
          [
            100.3653814,
            18.2447894
          ],
          [
            100.3652798,
            18.2448778
          ],
          [
            100.3651805,
            18.2449189
          ],
          [
            100.3650703,
            18.2449099
          ],
          [
            100.3649568,
            18.2448475
          ],
          [
            100.3644405,
            18.2443415
          ],
          [
            100.3643247,
            18.2442912
          ],
          [
            100.3642018,
            18.244272
          ],
          [
            100.3641006,
            18.2442986
          ],
          [
            100.3640061,
            18.244363
          ],
          [
            100.3639381,
            18.244445
          ],
          [
            100.3638997,
            18.2445212
          ],
          [
            100.36388,
            18.244627
          ],
          [
            100.3638279,
            18.2451998
          ],
          [
            100.3637916,
            18.2453117
          ],
          [
            100.3637382,
            18.2454118
          ],
          [
            100.3636708,
            18.245497
          ],
          [
            100.3635693,
            18.2455748
          ],
          [
            100.3631916,
            18.2457388
          ],
          [
            100.3628201,
            18.2458704
          ],
          [
            100.3623521,
            18.2459846
          ],
          [
            100.3618715,
            18.2460892
          ],
          [
            100.36172,
            18.246102
          ],
          [
            100.3615971,
            18.2460841
          ],
          [
            100.3614838,
            18.2460225
          ],
          [
            100.3611592,
            18.2457779
          ],
          [
            100.3610854,
            18.2456664
          ],
          [
            100.3610349,
            18.2455319
          ],
          [
            100.3609005,
            18.2450205
          ],
          [
            100.3608354,
            18.2448788
          ],
          [
            100.3607438,
            18.2447563
          ],
          [
            100.3606305,
            18.2446279
          ],
          [
            100.3604536,
            18.2444891
          ],
          [
            100.3602768,
            18.2444033
          ],
          [
            100.360094,
            18.244341
          ],
          [
            100.3599157,
            18.2443061
          ],
          [
            100.3597251,
            18.2442844
          ],
          [
            100.3595196,
            18.2442859
          ],
          [
            100.359379,
            18.244385
          ],
          [
            100.3592947,
            18.2445471
          ],
          [
            100.3592629,
            18.2446698
          ],
          [
            100.3592518,
            18.2447763
          ],
          [
            100.3592411,
            18.2448107
          ],
          [
            100.3592104,
            18.2448459
          ],
          [
            100.3591733,
            18.2448738
          ],
          [
            100.3591248,
            18.2448925
          ],
          [
            100.3590741,
            18.2448973
          ],
          [
            100.359025,
            18.244891
          ],
          [
            100.3589405,
            18.2448375
          ],
          [
            100.358761,
            18.244584
          ],
          [
            100.3585491,
            18.2444172
          ],
          [
            100.358398,
            18.244355
          ],
          [
            100.3582163,
            18.2443216
          ],
          [
            100.358008,
            18.244378
          ],
          [
            100.357082,
            18.244725
          ],
          [
            100.356382,
            18.244831
          ],
          [
            100.3557573,
            18.2448074
          ],
          [
            100.3552673,
            18.2446906
          ],
          [
            100.354794,
            18.244514
          ],
          [
            100.3545181,
            18.2443285
          ],
          [
            100.3544164,
            18.2442079
          ],
          [
            100.3543355,
            18.2440488
          ],
          [
            100.35401,
            18.242836
          ],
          [
            100.3539063,
            18.2425942
          ],
          [
            100.353642,
            18.242397
          ],
          [
            100.3529024,
            18.2421474
          ],
          [
            100.3527653,
            18.242058
          ],
          [
            100.3526376,
            18.24187
          ],
          [
            100.3523324,
            18.2402511
          ],
          [
            100.3522299,
            18.2400598
          ],
          [
            100.3520041,
            18.2398272
          ],
          [
            100.350509,
            18.2392362
          ],
          [
            100.3502897,
            18.2390225
          ],
          [
            100.3501349,
            18.2388156
          ],
          [
            100.3499769,
            18.2381897
          ],
          [
            100.3499758,
            18.2378119
          ],
          [
            100.350129,
            18.237541
          ],
          [
            100.350467,
            18.237194
          ],
          [
            100.350775,
            18.236635
          ],
          [
            100.350874,
            18.236338
          ],
          [
            100.3509347,
            18.23606
          ],
          [
            100.350838,
            18.23576
          ],
          [
            100.349972,
            18.234379
          ],
          [
            100.3494015,
            18.2337048
          ],
          [
            100.3491229,
            18.233523
          ],
          [
            100.348776,
            18.233448
          ],
          [
            100.348281,
            18.233417
          ],
          [
            100.347361,
            18.233049
          ],
          [
            100.3470203,
            18.2329783
          ],
          [
            100.346564,
            18.233
          ],
          [
            100.3453388,
            18.2326071
          ],
          [
            100.3451097,
            18.2326015
          ],
          [
            100.344819,
            18.232684
          ],
          [
            100.344179,
            18.232957
          ],
          [
            100.3439261,
            18.2331727
          ],
          [
            100.3438346,
            18.2333793
          ],
          [
            100.3437999,
            18.2335477
          ],
          [
            100.343602,
            18.234507
          ],
          [
            100.3435168,
            18.2347786
          ],
          [
            100.343381,
            18.234934
          ],
          [
            100.343009,
            18.235097
          ],
          [
            100.342379,
            18.2352525
          ],
          [
            100.3421904,
            18.2353661
          ],
          [
            100.342013,
            18.235644
          ],
          [
            100.341562,
            18.236552
          ],
          [
            100.3413927,
            18.2367366
          ],
          [
            100.341149,
            18.236829
          ],
          [
            100.340247,
            18.237171
          ],
          [
            100.3400339,
            18.2373162
          ],
          [
            100.339797,
            18.237618
          ],
          [
            100.339622,
            18.237829
          ],
          [
            100.3394774,
            18.2380313
          ],
          [
            100.339418,
            18.238316
          ],
          [
            100.339379,
            18.238964
          ],
          [
            100.3392998,
            18.2392502
          ],
          [
            100.3390184,
            18.2396624
          ],
          [
            100.337942,
            18.240795
          ],
          [
            100.3377562,
            18.2408801
          ],
          [
            100.3376037,
            18.2409111
          ],
          [
            100.337461,
            18.2409
          ],
          [
            100.337115,
            18.240713
          ],
          [
            100.3356573,
            18.2395328
          ],
          [
            100.3349053,
            18.2389239
          ],
          [
            100.3347199,
            18.2388368
          ],
          [
            100.3345405,
            18.2387927
          ],
          [
            100.3342826,
            18.2387777
          ],
          [
            100.3341533,
            18.2387495
          ],
          [
            100.3339394,
            18.2386437
          ],
          [
            100.3337479,
            18.2384483
          ],
          [
            100.3336379,
            18.2382677
          ],
          [
            100.3334005,
            18.238003
          ],
          [
            100.333008,
            18.237805
          ],
          [
            100.332062,
            18.237497
          ],
          [
            100.32991,
            18.23659
          ],
          [
            100.3296873,
            18.2364292
          ],
          [
            100.32954,
            18.236237
          ],
          [
            100.3293054,
            18.2356792
          ],
          [
            100.3291884,
            18.2354738
          ],
          [
            100.328921,
            18.235337
          ],
          [
            100.3284331,
            18.2351437
          ],
          [
            100.3281815,
            18.2350229
          ],
          [
            100.327855,
            18.234789
          ],
          [
            100.3272801,
            18.2339714
          ],
          [
            100.3269767,
            18.2335236
          ],
          [
            100.3260067,
            18.2321001
          ],
          [
            100.3258571,
            18.2319095
          ],
          [
            100.3257359,
            18.2317944
          ],
          [
            100.3255947,
            18.231715
          ],
          [
            100.3253911,
            18.2316765
          ],
          [
            100.3251221,
            18.2316578
          ],
          [
            100.324614,
            18.231669
          ],
          [
            100.3225013,
            18.2317838
          ],
          [
            100.3224131,
            18.2317886
          ],
          [
            100.3219985,
            18.2317565
          ],
          [
            100.32159,
            18.231584
          ],
          [
            100.3199005,
            18.2305989
          ],
          [
            100.3195072,
            18.2304526
          ],
          [
            100.319063,
            18.230438
          ],
          [
            100.3142784,
            18.2312735
          ],
          [
            100.3135624,
            18.2314425
          ],
          [
            100.3125011,
            18.2317683
          ],
          [
            100.311936,
            18.2319382
          ],
          [
            100.3116548,
            18.2320071
          ],
          [
            100.3113952,
            18.2320465
          ],
          [
            100.3112,
            18.2320604
          ],
          [
            100.3109964,
            18.2320598
          ],
          [
            100.3107676,
            18.2320381
          ],
          [
            100.3099493,
            18.2319211
          ],
          [
            100.3090048,
            18.231786
          ],
          [
            100.3086495,
            18.2317426
          ],
          [
            100.3086277,
            18.2317398
          ],
          [
            100.306957,
            18.231554
          ],
          [
            100.3065983,
            18.2315812
          ],
          [
            100.306265,
            18.23172
          ],
          [
            100.304689,
            18.232552
          ],
          [
            100.304017,
            18.232711
          ],
          [
            100.3025997,
            18.23292
          ],
          [
            100.3018161,
            18.2330421
          ],
          [
            100.2998297,
            18.2333679
          ],
          [
            100.2990143,
            18.2334691
          ],
          [
            100.298808,
            18.233477
          ],
          [
            100.298612,
            18.2334712
          ],
          [
            100.2984439,
            18.2334506
          ],
          [
            100.2973312,
            18.233152
          ],
          [
            100.2968605,
            18.2330161
          ],
          [
            100.2966614,
            18.2329977
          ],
          [
            100.2964979,
            18.2330093
          ],
          [
            100.2963714,
            18.2330361
          ],
          [
            100.2962274,
            18.2330827
          ],
          [
            100.2960144,
            18.2331846
          ],
          [
            100.29484,
            18.2338952
          ],
          [
            100.2946899,
            18.2339552
          ],
          [
            100.2945364,
            18.2339706
          ],
          [
            100.2943889,
            18.2339578
          ],
          [
            100.2942415,
            18.2339202
          ],
          [
            100.2926246,
            18.2333581
          ],
          [
            100.2924382,
            18.2333052
          ],
          [
            100.2922454,
            18.2332755
          ],
          [
            100.2919959,
            18.2332904
          ],
          [
            100.2916367,
            18.2333125
          ],
          [
            100.291072,
            18.233434
          ]
        ]
      }
    },
    {
      "type": "Feature",
      "id": 278530089,
      "properties": {
        "id": 278530089,
        "name": "ถนน",
        "category": "ถนนสายหลัก",
        "highway": "unclassified",
        "waterway": null,
        "ref": null
      },
      "geometry": {
        "type": "LineString",
        "coordinates": [
          [
            100.2920046,
            18.2353797
          ],
          [
            100.2918624,
            18.2353762
          ],
          [
            100.2917441,
            18.2353727
          ],
          [
            100.2915993,
            18.235365
          ],
          [
            100.2914437,
            18.2353396
          ],
          [
            100.2910789,
            18.235258
          ],
          [
            100.2905398,
            18.2351383
          ],
          [
            100.290454,
            18.2351332
          ],
          [
            100.2903869,
            18.2351358
          ],
          [
            100.2902099,
            18.2351589
          ],
          [
            100.2897402,
            18.235211
          ],
          [
            100.2895535,
            18.2352477
          ],
          [
            100.2892014,
            18.2353729
          ],
          [
            100.2890721,
            18.2354309
          ],
          [
            100.2889082,
            18.2356175
          ],
          [
            100.2888361,
            18.2356887
          ],
          [
            100.2886167,
            18.2358213
          ],
          [
            100.2885707,
            18.2358468
          ],
          [
            100.2884427,
            18.2358935
          ],
          [
            100.2883581,
            18.2359012
          ],
          [
            100.2882873,
            18.2358896
          ],
          [
            100.2882058,
            18.2358516
          ],
          [
            100.2880305,
            18.235747
          ],
          [
            100.2879789,
            18.2357162
          ],
          [
            100.2879158,
            18.2357006
          ],
          [
            100.2877858,
            18.2356769
          ],
          [
            100.2876002,
            18.2356588
          ],
          [
            100.2874435,
            18.2356716
          ],
          [
            100.2870987,
            18.235787
          ],
          [
            100.2869813,
            18.2358146
          ],
          [
            100.2869034,
            18.2358173
          ],
          [
            100.2866372,
            18.2357851
          ],
          [
            100.2862965,
            18.2358224
          ]
        ]
      }
    },
    {
      "type": "Feature",
      "id": 278530092,
      "properties": {
        "id": 278530092,
        "name": "ถนน",
        "category": "ถนนสายหลัก",
        "highway": "residential",
        "waterway": null,
        "ref": null
      },
      "geometry": {
        "type": "LineString",
        "coordinates": [
          [
            100.2859453,
            18.2342342
          ],
          [
            100.2864041,
            18.234098
          ],
          [
            100.2865491,
            18.2340668
          ],
          [
            100.2868739,
            18.2340675
          ],
          [
            100.2869953,
            18.2340283
          ],
          [
            100.2870455,
            18.2339832
          ],
          [
            100.2871782,
            18.2338607
          ],
          [
            100.2873545,
            18.2336805
          ],
          [
            100.2874674,
            18.2336041
          ],
          [
            100.287682,
            18.2335019
          ],
          [
            100.2879343,
            18.2334039
          ],
          [
            100.2887097,
            18.2331311
          ],
          [
            100.2887923,
            18.233083
          ],
          [
            100.2888326,
            18.2330165
          ],
          [
            100.2888899,
            18.232864
          ],
          [
            100.2889788,
            18.2326982
          ],
          [
            100.2890743,
            18.232655
          ],
          [
            100.2892075,
            18.2326415
          ],
          [
            100.2893419,
            18.2326207
          ]
        ]
      }
    },
    {
      "type": "Feature",
      "id": 278530095,
      "properties": {
        "id": 278530095,
        "name": "ถนน",
        "category": "ถนนสายหลัก",
        "highway": "service",
        "waterway": null,
        "ref": null
      },
      "geometry": {
        "type": "LineString",
        "coordinates": [
          [
            100.2857238,
            18.2325289
          ],
          [
            100.2861294,
            18.2327068
          ],
          [
            100.2865729,
            18.2328833
          ],
          [
            100.2869752,
            18.2330313
          ],
          [
            100.2869829,
            18.2330844
          ],
          [
            100.286955,
            18.2331268
          ],
          [
            100.2868917,
            18.2331805
          ],
          [
            100.2867881,
            18.233208
          ],
          [
            100.2866452,
            18.2332329
          ],
          [
            100.2864418,
            18.2332754
          ],
          [
            100.2861642,
            18.2333149
          ],
          [
            100.2859997,
            18.2333097
          ],
          [
            100.2859253,
            18.2333375
          ],
          [
            100.2858054,
            18.2335047
          ]
        ]
      }
    },
    {
      "type": "Feature",
      "id": 278530100,
      "properties": {
        "id": 278530100,
        "name": "ถนน",
        "category": "ถนนสายหลัก",
        "highway": "service",
        "waterway": null,
        "ref": null
      },
      "geometry": {
        "type": "LineString",
        "coordinates": [
          [
            100.283865,
            18.2300379
          ],
          [
            100.2840129,
            18.2300321
          ],
          [
            100.2843216,
            18.2300417
          ],
          [
            100.2847964,
            18.2299755
          ],
          [
            100.285282,
            18.2299106
          ],
          [
            100.285932,
            18.2299022
          ],
          [
            100.2863254,
            18.229922
          ]
        ]
      }
    },
    {
      "type": "Feature",
      "id": 278530101,
      "properties": {
        "id": 278530101,
        "name": "ถนน",
        "category": "ถนนสายหลัก",
        "highway": "service",
        "waterway": null,
        "ref": null
      },
      "geometry": {
        "type": "LineString",
        "coordinates": [
          [
            100.2868917,
            18.2331805
          ],
          [
            100.2868768,
            18.2335586
          ],
          [
            100.2869255,
            18.233784
          ],
          [
            100.2870455,
            18.2339832
          ]
        ]
      }
    },
    {
      "type": "Feature",
      "id": 278530105,
      "properties": {
        "id": 278530105,
        "name": "ถนน",
        "category": "ถนนสายหลัก",
        "highway": "service",
        "waterway": null,
        "ref": null
      },
      "geometry": {
        "type": "LineString",
        "coordinates": [
          [
            100.2897761,
            18.2337508
          ],
          [
            100.2896981,
            18.2332855
          ],
          [
            100.2897396,
            18.2327391
          ]
        ]
      }
    },
    {
      "type": "Feature",
      "id": 317753189,
      "properties": {
        "id": 317753189,
        "name": "ถนน",
        "category": "ถนนสายหลัก",
        "highway": "unclassified",
        "waterway": null,
        "ref": null
      },
      "geometry": {
        "type": "LineString",
        "coordinates": [
          [
            100.2896831,
            18.2258869
          ],
          [
            100.2897837,
            18.2260082
          ],
          [
            100.2898932,
            18.2261154
          ],
          [
            100.2900074,
            18.2261828
          ],
          [
            100.2901837,
            18.2262627
          ],
          [
            100.2905728,
            18.2264099
          ],
          [
            100.2907142,
            18.2264517
          ],
          [
            100.2914974,
            18.2266848
          ],
          [
            100.2916574,
            18.226738
          ],
          [
            100.2917582,
            18.2267812
          ],
          [
            100.2919417,
            18.2269112
          ],
          [
            100.2922107,
            18.2271343
          ],
          [
            100.2923807,
            18.2272634
          ],
          [
            100.2924906,
            18.227335
          ],
          [
            100.2925944,
            18.2273979
          ],
          [
            100.2926603,
            18.2274224
          ],
          [
            100.2927732,
            18.2274517
          ],
          [
            100.2929097,
            18.2274711
          ],
          [
            100.2929846,
            18.227511
          ],
          [
            100.2932383,
            18.2278166
          ],
          [
            100.2935631,
            18.2281315
          ],
          [
            100.2939281,
            18.2285611
          ],
          [
            100.2941449,
            18.2288965
          ],
          [
            100.2943186,
            18.2292093
          ],
          [
            100.2944407,
            18.2294251
          ],
          [
            100.2946393,
            18.2298088
          ],
          [
            100.2950049,
            18.2305817
          ],
          [
            100.2953459,
            18.2313781
          ],
          [
            100.2954555,
            18.2316019
          ],
          [
            100.2962239,
            18.2326091
          ],
          [
            100.2963776,
            18.2328002
          ],
          [
            100.2964979,
            18.2330093
          ]
        ]
      }
    },
    {
      "type": "Feature",
      "id": 416620029,
      "properties": {
        "id": 416620029,
        "name": "ถนน",
        "category": "ถนนสายหลัก",
        "highway": "unclassified",
        "waterway": null,
        "ref": null
      },
      "geometry": {
        "type": "LineString",
        "coordinates": [
          [
            100.25797,
            18.2782895
          ],
          [
            100.2579466,
            18.2780367
          ],
          [
            100.2579618,
            18.277988
          ],
          [
            100.2580009,
            18.2779532
          ],
          [
            100.2580855,
            18.2779244
          ],
          [
            100.2583917,
            18.2778805
          ],
          [
            100.2585248,
            18.2778681
          ],
          [
            100.2590956,
            18.2778569
          ],
          [
            100.2593338,
            18.2778476
          ],
          [
            100.2594514,
            18.2778304
          ],
          [
            100.2595578,
            18.277801
          ],
          [
            100.2598555,
            18.2776711
          ],
          [
            100.2598778,
            18.2776437
          ],
          [
            100.2598512,
            18.2775753
          ],
          [
            100.2597143,
            18.2772109
          ],
          [
            100.2597245,
            18.2771887
          ],
          [
            100.2597437,
            18.2771604
          ],
          [
            100.2605369,
            18.2769134
          ],
          [
            100.2609712,
            18.2767401
          ],
          [
            100.2613489,
            18.2765568
          ],
          [
            100.2617188,
            18.2763549
          ],
          [
            100.2624606,
            18.275966
          ],
          [
            100.2625393,
            18.2759226
          ],
          [
            100.2626211,
            18.2758675
          ],
          [
            100.2626699,
            18.2758066
          ],
          [
            100.2626757,
            18.2757288
          ],
          [
            100.262658,
            18.2756305
          ],
          [
            100.262603,
            18.2754721
          ],
          [
            100.2625519,
            18.2752797
          ],
          [
            100.2625571,
            18.2751975
          ],
          [
            100.2626793,
            18.2749148
          ],
          [
            100.2626887,
            18.2748397
          ],
          [
            100.2626808,
            18.2747732
          ],
          [
            100.2626537,
            18.2746946
          ],
          [
            100.2625036,
            18.2744162
          ],
          [
            100.2624688,
            18.2743414
          ],
          [
            100.2624384,
            18.2742761
          ],
          [
            100.2622722,
            18.273753
          ],
          [
            100.2621417,
            18.2732749
          ],
          [
            100.2620654,
            18.2730374
          ],
          [
            100.261934,
            18.2725336
          ],
          [
            100.2618445,
            18.2720519
          ],
          [
            100.2618705,
            18.2715327
          ],
          [
            100.2618432,
            18.2713305
          ],
          [
            100.2618001,
            18.271142
          ],
          [
            100.261735,
            18.2709536
          ],
          [
            100.2613346,
            18.2702843
          ],
          [
            100.2611324,
            18.2699187
          ],
          [
            100.2610999,
            18.2697181
          ],
          [
            100.261106,
            18.2695807
          ],
          [
            100.2611252,
            18.2694424
          ],
          [
            100.2612204,
            18.2691622
          ],
          [
            100.2614387,
            18.2685477
          ],
          [
            100.2615658,
            18.2681242
          ],
          [
            100.2615987,
            18.2680337
          ],
          [
            100.2616463,
            18.2679231
          ],
          [
            100.2616979,
            18.2678256
          ],
          [
            100.2617687,
            18.2677226
          ],
          [
            100.2618575,
            18.2676293
          ],
          [
            100.261946,
            18.2675534
          ],
          [
            100.2620493,
            18.2674774
          ],
          [
            100.2621824,
            18.2673824
          ],
          [
            100.2625805,
            18.2671198
          ],
          [
            100.2627279,
            18.267026
          ],
          [
            100.2630283,
            18.2667784
          ],
          [
            100.2630449,
            18.2666901
          ],
          [
            100.2631089,
            18.266585
          ],
          [
            100.2631376,
            18.2664827
          ],
          [
            100.2631565,
            18.2663888
          ],
          [
            100.263163,
            18.2662846
          ],
          [
            100.2631475,
            18.266179
          ],
          [
            100.2628723,
            18.2652695
          ],
          [
            100.2628237,
            18.2650974
          ],
          [
            100.2627809,
            18.2648946
          ],
          [
            100.2627514,
            18.26471
          ],
          [
            100.2627381,
            18.2644931
          ],
          [
            100.262738,
            18.264302
          ],
          [
            100.2627511,
            18.2641094
          ],
          [
            100.2627756,
            18.2639942
          ],
          [
            100.2628157,
            18.2639002
          ],
          [
            100.2628559,
            18.2638258
          ],
          [
            100.2630571,
            18.2635456
          ],
          [
            100.2631566,
            18.263442
          ],
          [
            100.2632252,
            18.2634089
          ],
          [
            100.2633183,
            18.2633971
          ],
          [
            100.2634567,
            18.2634254
          ],
          [
            100.2635911,
            18.2634653
          ],
          [
            100.2647015,
            18.2639885
          ],
          [
            100.2650502,
            18.2640665
          ],
          [
            100.2656832,
            18.2640766
          ],
          [
            100.2661124,
            18.2640359
          ],
          [
            100.2665098,
            18.2638376
          ],
          [
            100.266652,
            18.2637651
          ],
          [
            100.2667968,
            18.2636826
          ],
          [
            100.266938,
            18.2635905
          ],
          [
            100.2669994,
            18.2635483
          ],
          [
            100.267282,
            18.2633052
          ],
          [
            100.2676176,
            18.2629739
          ],
          [
            100.2679122,
            18.2626703
          ],
          [
            100.2682791,
            18.2622711
          ],
          [
            100.2686428,
            18.2618958
          ],
          [
            100.2688873,
            18.2616882
          ],
          [
            100.2690998,
            18.2615364
          ],
          [
            100.2691628,
            18.2614849
          ],
          [
            100.2695554,
            18.2612587
          ],
          [
            100.2699172,
            18.2610255
          ],
          [
            100.2704988,
            18.2606886
          ],
          [
            100.2709755,
            18.2604497
          ],
          [
            100.2710636,
            18.2603833
          ],
          [
            100.2711368,
            18.2603222
          ],
          [
            100.2711941,
            18.2602431
          ],
          [
            100.2715545,
            18.2594748
          ],
          [
            100.2716827,
            18.2591879
          ],
          [
            100.2717362,
            18.259102
          ],
          [
            100.2717941,
            18.2590284
          ],
          [
            100.2718498,
            18.2589706
          ],
          [
            100.27196,
            18.2589083
          ],
          [
            100.2720958,
            18.2588587
          ],
          [
            100.2727327,
            18.2587449
          ],
          [
            100.2728737,
            18.2587102
          ],
          [
            100.2729878,
            18.2586663
          ],
          [
            100.2731052,
            18.2586139
          ],
          [
            100.2732319,
            18.2585451
          ],
          [
            100.2734888,
            18.2583808
          ],
          [
            100.2737187,
            18.258196
          ],
          [
            100.2738049,
            18.2580858
          ],
          [
            100.2739222,
            18.2578949
          ],
          [
            100.2741258,
            18.2574838
          ],
          [
            100.274231,
            18.2572789
          ],
          [
            100.2748434,
            18.2563618
          ],
          [
            100.2751471,
            18.2559252
          ],
          [
            100.2752152,
            18.2558155
          ],
          [
            100.2752679,
            18.2556912
          ],
          [
            100.2753724,
            18.2552961
          ],
          [
            100.2754281,
            18.255078
          ],
          [
            100.2754522,
            18.254946
          ],
          [
            100.2754662,
            18.2547808
          ],
          [
            100.2754581,
            18.2546011
          ],
          [
            100.2754328,
            18.2544094
          ],
          [
            100.2753769,
            18.2540367
          ],
          [
            100.2752132,
            18.2531464
          ],
          [
            100.2751967,
            18.2529668
          ],
          [
            100.2751961,
            18.2528109
          ],
          [
            100.2752176,
            18.252684
          ],
          [
            100.2753406,
            18.2521644
          ],
          [
            100.2754999,
            18.2516275
          ],
          [
            100.2755965,
            18.2514421
          ],
          [
            100.2756979,
            18.2512836
          ],
          [
            100.2759035,
            18.2509703
          ],
          [
            100.2760044,
            18.25076
          ],
          [
            100.2761121,
            18.2503957
          ],
          [
            100.2761796,
            18.2501629
          ],
          [
            100.2762222,
            18.250057
          ],
          [
            100.2762984,
            18.2499699
          ],
          [
            100.27641,
            18.249899
          ],
          [
            100.2766686,
            18.2497937
          ],
          [
            100.2769654,
            18.2496939
          ],
          [
            100.2775024,
            18.249478
          ],
          [
            100.2776143,
            18.2494206
          ],
          [
            100.2777103,
            18.2493778
          ],
          [
            100.279443,
            18.248578
          ],
          [
            100.279725,
            18.2484032
          ],
          [
            100.2799127,
            18.2482664
          ],
          [
            100.280164,
            18.2480631
          ],
          [
            100.2802597,
            18.2479568
          ],
          [
            100.2803719,
            18.2477964
          ],
          [
            100.2806161,
            18.247299
          ],
          [
            100.2807776,
            18.2469018
          ],
          [
            100.2808373,
            18.2466907
          ],
          [
            100.2808674,
            18.2465119
          ],
          [
            100.2808936,
            18.2456305
          ],
          [
            100.2808911,
            18.2452722
          ],
          [
            100.2808797,
            18.2450533
          ],
          [
            100.280841,
            18.2447355
          ],
          [
            100.2807147,
            18.243834
          ],
          [
            100.2806496,
            18.2433628
          ],
          [
            100.2806068,
            18.243052
          ],
          [
            100.2805456,
            18.2427361
          ],
          [
            100.2805144,
            18.2424559
          ],
          [
            100.2805359,
            18.2423027
          ],
          [
            100.2805872,
            18.2421116
          ],
          [
            100.2806597,
            18.241904
          ],
          [
            100.2807623,
            18.2416713
          ],
          [
            100.2809179,
            18.2413401
          ],
          [
            100.2809985,
            18.2412272
          ],
          [
            100.2810922,
            18.2411142
          ],
          [
            100.2811883,
            18.2410495
          ],
          [
            100.28126,
            18.2410159
          ],
          [
            100.2817114,
            18.2408597
          ],
          [
            100.2823448,
            18.2406472
          ],
          [
            100.2838216,
            18.2401754
          ],
          [
            100.2840185,
            18.2400814
          ],
          [
            100.2841729,
            18.2399767
          ],
          [
            100.2843678,
            18.2398273
          ],
          [
            100.2853035,
            18.2388665
          ],
          [
            100.2854348,
            18.2387265
          ],
          [
            100.2857498,
            18.2383256
          ],
          [
            100.2858409,
            18.2381853
          ],
          [
            100.285893,
            18.2380916
          ],
          [
            100.2859212,
            18.2380232
          ],
          [
            100.2859445,
            18.237936
          ],
          [
            100.2859586,
            18.237844
          ],
          [
            100.2860471,
            18.2373665
          ],
          [
            100.2860911,
            18.2371638
          ],
          [
            100.286147,
            18.2370628
          ],
          [
            100.2863116,
            18.2368809
          ],
          [
            100.2864319,
            18.2367548
          ],
          [
            100.2864754,
            18.2366819
          ],
          [
            100.2865082,
            18.2366079
          ],
          [
            100.286512,
            18.2365393
          ],
          [
            100.2864972,
            18.2364744
          ],
          [
            100.2864486,
            18.2363879
          ],
          [
            100.2864165,
            18.2362936
          ],
          [
            100.2863899,
            18.2362043
          ],
          [
            100.2862965,
            18.2358224
          ]
        ]
      }
    },
    {
      "type": "Feature",
      "id": 538056632,
      "properties": {
        "id": 538056632,
        "name": "ถนน",
        "category": "ถนนสายหลัก",
        "highway": "track",
        "waterway": null,
        "ref": null
      },
      "geometry": {
        "type": "LineString",
        "coordinates": [
          [
            100.3476211,
            18.292101
          ],
          [
            100.3474293,
            18.2918403
          ],
          [
            100.3473697,
            18.2918152
          ],
          [
            100.3470323,
            18.2918152
          ],
          [
            100.3466485,
            18.29179
          ],
          [
            100.3462714,
            18.2916832
          ],
          [
            100.3460133,
            18.2917712
          ],
          [
            100.3458248,
            18.2918057
          ],
          [
            100.3456164,
            18.2917618
          ],
          [
            100.3454013,
            18.2917995
          ],
          [
            100.3450771,
            18.2916927
          ],
          [
            100.3447132,
            18.291633
          ],
          [
            100.3440615,
            18.291388
          ],
          [
            100.3435068,
            18.291249
          ],
          [
            100.3434035,
            18.29124
          ],
          [
            100.3431253,
            18.2911637
          ],
          [
            100.3429009,
            18.2911503
          ],
          [
            100.3426855,
            18.2911951
          ],
          [
            100.3424521,
            18.2912849
          ],
          [
            100.3420302,
            18.2913388
          ],
          [
            100.3419495,
            18.2913702
          ],
          [
            100.3418418,
            18.2914375
          ],
          [
            100.3416398,
            18.2915183
          ],
          [
            100.3412494,
            18.291608
          ],
          [
            100.3410968,
            18.2916798
          ],
          [
            100.3409666,
            18.2917606
          ],
          [
            100.3406614,
            18.2917696
          ],
          [
            100.3402845,
            18.2918773
          ],
          [
            100.3400376,
            18.2919177
          ],
          [
            100.3397639,
            18.2919356
          ],
          [
            100.3392971,
            18.2919985
          ],
          [
            100.3389875,
            18.2919985
          ],
          [
            100.3385006,
            18.2919228
          ],
          [
            100.3379633,
            18.2916979
          ],
          [
            100.3374329,
            18.2915479
          ],
          [
            100.3369589,
            18.2914644
          ],
          [
            100.3364281,
            18.2915021
          ],
          [
            100.3358549,
            18.2917337
          ],
          [
            100.3354914,
            18.2919267
          ],
          [
            100.3353388,
            18.2919895
          ],
          [
            100.334908,
            18.2922453
          ],
          [
            100.334733,
            18.2923126
          ],
          [
            100.3342797,
            18.2924428
          ],
          [
            100.3340149,
            18.2924966
          ],
          [
            100.3327134,
            18.2926133
          ],
          [
            100.332065,
            18.2926393
          ],
          [
            100.3316492,
            18.2925731
          ],
          [
            100.3310451,
            18.2925639
          ],
          [
            100.3308787,
            18.2924798
          ],
          [
            100.3306221,
            18.2922947
          ],
          [
            100.3303573,
            18.2922453
          ],
          [
            100.3299309,
            18.2922902
          ],
          [
            100.3297155,
            18.2924069
          ],
          [
            100.3294956,
            18.2924876
          ],
          [
            100.3293969,
            18.2925101
          ],
          [
            100.3292622,
            18.2925729
          ],
          [
            100.329177,
            18.2926268
          ],
          [
            100.3291321,
            18.2926806
          ],
          [
            100.3290692,
            18.2928736
          ],
          [
            100.3286923,
            18.2935019
          ]
        ]
      }
    },
    {
      "type": "Feature",
      "id": 538056636,
      "properties": {
        "id": 538056636,
        "name": "ถนน",
        "category": "ถนนสายหลัก",
        "highway": "track",
        "waterway": null,
        "ref": null
      },
      "geometry": {
        "type": "LineString",
        "coordinates": [
          [
            100.327292,
            18.2913881
          ],
          [
            100.3281762,
            18.2911592
          ],
          [
            100.3284409,
            18.2911144
          ],
          [
            100.3285038,
            18.2910919
          ],
          [
            100.3288179,
            18.2909259
          ],
          [
            100.3289077,
            18.2908226
          ],
          [
            100.3290064,
            18.2905938
          ],
          [
            100.3290603,
            18.2905579
          ],
          [
            100.32915,
            18.2905354
          ],
          [
            100.3293026,
            18.2905354
          ],
          [
            100.3294597,
            18.2905668
          ],
          [
            100.3297918,
            18.2907374
          ],
          [
            100.3299264,
            18.2907912
          ],
          [
            100.3301239,
            18.2908361
          ],
          [
            100.3304932,
            18.2909042
          ],
          [
            100.3307621,
            18.2909695
          ],
          [
            100.330932,
            18.2909253
          ],
          [
            100.3323255,
            18.2900292
          ],
          [
            100.3338373,
            18.2897355
          ],
          [
            100.3343073,
            18.2897649
          ],
          [
            100.3350632,
            18.2899658
          ],
          [
            100.3350984,
            18.290026
          ],
          [
            100.3351057,
            18.2902847
          ],
          [
            100.3353254,
            18.2903963
          ],
          [
            100.3355273,
            18.2904726
          ],
          [
            100.3357124,
            18.2905214
          ],
          [
            100.3358862,
            18.2905363
          ],
          [
            100.3359582,
            18.2905607
          ],
          [
            100.336044,
            18.2906269
          ],
          [
            100.3361561,
            18.2907736
          ],
          [
            100.3361984,
            18.2908398
          ],
          [
            100.3362145,
            18.2908824
          ],
          [
            100.3362307,
            18.2911207
          ],
          [
            100.3362522,
            18.2911876
          ],
          [
            100.3362784,
            18.291256
          ],
          [
            100.3363254,
            18.2913463
          ],
          [
            100.3364281,
            18.2915021
          ]
        ]
      }
    },
    {
      "type": "Feature",
      "id": 538056638,
      "properties": {
        "id": 538056638,
        "name": "ถนน",
        "category": "ถนนสายหลัก",
        "highway": "track",
        "waterway": null,
        "ref": null
      },
      "geometry": {
        "type": "LineString",
        "coordinates": [
          [
            100.3415994,
            18.2841043
          ],
          [
            100.3415411,
            18.284589
          ],
          [
            100.3415725,
            18.2847909
          ],
          [
            100.3416892,
            18.285325
          ],
          [
            100.3417296,
            18.2855718
          ],
          [
            100.341734,
            18.285684
          ],
          [
            100.3417161,
            18.2858097
          ],
          [
            100.3416937,
            18.285868
          ],
          [
            100.3416218,
            18.2859488
          ],
          [
            100.3415366,
            18.2859982
          ],
          [
            100.3414064,
            18.2860341
          ],
          [
            100.3411057,
            18.2860565
          ],
          [
            100.3404864,
            18.2861328
          ],
          [
            100.3401543,
            18.2861418
          ],
          [
            100.3400197,
            18.2861283
          ],
          [
            100.3397773,
            18.28607
          ],
          [
            100.3395081,
            18.2859578
          ],
          [
            100.3392074,
            18.2857469
          ],
          [
            100.3391041,
            18.2857154
          ],
          [
            100.3390009,
            18.2857154
          ],
          [
            100.3387361,
            18.2857872
          ],
          [
            100.3386239,
            18.2858501
          ],
          [
            100.3385207,
            18.2859398
          ],
          [
            100.3384758,
            18.2860027
          ],
          [
            100.3383457,
            18.2862719
          ],
          [
            100.3382829,
            18.2863617
          ],
          [
            100.3382021,
            18.2864066
          ],
          [
            100.3381168,
            18.286429
          ],
          [
            100.3378027,
            18.286438
          ],
          [
            100.3376097,
            18.2864649
          ],
          [
            100.3374661,
            18.2865547
          ],
          [
            100.3372686,
            18.2867432
          ],
          [
            100.3370936,
            18.2868778
          ],
          [
            100.3368019,
            18.2870618
          ],
          [
            100.3366268,
            18.2871426
          ],
          [
            100.3364069,
            18.2872009
          ],
          [
            100.3362588,
            18.2871964
          ],
          [
            100.3358863,
            18.2871426
          ],
          [
            100.3357921,
            18.2871516
          ],
          [
            100.3353074,
            18.2872638
          ],
          [
            100.3348811,
            18.2873221
          ],
          [
            100.3346746,
            18.2872952
          ],
          [
            100.3341047,
            18.286981
          ],
          [
            100.3338623,
            18.2869541
          ],
          [
            100.3337725,
            18.2869586
          ],
          [
            100.3336604,
            18.286981
          ],
          [
            100.3334135,
            18.2870798
          ],
          [
            100.3332654,
            18.2870932
          ],
          [
            100.3330635,
            18.2870663
          ],
          [
            100.332664,
            18.2869317
          ],
          [
            100.3324262,
            18.2868733
          ],
          [
            100.3323544,
            18.2868688
          ],
          [
            100.3322332,
            18.2868958
          ],
          [
            100.3319774,
            18.2870169
          ],
          [
            100.3317126,
            18.2870798
          ],
          [
            100.3315466,
            18.2872279
          ],
          [
            100.3313985,
            18.2873176
          ],
          [
            100.3312863,
            18.2873356
          ],
          [
            100.3311561,
            18.2873311
          ],
          [
            100.3308509,
            18.2872413
          ],
          [
            100.3306759,
            18.2872279
          ],
          [
            100.3303662,
            18.2873041
          ],
          [
            100.3298905,
            18.2874702
          ],
          [
            100.3295584,
            18.2876093
          ],
          [
            100.3294821,
            18.2876766
          ],
          [
            100.3294148,
            18.2877799
          ],
          [
            100.3292173,
            18.2879594
          ],
          [
            100.3287012,
            18.2882601
          ],
          [
            100.328569,
            18.2883507
          ],
          [
            100.3284858,
            18.2883678
          ]
        ]
      }
    },
    {
      "type": "Feature",
      "id": 538056644,
      "properties": {
        "id": 538056644,
        "name": "ถนน",
        "category": "ถนนสายหลัก",
        "highway": "track",
        "waterway": null,
        "ref": null
      },
      "geometry": {
        "type": "LineString",
        "coordinates": [
          [
            100.3275075,
            18.2804153
          ],
          [
            100.3276626,
            18.2808267
          ],
          [
            100.3277336,
            18.2811636
          ],
          [
            100.3278262,
            18.2812924
          ],
          [
            100.3280866,
            18.2815266
          ],
          [
            100.3283812,
            18.2817478
          ],
          [
            100.3286827,
            18.2817673
          ],
          [
            100.3290047,
            18.2818779
          ],
          [
            100.3301008,
            18.2818389
          ],
          [
            100.3305941,
            18.2818193
          ],
          [
            100.3308065,
            18.2818974
          ],
          [
            100.3310669,
            18.2819559
          ],
          [
            100.3323343,
            18.2820926
          ],
          [
            100.3327249,
            18.282047
          ],
          [
            100.3333415,
            18.2818974
          ],
          [
            100.3336224,
            18.2819429
          ],
          [
            100.3339307,
            18.2821186
          ],
          [
            100.3341362,
            18.2823918
          ],
          [
            100.3347734,
            18.2828016
          ],
          [
            100.3349378,
            18.2828212
          ],
          [
            100.3353009,
            18.2827626
          ],
          [
            100.3357188,
            18.2827886
          ],
          [
            100.3360888,
            18.2828212
          ],
          [
            100.336493,
            18.2826976
          ],
          [
            100.3367191,
            18.2826846
          ],
          [
            100.3372672,
            18.2825414
          ],
          [
            100.3373974,
            18.2825935
          ],
          [
            100.3381236,
            18.2829318
          ],
          [
            100.338336,
            18.2829057
          ],
          [
            100.3385758,
            18.2827366
          ],
          [
            100.3388498,
            18.2824178
          ],
          [
            100.3389389,
            18.2824113
          ],
          [
            100.3390759,
            18.2825284
          ],
          [
            100.3393705,
            18.2831204
          ],
          [
            100.3394322,
            18.2834587
          ],
          [
            100.3395888,
            18.2836465
          ],
          [
            100.3396741,
            18.2836645
          ],
          [
            100.3399389,
            18.28366
          ],
          [
            100.3402306,
            18.2837094
          ],
          [
            100.3406345,
            18.283835
          ],
          [
            100.3409935,
            18.2839966
          ],
          [
            100.3415994,
            18.2841043
          ],
          [
            100.34212,
            18.2840459
          ],
          [
            100.342479,
            18.2839831
          ],
          [
            100.3426092,
            18.2839786
          ],
          [
            100.3428111,
            18.2840011
          ],
          [
            100.3429144,
            18.2840415
          ],
          [
            100.343233,
            18.2842928
          ],
          [
            100.3433228,
            18.2843466
          ],
          [
            100.3435696,
            18.2844633
          ],
          [
            100.3438119,
            18.2846114
          ],
          [
            100.3440139,
            18.2847102
          ],
          [
            100.3441216,
            18.2847416
          ],
          [
            100.3442921,
            18.2847326
          ],
          [
            100.3444268,
            18.2846922
          ],
          [
            100.3446377,
            18.2845665
          ],
          [
            100.3446691,
            18.2845621
          ],
          [
            100.3447185,
            18.284589
          ],
          [
            100.3450281,
            18.2848942
          ],
          [
            100.3451897,
            18.2850019
          ],
          [
            100.3453918,
            18.285093
          ],
          [
            100.3456435,
            18.2850422
          ],
          [
            100.3458308,
            18.285032
          ],
          [
            100.3460878,
            18.2854997
          ],
          [
            100.3461788,
            18.2856013
          ],
          [
            100.3463608,
            18.2857132
          ],
          [
            100.3465375,
            18.2857538
          ],
          [
            100.3467784,
            18.2857691
          ],
          [
            100.3470354,
            18.2859419
          ],
          [
            100.3472174,
            18.286008
          ],
          [
            100.3473566,
            18.285947
          ],
          [
            100.3476885,
            18.2856267
          ],
          [
            100.3479134,
            18.2855556
          ],
          [
            100.3482667,
            18.2856166
          ],
          [
            100.3484273,
            18.2857081
          ],
          [
            100.3486094,
            18.2857996
          ],
          [
            100.348786,
            18.2861046
          ],
          [
            100.3490751,
            18.2863181
          ],
          [
            100.3493856,
            18.2863486
          ],
          [
            100.349573,
            18.2864604
          ],
          [
            100.3497283,
            18.28674
          ]
        ]
      }
    },
    {
      "type": "Feature",
      "id": 538100938,
      "properties": {
        "id": 538100938,
        "name": "ถนน",
        "category": "ถนนสายหลัก",
        "highway": "track",
        "waterway": null,
        "ref": null
      },
      "geometry": {
        "type": "LineString",
        "coordinates": [
          [
            100.3284858,
            18.2883678
          ],
          [
            100.3278755,
            18.2879639
          ],
          [
            100.3276556,
            18.2878741
          ],
          [
            100.3273459,
            18.2878472
          ],
          [
            100.3271933,
            18.2878203
          ],
          [
            100.3270407,
            18.287744
          ],
          [
            100.326951,
            18.2876766
          ],
          [
            100.3267849,
            18.2875106
          ],
          [
            100.3267221,
            18.2874029
          ],
          [
            100.3266548,
            18.2871875
          ],
          [
            100.3266054,
            18.2871067
          ],
          [
            100.3265022,
            18.2870483
          ],
          [
            100.3263451,
            18.2870169
          ],
          [
            100.3262643,
            18.2870349
          ],
          [
            100.326206,
            18.2870842
          ],
          [
            100.3259771,
            18.2874253
          ],
          [
            100.325829,
            18.2876048
          ],
          [
            100.3257168,
            18.2877081
          ],
          [
            100.3256091,
            18.2877754
          ],
          [
            100.3252097,
            18.2878876
          ]
        ]
      }
    },
    {
      "type": "Feature",
      "id": 538101091,
      "properties": {
        "id": 538101091,
        "name": "ถนน",
        "category": "ถนนสายหลัก",
        "highway": "track",
        "waterway": null,
        "ref": null
      },
      "geometry": {
        "type": "LineString",
        "coordinates": [
          [
            100.3234998,
            18.2816539
          ],
          [
            100.3239665,
            18.2816988
          ],
          [
            100.3253353,
            18.2814205
          ],
          [
            100.3257213,
            18.281268
          ],
          [
            100.3258485,
            18.2811993
          ],
          [
            100.3259457,
            18.281075
          ],
          [
            100.3262374,
            18.2805454
          ],
          [
            100.326381,
            18.2804197
          ],
          [
            100.3264842,
            18.2804108
          ],
          [
            100.3266503,
            18.2804691
          ],
          [
            100.3267804,
            18.2804781
          ],
          [
            100.3271215,
            18.2803614
          ],
          [
            100.3272741,
            18.2803255
          ],
          [
            100.3273953,
            18.280339
          ],
          [
            100.3275075,
            18.2804153
          ],
          [
            100.3278306,
            18.280514
          ],
          [
            100.3280281,
            18.2805275
          ],
          [
            100.3282255,
            18.2804736
          ],
          [
            100.3286698,
            18.2803031
          ],
          [
            100.3289481,
            18.2802492
          ],
          [
            100.3292712,
            18.280155
          ],
          [
            100.329518,
            18.2801146
          ],
          [
            100.3298681,
            18.2801191
          ],
          [
            100.3300476,
            18.2801056
          ],
          [
            100.3302496,
            18.2800742
          ],
          [
            100.3304021,
            18.2800203
          ],
          [
            100.3306221,
            18.2798991
          ],
          [
            100.3307118,
            18.2798273
          ],
          [
            100.3307926,
            18.2797241
          ],
          [
            100.3308195,
            18.2796568
          ],
          [
            100.3308464,
            18.2795087
          ],
          [
            100.3309003,
            18.2793471
          ],
          [
            100.3309003,
            18.2792619
          ],
          [
            100.3308824,
            18.279199
          ],
          [
            100.3307926,
            18.2790285
          ],
          [
            100.3307926,
            18.2789522
          ],
          [
            100.3308375,
            18.2788894
          ],
          [
            100.3310394,
            18.2787458
          ],
          [
            100.3312638,
            18.2786156
          ],
          [
            100.3315735,
            18.2784675
          ],
          [
            100.331928,
            18.2783374
          ],
          [
            100.3322197,
            18.278297
          ],
          [
            100.3326865,
            18.278288
          ],
          [
            100.3330455,
            18.278306
          ],
          [
            100.3333552,
            18.2783822
          ],
          [
            100.3335123,
            18.2784047
          ],
          [
            100.3338982,
            18.2783778
          ],
          [
            100.3342483,
            18.2783778
          ],
          [
            100.3344906,
            18.2783015
          ],
          [
            100.3351189,
            18.2779963
          ],
          [
            100.3353433,
            18.2779065
          ],
          [
            100.3356686,
            18.2777578
          ],
          [
            100.3357577,
            18.2777291
          ],
          [
            100.3358448,
            18.2777157
          ],
          [
            100.3359281,
            18.2777228
          ],
          [
            100.3360255,
            18.2777629
          ],
          [
            100.336085,
            18.2777718
          ],
          [
            100.3361601,
            18.2777719
          ],
          [
            100.3367296,
            18.2775948
          ],
          [
            100.3367922,
            18.2775778
          ],
          [
            100.3368494,
            18.2775787
          ],
          [
            100.3369533,
            18.2776012
          ],
          [
            100.3374877,
            18.2778094
          ],
          [
            100.337552,
            18.2778128
          ],
          [
            100.3376122,
            18.27782
          ],
          [
            100.3377567,
            18.2778373
          ],
          [
            100.3380973,
            18.2779398
          ],
          [
            100.3382458,
            18.277991
          ],
          [
            100.3383267,
            18.2780102
          ],
          [
            100.3384347,
            18.2780294
          ],
          [
            100.3385156,
            18.2780551
          ],
          [
            100.3385813,
            18.2780849
          ],
          [
            100.3388789,
            18.2783068
          ],
          [
            100.3391445,
            18.2784775
          ],
          [
            100.3393463,
            18.2785647
          ],
          [
            100.3394981,
            18.2786178
          ],
          [
            100.3396159,
            18.2786292
          ],
          [
            100.3397994,
            18.2786535
          ],
          [
            100.3398987,
            18.2786875
          ],
          [
            100.3399658,
            18.2787241
          ],
          [
            100.3400781,
            18.278807
          ],
          [
            100.3401503,
            18.2788866
          ],
          [
            100.3402056,
            18.2789614
          ],
          [
            100.340318,
            18.2791764
          ],
          [
            100.3403784,
            18.2792417
          ],
          [
            100.3406937,
            18.2795268
          ],
          [
            100.3408061,
            18.2795794
          ],
          [
            100.3411176,
            18.2796735
          ]
        ]
      }
    },
    {
      "type": "Feature",
      "id": 538801980,
      "properties": {
        "id": 538801980,
        "name": "ถนน",
        "category": "ถนนสายหลัก",
        "highway": "track",
        "waterway": null,
        "ref": null
      },
      "geometry": {
        "type": "LineString",
        "coordinates": [
          [
            100.2799127,
            18.2482664
          ],
          [
            100.2801693,
            18.2484885
          ],
          [
            100.2807034,
            18.2487892
          ],
          [
            100.2807572,
            18.2489103
          ],
          [
            100.2807976,
            18.2491033
          ],
          [
            100.2810714,
            18.2495027
          ],
          [
            100.2812644,
            18.2498348
          ],
          [
            100.2813177,
            18.2499641
          ],
          [
            100.2813709,
            18.2501801
          ],
          [
            100.2814077,
            18.2504539
          ],
          [
            100.2814148,
            18.2505212
          ],
          [
            100.281408,
            18.2505798
          ],
          [
            100.2813282,
            18.2510148
          ],
          [
            100.281298,
            18.2513277
          ],
          [
            100.2812868,
            18.2514505
          ],
          [
            100.280889,
            18.2546048
          ],
          [
            100.2814946,
            18.2548972
          ],
          [
            100.2828107,
            18.255482
          ],
          [
            100.2830448,
            18.2556966
          ],
          [
            100.2833807,
            18.2559224
          ],
          [
            100.2834898,
            18.2560263
          ],
          [
            100.2836105,
            18.2560957
          ],
          [
            100.2837344,
            18.25615
          ],
          [
            100.2837845,
            18.2561956
          ],
          [
            100.2838277,
            18.256286
          ],
          [
            100.2838609,
            18.2564229
          ],
          [
            100.2838638,
            18.2566117
          ],
          [
            100.2838768,
            18.2566692
          ],
          [
            100.2839197,
            18.2567204
          ],
          [
            100.2840944,
            18.256854
          ],
          [
            100.284312,
            18.2570251
          ],
          [
            100.2843495,
            18.2570662
          ],
          [
            100.2843913,
            18.2571907
          ],
          [
            100.284423,
            18.2572373
          ],
          [
            100.2845311,
            18.2573536
          ],
          [
            100.2845527,
            18.2574043
          ],
          [
            100.2845628,
            18.2575097
          ],
          [
            100.2845989,
            18.2575754
          ],
          [
            100.2847026,
            18.2576671
          ],
          [
            100.2849174,
            18.2578163
          ],
          [
            100.285063,
            18.2579408
          ],
          [
            100.285148,
            18.257997
          ],
          [
            100.2852287,
            18.2580367
          ],
          [
            100.2853239,
            18.2580736
          ],
          [
            100.2853758,
            18.2581297
          ],
          [
            100.2854723,
            18.2582858
          ],
          [
            100.2854745,
            18.2583542
          ],
          [
            100.2854391,
            18.2584344
          ],
          [
            100.2853006,
            18.2586316
          ],
          [
            100.2852973,
            18.2586669
          ],
          [
            100.2853091,
            18.2587021
          ],
          [
            100.2853648,
            18.2587166
          ],
          [
            100.2854543,
            18.2587598
          ],
          [
            100.2854998,
            18.2587903
          ],
          [
            100.2855353,
            18.2588143
          ],
          [
            100.2857547,
            18.2590997
          ]
        ]
      }
    },
    {
      "type": "Feature",
      "id": 538801981,
      "properties": {
        "id": 538801981,
        "name": "ถนน",
        "category": "ถนนสายหลัก",
        "highway": "track",
        "waterway": null,
        "ref": null
      },
      "geometry": {
        "type": "LineString",
        "coordinates": [
          [
            100.2825922,
            18.2502377
          ],
          [
            100.2826309,
            18.2501642
          ],
          [
            100.2826453,
            18.2501
          ],
          [
            100.2826933,
            18.2496364
          ],
          [
            100.2827095,
            18.2491886
          ],
          [
            100.2827454,
            18.2489014
          ],
          [
            100.2827803,
            18.2483434
          ],
          [
            100.2827995,
            18.24827
          ],
          [
            100.2828459,
            18.2481996
          ],
          [
            100.2829259,
            18.2481073
          ],
          [
            100.2831914,
            18.2478803
          ],
          [
            100.2833737,
            18.2477455
          ],
          [
            100.2834514,
            18.2476797
          ],
          [
            100.2834919,
            18.2476252
          ],
          [
            100.2834953,
            18.2475433
          ],
          [
            100.2834764,
            18.2474508
          ],
          [
            100.2834243,
            18.2473363
          ],
          [
            100.2833027,
            18.2470346
          ],
          [
            100.2830121,
            18.2462595
          ],
          [
            100.2829598,
            18.2461165
          ],
          [
            100.2829236,
            18.2460447
          ],
          [
            100.2828863,
            18.2460083
          ],
          [
            100.2828278,
            18.2460063
          ],
          [
            100.2826154,
            18.246033
          ],
          [
            100.2823674,
            18.2460502
          ],
          [
            100.2819193,
            18.2460583
          ],
          [
            100.2818767,
            18.2460442
          ],
          [
            100.2818479,
            18.2460047
          ],
          [
            100.2818245,
            18.2458501
          ],
          [
            100.2817681,
            18.2455393
          ],
          [
            100.2816944,
            18.2451546
          ],
          [
            100.281622,
            18.2447585
          ],
          [
            100.2816139,
            18.2445993
          ],
          [
            100.2816313,
            18.2444019
          ],
          [
            100.281655,
            18.2440863
          ],
          [
            100.2816688,
            18.2439972
          ],
          [
            100.2816751,
            18.2439563
          ],
          [
            100.2816764,
            18.2438901
          ],
          [
            100.2816563,
            18.2438392
          ],
          [
            100.281596,
            18.243764
          ],
          [
            100.2815034,
            18.2436799
          ],
          [
            100.2814404,
            18.2436468
          ],
          [
            100.2812446,
            18.2435768
          ],
          [
            100.281089,
            18.2435411
          ],
          [
            100.2810126,
            18.2435016
          ],
          [
            100.2809281,
            18.2434252
          ],
          [
            100.2808584,
            18.2433488
          ],
          [
            100.280747,
            18.2433501
          ],
          [
            100.2806496,
            18.2433628
          ]
        ]
      }
    },
    {
      "type": "Feature",
      "id": 538801982,
      "properties": {
        "id": 538801982,
        "name": "ถนน",
        "category": "ถนนสายหลัก",
        "highway": "track",
        "waterway": null,
        "ref": null
      },
      "geometry": {
        "type": "LineString",
        "coordinates": [
          [
            100.2813709,
            18.2501801
          ],
          [
            100.2815199,
            18.2501999
          ],
          [
            100.2816251,
            18.25023
          ],
          [
            100.2817271,
            18.250254
          ],
          [
            100.2819274,
            18.2502706
          ],
          [
            100.2821389,
            18.2502734
          ],
          [
            100.2823914,
            18.2502764
          ],
          [
            100.2825922,
            18.2502377
          ],
          [
            100.2827109,
            18.2502303
          ],
          [
            100.2827609,
            18.2502367
          ],
          [
            100.282806,
            18.2502705
          ],
          [
            100.282949,
            18.2503935
          ],
          [
            100.2830279,
            18.2504545
          ],
          [
            100.2830832,
            18.2504722
          ],
          [
            100.2831447,
            18.250488
          ],
          [
            100.2833929,
            18.2504615
          ],
          [
            100.2835589,
            18.2504551
          ],
          [
            100.2836411,
            18.2504601
          ],
          [
            100.2837166,
            18.2504739
          ],
          [
            100.2838003,
            18.2504943
          ],
          [
            100.2839718,
            18.2505774
          ],
          [
            100.2842982,
            18.250695
          ],
          [
            100.2845434,
            18.2507774
          ],
          [
            100.2847652,
            18.2508729
          ],
          [
            100.2850013,
            18.2510068
          ],
          [
            100.2851269,
            18.2510966
          ],
          [
            100.2852672,
            18.2511745
          ],
          [
            100.2854591,
            18.2512407
          ],
          [
            100.2856891,
            18.2513105
          ],
          [
            100.285804,
            18.2513362
          ],
          [
            100.2859245,
            18.2513475
          ],
          [
            100.2860516,
            18.2513305
          ],
          [
            100.286289,
            18.2512774
          ],
          [
            100.2864267,
            18.2512711
          ],
          [
            100.2865879,
            18.2512817
          ],
          [
            100.2867643,
            18.2513213
          ],
          [
            100.2869348,
            18.2513349
          ],
          [
            100.2870525,
            18.251359
          ],
          [
            100.2871559,
            18.2514174
          ],
          [
            100.2873202,
            18.2514866
          ],
          [
            100.287325,
            18.2514875
          ],
          [
            100.2875013,
            18.2515145
          ],
          [
            100.28755,
            18.2515323
          ],
          [
            100.2875847,
            18.2515728
          ],
          [
            100.2875893,
            18.2516361
          ],
          [
            100.2875734,
            18.2517175
          ],
          [
            100.2875451,
            18.2518066
          ],
          [
            100.2875237,
            18.2519122
          ],
          [
            100.2875262,
            18.2520225
          ],
          [
            100.2875494,
            18.2521706
          ],
          [
            100.2875935,
            18.2524713
          ],
          [
            100.2876127,
            18.2525411
          ],
          [
            100.2876612,
            18.2526184
          ],
          [
            100.287715,
            18.2526846
          ],
          [
            100.2877951,
            18.2527472
          ],
          [
            100.2879985,
            18.2528487
          ],
          [
            100.2881948,
            18.2529919
          ],
          [
            100.2882846,
            18.2530727
          ],
          [
            100.2886436,
            18.2534407
          ],
          [
            100.2887603,
            18.2535529
          ],
          [
            100.2888591,
            18.253683
          ],
          [
            100.2889039,
            18.2537728
          ],
          [
            100.2889084,
            18.2538356
          ],
          [
            100.2888905,
            18.2539568
          ],
          [
            100.2889084,
            18.2540196
          ],
          [
            100.2891867,
            18.2544415
          ],
          [
            100.2894559,
            18.2547422
          ],
          [
            100.2895143,
            18.2548499
          ],
          [
            100.2895277,
            18.2549127
          ],
          [
            100.2895277,
            18.255155
          ],
          [
            100.2895008,
            18.2553929
          ],
          [
            100.2895008,
            18.2557654
          ],
          [
            100.2894874,
            18.2558237
          ],
          [
            100.2894515,
            18.2558866
          ],
          [
            100.2892944,
            18.2560481
          ],
          [
            100.2892674,
            18.256111
          ],
          [
            100.289254,
            18.2561962
          ],
          [
            100.289254,
            18.2563713
          ],
          [
            100.2892764,
            18.256479
          ],
          [
            100.2894862,
            18.256634
          ]
        ]
      }
    },
    {
      "type": "Feature",
      "id": 538805640,
      "properties": {
        "id": 538805640,
        "name": "ถนน",
        "category": "ถนนสายหลัก",
        "highway": "track",
        "waterway": null,
        "ref": null
      },
      "geometry": {
        "type": "LineString",
        "coordinates": [
          [
            100.390159,
            18.2812613
          ],
          [
            100.3900202,
            18.2816804
          ],
          [
            100.3898404,
            18.2823767
          ],
          [
            100.3898482,
            18.2831214
          ],
          [
            100.3899545,
            18.2834301
          ],
          [
            100.3900318,
            18.2837344
          ],
          [
            100.3904388,
            18.2841509
          ],
          [
            100.3905801,
            18.2844454
          ],
          [
            100.3914223,
            18.284836
          ],
          [
            100.3919517,
            18.2850844
          ],
          [
            100.3926585,
            18.2854324
          ],
          [
            100.3929858,
            18.2855567
          ],
          [
            100.3931101,
            18.2856499
          ],
          [
            100.3932149,
            18.2856561
          ],
          [
            100.3936665,
            18.2860166
          ],
          [
            100.3938235,
            18.286116
          ],
          [
            100.3939414,
            18.2861284
          ],
          [
            100.3942817,
            18.2862652
          ],
          [
            100.3946351,
            18.2863149
          ],
          [
            100.3947988,
            18.2862838
          ],
          [
            100.3950082,
            18.2861471
          ],
          [
            100.3952765,
            18.2858301
          ],
          [
            100.3955645,
            18.2856624
          ],
          [
            100.3957608,
            18.2855877
          ],
          [
            100.3962617,
            18.2855565
          ],
          [
            100.3964133,
            18.2856003
          ],
          [
            100.3965714,
            18.2857066
          ],
          [
            100.3970262,
            18.2857692
          ],
          [
            100.3973491,
            18.2857692
          ],
          [
            100.3975271,
            18.2857004
          ],
          [
            100.3976984,
            18.2855627
          ],
          [
            100.3980016,
            18.2854563
          ],
          [
            100.3983179,
            18.2852749
          ],
          [
            100.39843,
            18.2852874
          ],
          [
            100.3987331,
            18.2852561
          ],
          [
            100.3989177,
            18.2852623
          ],
          [
            100.3990561,
            18.2853562
          ],
          [
            100.3991549,
            18.2854626
          ],
          [
            100.399234,
            18.2856315
          ],
          [
            100.3992801,
            18.2858819
          ],
          [
            100.3993405,
            18.2860565
          ],
          [
            100.3994302,
            18.2861867
          ],
          [
            100.399695,
            18.2864425
          ],
          [
            100.4001348,
            18.2868195
          ],
          [
            100.4003278,
            18.287192
          ],
          [
            100.4005028,
            18.2874837
          ],
          [
            100.4005926,
            18.2875914
          ],
          [
            100.4007631,
            18.2877305
          ],
          [
            100.4008753,
            18.2877664
          ],
          [
            100.4010907,
            18.2877799
          ],
          [
            100.4016293,
            18.2876452
          ],
          [
            100.4018267,
            18.2875689
          ],
          [
            100.4018896,
            18.2875196
          ],
          [
            100.4021005,
            18.2872323
          ],
          [
            100.4024461,
            18.2869406
          ],
          [
            100.4026211,
            18.2867117
          ],
          [
            100.4030474,
            18.2865277
          ],
          [
            100.4033481,
            18.2864515
          ],
          [
            100.4036758,
            18.286245
          ],
          [
            100.4039944,
            18.28607
          ],
          [
            100.4040841,
            18.2859847
          ],
          [
            100.4042637,
            18.2858815
          ],
          [
            100.40434,
            18.2858994
          ],
          [
            100.4046362,
            18.2860924
          ],
          [
            100.4047708,
            18.2861553
          ],
          [
            100.4049683,
            18.2862046
          ],
          [
            100.4050266,
            18.2862001
          ],
          [
            100.4050939,
            18.2861687
          ],
          [
            100.405251,
            18.2860386
          ],
          [
            100.4054305,
            18.2859443
          ],
          [
            100.4054933,
            18.2858905
          ],
          [
            100.4055696,
            18.2857828
          ],
          [
            100.40561,
            18.2856077
          ],
          [
            100.4056504,
            18.285123
          ],
          [
            100.4056729,
            18.2850602
          ],
          [
            100.4057402,
            18.2849794
          ],
          [
            100.4058479,
            18.2849525
          ],
          [
            100.4059556,
            18.2849705
          ],
          [
            100.4062608,
            18.2850961
          ],
          [
            100.406548,
            18.285132
          ],
          [
            100.4068621,
            18.285141
          ],
          [
            100.4072391,
            18.2850916
          ],
          [
            100.4075084,
            18.2850826
          ],
          [
            100.4076341,
            18.2851186
          ],
          [
            100.4079435,
            18.2853155
          ],
          [
            100.4082197,
            18.2855577
          ],
          [
            100.4083882,
            18.2856733
          ],
          [
            100.4085122,
            18.2857044
          ],
          [
            100.4087557,
            18.285652
          ],
          [
            100.4091018,
            18.2855435
          ],
          [
            100.4093132,
            18.2854787
          ],
          [
            100.4094889,
            18.2854431
          ],
          [
            100.4095946,
            18.2854496
          ],
          [
            100.4097736,
            18.2854884
          ],
          [
            100.4098418,
            18.2854982
          ],
          [
            100.4100703,
            18.2855289
          ],
          [
            100.4103397,
            18.2855386
          ],
          [
            100.4105449,
            18.2855425
          ]
        ]
      }
    },
    {
      "type": "Feature",
      "id": 538807302,
      "properties": {
        "id": 538807302,
        "name": "ถนน",
        "category": "ถนนสายหลัก",
        "highway": "track",
        "waterway": null,
        "ref": null
      },
      "geometry": {
        "type": "LineString",
        "coordinates": [
          [
            100.2802562,
            18.2297347
          ],
          [
            100.2805912,
            18.2295227
          ],
          [
            100.2807781,
            18.2294051
          ],
          [
            100.28088,
            18.2293665
          ],
          [
            100.2809504,
            18.2293514
          ],
          [
            100.2810497,
            18.2293717
          ],
          [
            100.2812676,
            18.229426
          ],
          [
            100.2813179,
            18.2294462
          ],
          [
            100.2815873,
            18.2296888
          ],
          [
            100.2817966,
            18.2298046
          ],
          [
            100.281858,
            18.2298464
          ],
          [
            100.2819552,
            18.229924
          ],
          [
            100.282053,
            18.2300205
          ],
          [
            100.2821395,
            18.2301314
          ],
          [
            100.2822013,
            18.2302256
          ],
          [
            100.2822406,
            18.230309
          ],
          [
            100.2822578,
            18.2303647
          ],
          [
            100.2822656,
            18.2304149
          ],
          [
            100.2822513,
            18.2304975
          ],
          [
            100.2822652,
            18.2305639
          ],
          [
            100.2823818,
            18.2307389
          ],
          [
            100.2824761,
            18.2310037
          ],
          [
            100.2825015,
            18.2311199
          ],
          [
            100.2826055,
            18.2313917
          ],
          [
            100.2826538,
            18.231465
          ],
          [
            100.2830513,
            18.2318931
          ],
          [
            100.2831321,
            18.2319582
          ],
          [
            100.2831775,
            18.2319835
          ],
          [
            100.2832042,
            18.2320089
          ],
          [
            100.2832709,
            18.2321229
          ],
          [
            100.2833109,
            18.2321558
          ],
          [
            100.2834096,
            18.2321938
          ],
          [
            100.2834416,
            18.2322192
          ],
          [
            100.2834576,
            18.2322648
          ],
          [
            100.2834469,
            18.2323078
          ],
          [
            100.2833909,
            18.2323864
          ],
          [
            100.2833669,
            18.2324269
          ],
          [
            100.2833802,
            18.2324624
          ],
          [
            100.2834069,
            18.2324902
          ],
          [
            100.2834336,
            18.232513
          ],
          [
            100.2836523,
            18.2325713
          ],
          [
            100.283703,
            18.2326017
          ],
          [
            100.2837536,
            18.2326422
          ],
          [
            100.2838737,
            18.2327765
          ],
          [
            100.2839217,
            18.2328373
          ],
          [
            100.2840017,
            18.2329665
          ],
          [
            100.2840444,
            18.2330096
          ],
          [
            100.2841404,
            18.2330856
          ],
          [
            100.2841991,
            18.2331084
          ],
          [
            100.2842551,
            18.2331489
          ],
          [
            100.2842978,
            18.2331996
          ],
          [
            100.2843405,
            18.2332249
          ],
          [
            100.2844205,
            18.2332629
          ],
          [
            100.2844445,
            18.2332959
          ],
          [
            100.2844445,
            18.2333389
          ],
          [
            100.2844258,
            18.2333719
          ],
          [
            100.2843938,
            18.2334023
          ],
          [
            100.2842551,
            18.2334834
          ],
          [
            100.2839084,
            18.2337975
          ],
          [
            100.283727,
            18.2340103
          ],
          [
            100.2835936,
            18.2341496
          ],
          [
            100.2835749,
            18.2341876
          ],
          [
            100.2835749,
            18.234218
          ],
          [
            100.2835829,
            18.234251
          ],
          [
            100.2836069,
            18.2342814
          ],
          [
            100.2836283,
            18.2343143
          ],
          [
            100.2837083,
            18.2344207
          ],
          [
            100.283719,
            18.2344587
          ],
          [
            100.2837163,
            18.2345271
          ],
          [
            100.2836896,
            18.2347349
          ],
          [
            100.283703,
            18.2348717
          ],
          [
            100.2836976,
            18.234935
          ],
          [
            100.2836843,
            18.2349831
          ],
          [
            100.2836656,
            18.2350237
          ],
          [
            100.283655,
            18.2350617
          ],
          [
            100.2836523,
            18.2350895
          ],
          [
            100.2837296,
            18.2352137
          ],
          [
            100.2837341,
            18.2352462
          ],
          [
            100.2837235,
            18.2352865
          ],
          [
            100.2837062,
            18.2353218
          ],
          [
            100.2836704,
            18.2353658
          ],
          [
            100.283498,
            18.2354956
          ],
          [
            100.2834565,
            18.2355079
          ],
          [
            100.2832378,
            18.2355484
          ],
          [
            100.2832031,
            18.2355586
          ],
          [
            100.2831151,
            18.2356498
          ],
          [
            100.2830324,
            18.2357055
          ],
          [
            100.2829657,
            18.2357612
          ],
          [
            100.2829107,
            18.2357623
          ],
          [
            100.2828788,
            18.2357801
          ],
          [
            100.2824913,
            18.2362303
          ],
          [
            100.2823577,
            18.2365894
          ],
          [
            100.282275,
            18.2366876
          ],
          [
            100.282211,
            18.2368377
          ],
          [
            100.2820493,
            18.2373093
          ],
          [
            100.2820267,
            18.237404
          ],
          [
            100.2820117,
            18.2375898
          ],
          [
            100.282006,
            18.2379453
          ],
          [
            100.2819966,
            18.2380936
          ],
          [
            100.2819703,
            18.2381918
          ],
          [
            100.2819646,
            18.2382454
          ],
          [
            100.2819759,
            18.2383061
          ]
        ]
      }
    },
    {
      "type": "Feature",
      "id": 538807303,
      "properties": {
        "id": 538807303,
        "name": "ถนน",
        "category": "ถนนสายหลัก",
        "highway": "track",
        "waterway": null,
        "ref": null
      },
      "geometry": {
        "type": "LineString",
        "coordinates": [
          [
            100.2802562,
            18.2297347
          ],
          [
            100.2801469,
            18.2298997
          ],
          [
            100.2799763,
            18.2301016
          ],
          [
            100.2798124,
            18.2303889
          ],
          [
            100.2797691,
            18.2304262
          ],
          [
            100.2797227,
            18.2304754
          ],
          [
            100.2797094,
            18.2305018
          ],
          [
            100.2796962,
            18.2305396
          ],
          [
            100.2796988,
            18.2305698
          ],
          [
            100.2797147,
            18.2305938
          ],
          [
            100.2797426,
            18.2306152
          ],
          [
            100.2798076,
            18.2306467
          ],
          [
            100.2798726,
            18.230658
          ],
          [
            100.2798872,
            18.2306719
          ],
          [
            100.2799336,
            18.2307827
          ],
          [
            100.2799667,
            18.2308243
          ],
          [
            100.2799999,
            18.2308394
          ],
          [
            100.2801033,
            18.2308936
          ],
          [
            100.2801232,
            18.2309087
          ],
          [
            100.2802293,
            18.2310889
          ],
          [
            100.2802598,
            18.2311455
          ],
          [
            100.2802744,
            18.2311644
          ],
          [
            100.2803049,
            18.2311783
          ],
          [
            100.2803805,
            18.2312022
          ]
        ]
      }
    },
    {
      "type": "Feature",
      "id": 538807305,
      "properties": {
        "id": 538807305,
        "name": "ถนน",
        "category": "ถนนสายหลัก",
        "highway": "track",
        "waterway": null,
        "ref": null
      },
      "geometry": {
        "type": "LineString",
        "coordinates": [
          [
            100.2853965,
            18.2320179
          ],
          [
            100.2852749,
            18.2320272
          ],
          [
            100.285132,
            18.2319848
          ],
          [
            100.2850456,
            18.2319516
          ],
          [
            100.2849942,
            18.2319826
          ],
          [
            100.2849219,
            18.2319737
          ],
          [
            100.2848661,
            18.2319142
          ],
          [
            100.284791,
            18.231718
          ],
          [
            100.2847454,
            18.2315499
          ],
          [
            100.2846285,
            18.2313592
          ],
          [
            100.2844479,
            18.2311288
          ],
          [
            100.2842144,
            18.2308161
          ],
          [
            100.284128,
            18.2307007
          ],
          [
            100.2840649,
            18.2306409
          ],
          [
            100.2839855,
            18.230581
          ],
          [
            100.2839552,
            18.2305255
          ],
          [
            100.2839528,
            18.2304546
          ],
          [
            100.2839061,
            18.2303126
          ],
          [
            100.283879,
            18.2302379
          ],
          [
            100.2838361,
            18.230164
          ],
          [
            100.2838334,
            18.2300952
          ],
          [
            100.283865,
            18.2300379
          ],
          [
            100.2839073,
            18.2299964
          ],
          [
            100.2839275,
            18.229956
          ],
          [
            100.2838939,
            18.2297475
          ],
          [
            100.2838916,
            18.2296879
          ],
          [
            100.2839095,
            18.2295986
          ],
          [
            100.2839275,
            18.2295049
          ],
          [
            100.2839611,
            18.2294347
          ],
          [
            100.2839991,
            18.2293752
          ],
          [
            100.2840417,
            18.2293475
          ],
          [
            100.2841291,
            18.2293007
          ],
          [
            100.2841985,
            18.2292624
          ],
          [
            100.2843418,
            18.229222
          ],
          [
            100.2843866,
            18.2292092
          ],
          [
            100.2844382,
            18.2292092
          ],
          [
            100.2849735,
            18.2292943
          ],
          [
            100.2850138,
            18.2292943
          ],
          [
            100.2850541,
            18.2292752
          ],
          [
            100.2850922,
            18.2292539
          ],
          [
            100.2851258,
            18.229222
          ],
          [
            100.2851549,
            18.2291943
          ],
          [
            100.2851751,
            18.2291348
          ],
          [
            100.2851975,
            18.2289241
          ],
          [
            100.2852109,
            18.2288305
          ],
          [
            100.2852423,
            18.2287646
          ],
          [
            100.285296,
            18.228688
          ],
          [
            100.2853408,
            18.2286369
          ],
          [
            100.2853991,
            18.2286029
          ],
          [
            100.2854954,
            18.2285752
          ],
          [
            100.2855783,
            18.2285433
          ],
          [
            100.2856231,
            18.2285157
          ],
          [
            100.2856768,
            18.2284752
          ],
          [
            100.2857104,
            18.228437
          ],
          [
            100.2857373,
            18.2283901
          ],
          [
            100.2857574,
            18.2283263
          ],
          [
            100.2857485,
            18.2282604
          ],
          [
            100.2857239,
            18.2281902
          ],
          [
            100.2856723,
            18.2281285
          ],
          [
            100.2854752,
            18.2279881
          ],
          [
            100.2854304,
            18.2279625
          ],
          [
            100.2853856,
            18.2279561
          ],
          [
            100.2853229,
            18.2279604
          ],
          [
            100.2851773,
            18.2279689
          ],
          [
            100.2851213,
            18.2279668
          ],
          [
            100.2850116,
            18.2279349
          ],
          [
            100.2849399,
            18.2279115
          ],
          [
            100.2848212,
            18.2278604
          ],
          [
            100.2846062,
            18.2277221
          ],
          [
            100.284577,
            18.2276987
          ],
          [
            100.2845367,
            18.2276923
          ],
          [
            100.2844202,
            18.2277221
          ],
          [
            100.2843822,
            18.2277115
          ],
          [
            100.2843486,
            18.2276923
          ],
          [
            100.2843194,
            18.2276647
          ],
          [
            100.2841739,
            18.2271966
          ],
          [
            100.2841604,
            18.2271605
          ],
          [
            100.2841604,
            18.2271307
          ],
          [
            100.2841783,
            18.2269349
          ],
          [
            100.2841783,
            18.2268818
          ],
          [
            100.2841716,
            18.226835
          ],
          [
            100.2841559,
            18.2267626
          ],
          [
            100.2841291,
            18.2266903
          ],
          [
            100.2840619,
            18.2265392
          ],
          [
            100.2839678,
            18.2263882
          ],
          [
            100.2838065,
            18.2261584
          ],
          [
            100.2837505,
            18.2260925
          ],
          [
            100.2837057,
            18.2260669
          ],
          [
            100.2836318,
            18.2260542
          ],
          [
            100.283587,
            18.2260669
          ],
          [
            100.2834974,
            18.2261095
          ],
          [
            100.2834638,
            18.2261308
          ],
          [
            100.2834213,
            18.2261414
          ],
          [
            100.2833473,
            18.2261456
          ],
          [
            100.2832465,
            18.226152
          ],
          [
            100.282915,
            18.226252
          ],
          [
            100.2823394,
            18.226486
          ],
          [
            100.2822722,
            18.2265201
          ],
          [
            100.2822296,
            18.2265584
          ],
          [
            100.2821199,
            18.2267647
          ],
          [
            100.282093,
            18.226786
          ],
          [
            100.2820392,
            18.226835
          ],
          [
            100.2818354,
            18.2269605
          ],
          [
            100.2818018,
            18.2269647
          ],
          [
            100.2817369,
            18.2269711
          ],
          [
            100.2815734,
            18.2269839
          ],
          [
            100.2815241,
            18.2269924
          ],
          [
            100.2814591,
            18.2270137
          ],
          [
            100.2811209,
            18.2271775
          ],
          [
            100.2810649,
            18.2272137
          ],
          [
            100.2810447,
            18.2272456
          ],
          [
            100.2809708,
            18.2274179
          ],
          [
            100.2809551,
            18.2275051
          ],
          [
            100.2808566,
            18.2278987
          ],
          [
            100.2808476,
            18.2279327
          ],
          [
            100.2808275,
            18.2279625
          ],
          [
            100.280776,
            18.2280263
          ],
          [
            100.2807424,
            18.2280604
          ],
          [
            100.280711,
            18.2280774
          ],
          [
            100.2806662,
            18.2281072
          ],
          [
            100.2805923,
            18.2281497
          ],
          [
            100.2804355,
            18.2282008
          ],
          [
            100.2804016,
            18.2282267
          ],
          [
            100.280364,
            18.2282517
          ],
          [
            100.2803377,
            18.2282839
          ],
          [
            100.2803245,
            18.2283357
          ],
          [
            100.2803377,
            18.2284
          ],
          [
            100.2803715,
            18.2285304
          ],
          [
            100.2803734,
            18.2286019
          ],
          [
            100.280364,
            18.2287591
          ],
          [
            100.2803414,
            18.2288288
          ],
          [
            100.2803126,
            18.2288677
          ],
          [
            100.2802668,
            18.2289296
          ],
          [
            100.2801984,
            18.2290079
          ],
          [
            100.2801041,
            18.2291443
          ],
          [
            100.2800157,
            18.22937
          ],
          [
            100.2799807,
            18.2294201
          ],
          [
            100.2798625,
            18.2295047
          ],
          [
            100.2797977,
            18.2295312
          ],
          [
            100.2796884,
            18.2295555
          ],
          [
            100.2795679,
            18.2295586
          ],
          [
            100.2794602,
            18.2295496
          ],
          [
            100.279375,
            18.2295227
          ],
          [
            100.2791775,
            18.229424
          ],
          [
            100.2790967,
            18.2293522
          ],
          [
            100.2788678,
            18.2288899
          ],
          [
            100.2787646,
            18.2287867
          ],
          [
            100.2785447,
            18.2286386
          ],
          [
            100.2783383,
            18.2283514
          ],
          [
            100.278262,
            18.2282212
          ],
          [
            100.2781363,
            18.2280821
          ],
          [
            100.2780376,
            18.2280911
          ],
          [
            100.2778266,
            18.2281943
          ],
          [
            100.2777638,
            18.2282122
          ],
          [
            100.2776606,
            18.2281988
          ],
          [
            100.2774631,
            18.2281
          ],
          [
            100.2773644,
            18.2280013
          ],
          [
            100.2772836,
            18.2278712
          ],
          [
            100.2771849,
            18.2278353
          ],
          [
            100.2770987,
            18.2278323
          ],
          [
            100.2770491,
            18.2278475
          ],
          [
            100.2768498,
            18.2279516
          ],
          [
            100.27679,
            18.2279682
          ],
          [
            100.2767242,
            18.2279657
          ],
          [
            100.2766569,
            18.2279358
          ],
          [
            100.2763741,
            18.2278122
          ],
          [
            100.2761122,
            18.227709
          ],
          [
            100.275955,
            18.2276923
          ]
        ]
      }
    },
    {
      "type": "Feature",
      "id": 538807347,
      "properties": {
        "id": 538807347,
        "name": "ถนน",
        "category": "ถนนสายหลัก",
        "highway": "track",
        "waterway": null,
        "ref": null
      },
      "geometry": {
        "type": "LineString",
        "coordinates": [
          [
            100.3909182,
            18.2553199
          ],
          [
            100.3910308,
            18.2553428
          ],
          [
            100.391125,
            18.2553801
          ],
          [
            100.3914294,
            18.2556319
          ],
          [
            100.391527,
            18.25568
          ],
          [
            100.3919289,
            18.2557776
          ],
          [
            100.3921521,
            18.2558161
          ],
          [
            100.3922915,
            18.2558247
          ],
          [
            100.3924982,
            18.2558049
          ],
          [
            100.3926532,
            18.2557753
          ],
          [
            100.3927375,
            18.255768
          ],
          [
            100.392823,
            18.2557881
          ],
          [
            100.3930402,
            18.2558641
          ],
          [
            100.3931626,
            18.2558881
          ],
          [
            100.3933691,
            18.2559034
          ],
          [
            100.3935827,
            18.2558938
          ],
          [
            100.3937016,
            18.2558536
          ],
          [
            100.3938793,
            18.2557872
          ],
          [
            100.3940335,
            18.255738
          ],
          [
            100.3941433,
            18.2557155
          ],
          [
            100.3942818,
            18.2557084
          ],
          [
            100.394413,
            18.2557292
          ],
          [
            100.3945303,
            18.2557479
          ],
          [
            100.3946549,
            18.2557835
          ],
          [
            100.3948291,
            18.2558858
          ],
          [
            100.394931,
            18.2559486
          ],
          [
            100.3951014,
            18.2560499
          ],
          [
            100.3951697,
            18.2561035
          ],
          [
            100.3952184,
            18.2561846
          ],
          [
            100.395284,
            18.2563232
          ],
          [
            100.3955155,
            18.2567881
          ],
          [
            100.3955836,
            18.256896
          ],
          [
            100.3956534,
            18.2569475
          ],
          [
            100.3960278,
            18.2570453
          ],
          [
            100.3962546,
            18.2571236
          ],
          [
            100.3963712,
            18.2572006
          ],
          [
            100.3965822,
            18.2574756
          ],
          [
            100.3967162,
            18.257559
          ],
          [
            100.3968703,
            18.2576219
          ],
          [
            100.3969094,
            18.2576547
          ],
          [
            100.3969899,
            18.2578274
          ],
          [
            100.3970275,
            18.2579384
          ],
          [
            100.3970525,
            18.2580554
          ],
          [
            100.3970823,
            18.2582512
          ],
          [
            100.3971075,
            18.2583292
          ],
          [
            100.3971842,
            18.2584368
          ],
          [
            100.3973161,
            18.2586145
          ],
          [
            100.3973649,
            18.2586941
          ],
          [
            100.3973935,
            18.258772
          ],
          [
            100.3974298,
            18.2590227
          ],
          [
            100.3974686,
            18.2590963
          ],
          [
            100.3976699,
            18.2591997
          ],
          [
            100.3978029,
            18.2593089
          ],
          [
            100.3979778,
            18.2594352
          ],
          [
            100.3981952,
            18.2595748
          ],
          [
            100.3982906,
            18.2596206
          ],
          [
            100.3984048,
            18.2596569
          ],
          [
            100.3985157,
            18.259675
          ],
          [
            100.3986109,
            18.2597081
          ],
          [
            100.3989072,
            18.2599492
          ],
          [
            100.3989392,
            18.2599898
          ],
          [
            100.3989712,
            18.2600987
          ],
          [
            100.3989999,
            18.2602274
          ],
          [
            100.3990077,
            18.2603185
          ],
          [
            100.3989855,
            18.26045
          ],
          [
            100.398981,
            18.2604932
          ],
          [
            100.3989865,
            18.2605824
          ],
          [
            100.3989941,
            18.2606229
          ],
          [
            100.3990975,
            18.2609135
          ],
          [
            100.3992992,
            18.2612785
          ],
          [
            100.3993816,
            18.2614599
          ],
          [
            100.3993943,
            18.2615114
          ],
          [
            100.3993919,
            18.2615749
          ],
          [
            100.3993753,
            18.2616332
          ],
          [
            100.3993362,
            18.2617336
          ],
          [
            100.3992623,
            18.2618103
          ],
          [
            100.3990532,
            18.2620553
          ],
          [
            100.398918,
            18.2621817
          ],
          [
            100.3987006,
            18.2623059
          ],
          [
            100.3985955,
            18.2624009
          ],
          [
            100.3984106,
            18.2628789
          ],
          [
            100.3983444,
            18.2629958
          ],
          [
            100.3982265,
            18.2630737
          ],
          [
            100.3981274,
            18.2631538
          ],
          [
            100.3978819,
            18.2632985
          ],
          [
            100.3977466,
            18.2634039
          ],
          [
            100.3977063,
            18.2634499
          ],
          [
            100.3976691,
            18.2635352
          ],
          [
            100.3976289,
            18.2636225
          ],
          [
            100.3975504,
            18.2637676
          ],
          [
            100.3974565,
            18.2638774
          ],
          [
            100.3971912,
            18.2641225
          ],
          [
            100.3970683,
            18.2642117
          ],
          [
            100.3970495,
            18.2642347
          ],
          [
            100.3970363,
            18.2642509
          ],
          [
            100.3969186,
            18.2645117
          ],
          [
            100.3968701,
            18.2646107
          ],
          [
            100.3968164,
            18.2647273
          ],
          [
            100.3967958,
            18.2648901
          ],
          [
            100.3967906,
            18.264994
          ],
          [
            100.3967844,
            18.2652616
          ],
          [
            100.396773,
            18.265395
          ],
          [
            100.3967638,
            18.2656263
          ],
          [
            100.3967658,
            18.26569
          ],
          [
            100.3967885,
            18.2658567
          ],
          [
            100.3969021,
            18.2662743
          ],
          [
            100.3969155,
            18.2663047
          ],
          [
            100.3969733,
            18.2663773
          ],
          [
            100.3970817,
            18.2665322
          ],
          [
            100.3972355,
            18.2668341
          ],
          [
            100.3972727,
            18.2669243
          ],
          [
            100.3972851,
            18.2669596
          ],
          [
            100.3972841,
            18.2670027
          ],
          [
            100.3972603,
            18.2670921
          ],
          [
            100.3971843,
            18.267356
          ],
          [
            100.3971708,
            18.2674734
          ],
          [
            100.3971793,
            18.2675217
          ],
          [
            100.397203,
            18.2676359
          ],
          [
            100.3972995,
            18.2678884
          ],
          [
            100.3973385,
            18.2679833
          ],
          [
            100.397408,
            18.2681056
          ],
          [
            100.3974876,
            18.2682375
          ],
          [
            100.3975299,
            18.2682777
          ],
          [
            100.3979365,
            18.2684482
          ],
          [
            100.3980047,
            18.2684606
          ],
          [
            100.3982041,
            18.2684674
          ],
          [
            100.3982882,
            18.2684765
          ],
          [
            100.3984131,
            18.2685107
          ],
          [
            100.3985261,
            18.2685495
          ],
          [
            100.3986654,
            18.2686431
          ],
          [
            100.3987855,
            18.2687457
          ],
          [
            100.3989849,
            18.2689647
          ],
          [
            100.3990642,
            18.26904
          ],
          [
            100.399162,
            18.2690943
          ],
          [
            100.3994138,
            18.2691647
          ],
          [
            100.3996345,
            18.2692362
          ],
          [
            100.3997458,
            18.2692962
          ],
          [
            100.399803,
            18.2693438
          ],
          [
            100.3998441,
            18.2693915
          ],
          [
            100.3999254,
            18.2695029
          ],
          [
            100.3999705,
            18.2695991
          ],
          [
            100.3999906,
            18.269682
          ],
          [
            100.4000387,
            18.2698534
          ],
          [
            100.4000909,
            18.269982
          ],
          [
            100.4001551,
            18.2701011
          ],
          [
            100.4002825,
            18.270263
          ],
          [
            100.4003868,
            18.2703964
          ],
          [
            100.4004249,
            18.270424
          ],
          [
            100.40046,
            18.2704421
          ],
          [
            100.400776,
            18.2704754
          ],
          [
            100.4008282,
            18.2704945
          ],
          [
            100.4009425,
            18.2705497
          ],
          [
            100.40109,
            18.2706907
          ],
          [
            100.4011341,
            18.2707374
          ],
          [
            100.4011482,
            18.2707688
          ],
          [
            100.4011532,
            18.270805
          ],
          [
            100.4011431,
            18.2708317
          ],
          [
            100.4011161,
            18.2708603
          ],
          [
            100.4010117,
            18.2709317
          ],
          [
            100.4008763,
            18.2710222
          ],
          [
            100.4007817,
            18.2711098
          ],
          [
            100.4006936,
            18.2712057
          ],
          [
            100.4006644,
            18.2712531
          ],
          [
            100.4006522,
            18.2712934
          ],
          [
            100.4006559,
            18.271331
          ],
          [
            100.4006691,
            18.2713642
          ],
          [
            100.4006927,
            18.2714027
          ],
          [
            100.4009217,
            18.2715944
          ],
          [
            100.4009438,
            18.2716097
          ],
          [
            100.4009537,
            18.2716292
          ],
          [
            100.4009648,
            18.2716718
          ],
          [
            100.4009632,
            18.2719757
          ],
          [
            100.4009186,
            18.2723371
          ],
          [
            100.4009361,
            18.2724143
          ],
          [
            100.4009727,
            18.2724657
          ],
          [
            100.4010126,
            18.2725005
          ],
          [
            100.4010794,
            18.2725383
          ],
          [
            100.4015142,
            18.2727031
          ],
          [
            100.4016018,
            18.2727243
          ],
          [
            100.4017291,
            18.2727333
          ],
          [
            100.4019696,
            18.2727409
          ],
          [
            100.402046,
            18.272759
          ],
          [
            100.4021066,
            18.2728044
          ],
          [
            100.4022403,
            18.2729435
          ],
          [
            100.4022913,
            18.2730282
          ],
          [
            100.4024059,
            18.2732535
          ],
          [
            100.4025047,
            18.2734168
          ],
          [
            100.4025365,
            18.2734818
          ],
          [
            100.4025572,
            18.2735574
          ],
          [
            100.402554,
            18.274318
          ],
          [
            100.402562,
            18.2744965
          ],
          [
            100.4025699,
            18.2745811
          ],
          [
            100.402597,
            18.2746431
          ],
          [
            100.4027531,
            18.274941
          ],
          [
            100.4029505,
            18.2753886
          ],
          [
            100.4030113,
            18.2755451
          ],
          [
            100.4030239,
            18.2755949
          ],
          [
            100.4030206,
            18.2756404
          ],
          [
            100.4030027,
            18.2757073
          ],
          [
            100.4029541,
            18.2758014
          ],
          [
            100.4029003,
            18.2758721
          ],
          [
            100.4026845,
            18.2760645
          ],
          [
            100.4026487,
            18.2761138
          ],
          [
            100.402627,
            18.2761525
          ],
          [
            100.4026069,
            18.276222
          ],
          [
            100.402594,
            18.2763174
          ],
          [
            100.4025907,
            18.2763842
          ],
          [
            100.4025823,
            18.2764176
          ],
          [
            100.402551,
            18.2764966
          ],
          [
            100.4025106,
            18.2765523
          ],
          [
            100.4024702,
            18.276641
          ],
          [
            100.4024116,
            18.2767905
          ],
          [
            100.4023786,
            18.276961
          ],
          [
            100.402375,
            18.2770323
          ],
          [
            100.4023878,
            18.2771123
          ],
          [
            100.4024263,
            18.2771888
          ],
          [
            100.4024904,
            18.2772567
          ],
          [
            100.4027926,
            18.2776462
          ],
          [
            100.4028659,
            18.2777436
          ],
          [
            100.4031534,
            18.2782602
          ],
          [
            100.4035234,
            18.2788011
          ],
          [
            100.4035875,
            18.2788533
          ],
          [
            100.4036846,
            18.2789089
          ],
          [
            100.4037927,
            18.278982
          ],
          [
            100.4038879,
            18.2790672
          ],
          [
            100.4039392,
            18.2791333
          ],
          [
            100.4040198,
            18.2792794
          ],
          [
            100.4040912,
            18.2794325
          ],
          [
            100.4042231,
            18.2796916
          ],
          [
            100.4042561,
            18.2797612
          ],
          [
            100.4043239,
            18.2800673
          ],
          [
            100.4043733,
            18.2801716
          ],
          [
            100.4044246,
            18.2802516
          ],
          [
            100.4044832,
            18.2803195
          ],
          [
            100.4045638,
            18.2803803
          ],
          [
            100.4047873,
            18.2804934
          ],
          [
            100.4048477,
            18.2805282
          ],
          [
            100.4049027,
            18.2805751
          ],
          [
            100.4051149,
            18.2808486
          ],
          [
            100.4051681,
            18.2809068
          ],
          [
            100.4052527,
            18.2809336
          ],
          [
            100.4053232,
            18.2809501
          ],
          [
            100.405686,
            18.2810133
          ],
          [
            100.4059327,
            18.2810256
          ],
          [
            100.4060106,
            18.2810355
          ],
          [
            100.4060678,
            18.2810528
          ],
          [
            100.4061821,
            18.2811638
          ],
          [
            100.406286,
            18.2812599
          ],
          [
            100.4064548,
            18.2813832
          ],
          [
            100.4065587,
            18.2814424
          ],
          [
            100.4066963,
            18.2814893
          ],
          [
            100.4068781,
            18.2815386
          ],
          [
            100.4071693,
            18.2815968
          ],
          [
            100.4073834,
            18.2817341
          ],
          [
            100.4075959,
            18.2818965
          ],
          [
            100.4076923,
            18.2819392
          ],
          [
            100.4077586,
            18.2819877
          ],
          [
            100.407948,
            18.2821262
          ],
          [
            100.40802,
            18.2821784
          ],
          [
            100.4081185,
            18.2822144
          ],
          [
            100.4082171,
            18.2822594
          ],
          [
            100.4082606,
            18.2823097
          ],
          [
            100.40838,
            18.2825058
          ],
          [
            100.4084293,
            18.2825526
          ],
          [
            100.4084956,
            18.2826066
          ],
          [
            100.4086358,
            18.2827037
          ],
          [
            100.4088123,
            18.2828438
          ],
          [
            100.4088626,
            18.2828908
          ],
          [
            100.4089321,
            18.2829657
          ],
          [
            100.4089936,
            18.2830367
          ],
          [
            100.4090497,
            18.283076
          ],
          [
            100.4091098,
            18.2830925
          ],
          [
            100.4091859,
            18.2831141
          ],
          [
            100.409284,
            18.2831568
          ],
          [
            100.4093411,
            18.2831873
          ],
          [
            100.4094487,
            18.2832448
          ],
          [
            100.4095876,
            18.2833327
          ],
          [
            100.4097027,
            18.2834465
          ]
        ]
      }
    },
    {
      "type": "Feature",
      "id": 538810338,
      "properties": {
        "id": 538810338,
        "name": "ถนน",
        "category": "ถนนสายหลัก",
        "highway": "track",
        "waterway": null,
        "ref": null
      },
      "geometry": {
        "type": "LineString",
        "coordinates": [
          [
            100.3214142,
            18.2777121
          ],
          [
            100.3221938,
            18.2772513
          ],
          [
            100.3223644,
            18.2772019
          ],
          [
            100.3226377,
            18.2771601
          ],
          [
            100.3228092,
            18.2771055
          ],
          [
            100.3233777,
            18.2767342
          ],
          [
            100.3234472,
            18.2766898
          ],
          [
            100.3235432,
            18.2766591
          ],
          [
            100.3237003,
            18.2766306
          ],
          [
            100.3239677,
            18.2765315
          ],
          [
            100.3241164,
            18.2764541
          ],
          [
            100.3241584,
            18.2763994
          ],
          [
            100.3241728,
            18.2763596
          ],
          [
            100.3241632,
            18.2760487
          ],
          [
            100.3241788,
            18.2759269
          ],
          [
            100.3242219,
            18.2758255
          ],
          [
            100.3243095,
            18.27569
          ],
          [
            100.3243477,
            18.275617
          ],
          [
            100.3243807,
            18.2755169
          ],
          [
            100.3244062,
            18.2753694
          ],
          [
            100.3244307,
            18.2750783
          ],
          [
            100.3244286,
            18.2749974
          ],
          [
            100.3243455,
            18.2749934
          ],
          [
            100.3241954,
            18.2750045
          ],
          [
            100.3240698,
            18.2750197
          ],
          [
            100.3240177,
            18.2750186
          ],
          [
            100.3239879,
            18.2750096
          ],
          [
            100.3239772,
            18.2749863
          ],
          [
            100.3239836,
            18.274958
          ],
          [
            100.3240113,
            18.2749044
          ],
          [
            100.3240762,
            18.274772
          ],
          [
            100.3241124,
            18.2746376
          ],
          [
            100.3241263,
            18.2745547
          ],
          [
            100.3241199,
            18.2745113
          ],
          [
            100.3241018,
            18.274488
          ],
          [
            100.3240954,
            18.2744648
          ],
          [
            100.3240965,
            18.2744152
          ],
          [
            100.3241294,
            18.2742747
          ],
          [
            100.3242008,
            18.2741029
          ],
          [
            100.3242859,
            18.2739432
          ],
          [
            100.3244168,
            18.273738
          ],
          [
            100.3245872,
            18.2735399
          ],
          [
            100.3247181,
            18.2733802
          ],
          [
            100.3247937,
            18.2732882
          ],
          [
            100.3248245,
            18.2732225
          ],
          [
            100.3248352,
            18.2731579
          ],
          [
            100.3248309,
            18.2730932
          ],
          [
            100.3248043,
            18.2730113
          ],
          [
            100.3247404,
            18.2729132
          ],
          [
            100.3246798,
            18.2728526
          ],
          [
            100.3245733,
            18.2727748
          ],
          [
            100.3244999,
            18.2727202
          ],
          [
            100.3244456,
            18.2726676
          ],
          [
            100.3244051,
            18.2725918
          ],
          [
            100.3243892,
            18.2725079
          ],
          [
            100.3243934,
            18.2723705
          ],
          [
            100.3244317,
            18.272231
          ],
          [
            100.3244679,
            18.2721329
          ],
          [
            100.3244796,
            18.2720753
          ],
          [
            100.3244807,
            18.2719965
          ],
          [
            100.3244711,
            18.2719176
          ],
          [
            100.3244413,
            18.2718348
          ],
          [
            100.3243732,
            18.2717094
          ],
          [
            100.3243168,
            18.2716306
          ],
          [
            100.3242817,
            18.271571
          ],
          [
            100.3242721,
            18.2715113
          ],
          [
            100.3242721,
            18.271392
          ],
          [
            100.3242774,
            18.2713415
          ],
          [
            100.3242976,
            18.2713001
          ],
          [
            100.3243349,
            18.2712354
          ],
          [
            100.3243934,
            18.2711707
          ],
          [
            100.3244403,
            18.2711272
          ],
          [
            100.3245435,
            18.2710838
          ],
          [
            100.3246478,
            18.2710423
          ],
          [
            100.3247011,
            18.271009
          ],
          [
            100.3247372,
            18.2709665
          ],
          [
            100.3247394,
            18.2709251
          ],
          [
            100.3247351,
            18.2708776
          ],
          [
            100.3247298,
            18.2708402
          ],
          [
            100.3246883,
            18.2707502
          ],
          [
            100.3246351,
            18.2705986
          ],
          [
            100.3246063,
            18.2705127
          ],
          [
            100.324601,
            18.2704581
          ],
          [
            100.3246031,
            18.2703985
          ],
          [
            100.3246351,
            18.2703227
          ],
          [
            100.3246883,
            18.2702216
          ],
          [
            100.3247883,
            18.2700841
          ],
          [
            100.3249097,
            18.2699204
          ],
          [
            100.3251234,
            18.2697146
          ],
          [
            100.3252722,
            18.2695936
          ],
          [
            100.3254224,
            18.2695235
          ],
          [
            100.3255297,
            18.2694981
          ],
          [
            100.3257295,
            18.2694968
          ],
          [
            100.3258476,
            18.2695057
          ],
          [
            100.3259253,
            18.2695248
          ],
          [
            100.3260179,
            18.269563
          ],
          [
            100.3261386,
            18.2696407
          ],
          [
            100.3264685,
            18.269833
          ],
          [
            100.3265883,
            18.2699133
          ],
          [
            100.3266671,
            18.2699901
          ],
          [
            100.3267863,
            18.2701387
          ],
          [
            100.3269417,
            18.2703419
          ],
          [
            100.3270226,
            18.2704419
          ],
          [
            100.3270946,
            18.2706092
          ],
          [
            100.3272068,
            18.2709458
          ],
          [
            100.3274581,
            18.2713228
          ],
          [
            100.3275613,
            18.2714171
          ],
          [
            100.3276421,
            18.2714395
          ],
          [
            100.3277139,
            18.2714395
          ],
          [
            100.327862,
            18.2713946
          ],
          [
            100.3280427,
            18.2712671
          ],
          [
            100.3281717,
            18.2711568
          ],
          [
            100.3282048,
            18.2710681
          ],
          [
            100.3282031,
            18.2709772
          ],
          [
            100.3281537,
            18.2707394
          ],
          [
            100.3281447,
            18.2705195
          ],
          [
            100.3281717,
            18.2704073
          ],
          [
            100.32823,
            18.2702771
          ],
          [
            100.3283332,
            18.2701829
          ],
          [
            100.3284409,
            18.2701245
          ],
          [
            100.3288404,
            18.2700124
          ],
          [
            100.3293026,
            18.2699226
          ],
          [
            100.3295046,
            18.2698508
          ],
          [
            100.3296347,
            18.2697745
          ],
          [
            100.3296751,
            18.2696937
          ],
          [
            100.3296796,
            18.2695636
          ],
          [
            100.3296078,
            18.2692539
          ],
          [
            100.3295988,
            18.2690609
          ],
          [
            100.3296661,
            18.2689038
          ],
          [
            100.3297604,
            18.2688006
          ],
          [
            100.3298726,
            18.2687423
          ],
          [
            100.3305009,
            18.2685089
          ],
          [
            100.3307028,
            18.2684236
          ],
          [
            100.3308105,
            18.2683563
          ],
          [
            100.3308554,
            18.2682711
          ],
          [
            100.3309048,
            18.267903
          ],
          [
            100.3309586,
            18.2677774
          ],
          [
            100.3310529,
            18.2676697
          ],
          [
            100.3316273,
            18.2672658
          ],
          [
            100.331762,
            18.2671581
          ],
          [
            100.3318113,
            18.2670952
          ],
          [
            100.3318562,
            18.26701
          ],
          [
            100.3318742,
            18.2669426
          ],
          [
            100.3319235,
            18.2665836
          ],
          [
            100.3319235,
            18.266431
          ],
          [
            100.3318607,
            18.2660944
          ],
          [
            100.3318697,
            18.2658296
          ],
          [
            100.331937,
            18.2656367
          ],
          [
            100.3321228,
            18.2654097
          ]
        ]
      }
    },
    {
      "type": "Feature",
      "id": 538810339,
      "properties": {
        "id": 538810339,
        "name": "ถนน",
        "category": "ถนนสายหลัก",
        "highway": "residential",
        "waterway": null,
        "ref": null
      },
      "geometry": {
        "type": "LineString",
        "coordinates": [
          [
            100.333351,
            18.2674043
          ],
          [
            100.3333372,
            18.2673645
          ],
          [
            100.3329513,
            18.2668215
          ],
          [
            100.3327704,
            18.2665695
          ],
          [
            100.3325313,
            18.26616
          ],
          [
            100.3323034,
            18.2657282
          ],
          [
            100.3321569,
            18.2654572
          ],
          [
            100.3321228,
            18.2654097
          ],
          [
            100.3320474,
            18.2653317
          ],
          [
            100.331946,
            18.2652597
          ],
          [
            100.331753,
            18.2651924
          ],
          [
            100.3316273,
            18.2651879
          ],
          [
            100.331385,
            18.2652283
          ],
          [
            100.3310708,
            18.265318
          ],
          [
            100.3308464,
            18.2654033
          ],
          [
            100.330474,
            18.2655783
          ],
          [
            100.330272,
            18.2656232
          ],
          [
            100.3300835,
            18.2656232
          ],
          [
            100.3298501,
            18.2655963
          ],
          [
            100.3292398,
            18.2654886
          ],
          [
            100.328508,
            18.2655417
          ],
          [
            100.3284544,
            18.2655469
          ],
          [
            100.3280838,
            18.2655556
          ],
          [
            100.327696,
            18.2655379
          ],
          [
            100.3271541,
            18.2655622
          ]
        ]
      }
    },
    {
      "type": "Feature",
      "id": 538810341,
      "properties": {
        "id": 538810341,
        "name": "ถนน",
        "category": "ถนนสายหลัก",
        "highway": "residential",
        "waterway": null,
        "ref": null
      },
      "geometry": {
        "type": "LineString",
        "coordinates": [
          [
            100.3270453,
            18.2478913
          ],
          [
            100.3272691,
            18.2478458
          ],
          [
            100.3274087,
            18.247748
          ],
          [
            100.3274985,
            18.2475954
          ],
          [
            100.3275703,
            18.247546
          ],
          [
            100.3276825,
            18.2475236
          ],
          [
            100.3279742,
            18.2475326
          ],
          [
            100.3280999,
            18.2475056
          ],
          [
            100.3281762,
            18.2474518
          ],
          [
            100.3283647,
            18.2472588
          ],
          [
            100.3284903,
            18.247169
          ],
          [
            100.3286025,
            18.2471242
          ],
          [
            100.3287955,
            18.2470972
          ],
          [
            100.3288808,
            18.2470703
          ],
          [
            100.3290558,
            18.2469581
          ],
          [
            100.3291635,
            18.2468639
          ],
          [
            100.3292892,
            18.246617
          ],
          [
            100.3294956,
            18.2464914
          ],
          [
            100.3296213,
            18.246442
          ],
          [
            100.3296841,
            18.246442
          ],
          [
            100.3299264,
            18.2464914
          ],
          [
            100.3301733,
            18.2465004
          ],
          [
            100.3303528,
            18.2464824
          ],
          [
            100.3306535,
            18.2464151
          ],
          [
            100.3308285,
            18.2464061
          ],
          [
            100.3310753,
            18.2464914
          ],
          [
            100.3312324,
            18.2465228
          ],
          [
            100.3315421,
            18.2465228
          ],
          [
            100.3317844,
            18.2464375
          ],
          [
            100.3320043,
            18.2463119
          ],
          [
            100.3321659,
            18.2462535
          ],
          [
            100.3323858,
            18.2461234
          ],
          [
            100.3326434,
            18.2460582
          ],
          [
            100.3331752,
            18.245923
          ],
          [
            100.3337969,
            18.2457025
          ],
          [
            100.3342538,
            18.2455389
          ],
          [
            100.3344486,
            18.2455175
          ],
          [
            100.3346208,
            18.2455389
          ],
          [
            100.3348381,
            18.2456598
          ],
          [
            100.3349879,
            18.2457167
          ],
          [
            100.335295,
            18.245795
          ],
          [
            100.3355197,
            18.2458803
          ],
          [
            100.3355871,
            18.2459515
          ],
          [
            100.3357342,
            18.2461137
          ],
          [
            100.3358468,
            18.2462156
          ],
          [
            100.3359783,
            18.2462436
          ],
          [
            100.3362063,
            18.246213
          ],
          [
            100.3364074,
            18.2462742
          ],
          [
            100.3365657,
            18.2463633
          ],
          [
            100.3367078,
            18.2463659
          ],
          [
            100.3368419,
            18.2462997
          ],
          [
            100.3370726,
            18.2460933
          ],
          [
            100.3373113,
            18.2459354
          ],
          [
            100.3374884,
            18.2459328
          ],
          [
            100.3377297,
            18.2459328
          ],
          [
            100.3380087,
            18.2459074
          ],
          [
            100.3383172,
            18.2459456
          ],
          [
            100.3384915,
            18.246078
          ],
          [
            100.3386712,
            18.2462003
          ],
          [
            100.3387061,
            18.2462691
          ],
          [
            100.3386846,
            18.2464321
          ],
          [
            100.3386578,
            18.2465799
          ],
          [
            100.3386578,
            18.2466665
          ],
          [
            100.3386685,
            18.2468473
          ]
        ]
      }
    },
    {
      "type": "Feature",
      "id": 538810343,
      "properties": {
        "id": 538810343,
        "name": "ถนน",
        "category": "ถนนสายหลัก",
        "highway": "track",
        "waterway": null,
        "ref": null
      },
      "geometry": {
        "type": "LineString",
        "coordinates": [
          [
            100.3321228,
            18.2654097
          ],
          [
            100.3322807,
            18.2653319
          ],
          [
            100.3323795,
            18.2653104
          ],
          [
            100.3324756,
            18.2653046
          ],
          [
            100.3325877,
            18.2653225
          ],
          [
            100.3327403,
            18.2653898
          ],
          [
            100.3330096,
            18.2655649
          ],
          [
            100.3331398,
            18.2656232
          ],
          [
            100.3332295,
            18.2656456
          ],
          [
            100.3333597,
            18.2656412
          ],
          [
            100.3334225,
            18.2656232
          ],
          [
            100.3335302,
            18.2655424
          ],
          [
            100.3337815,
            18.265161
          ],
          [
            100.3338578,
            18.2650712
          ],
          [
            100.3339655,
            18.2649814
          ],
          [
            100.3340328,
            18.2649455
          ],
          [
            100.3342303,
            18.2648917
          ],
          [
            100.334338,
            18.2648917
          ],
          [
            100.3347419,
            18.264941
          ],
          [
            100.3355453,
            18.265134
          ],
          [
            100.3357652,
            18.2652013
          ],
          [
            100.3360973,
            18.2652597
          ],
          [
            100.3365461,
            18.2652462
          ],
          [
            100.3371026,
            18.2651565
          ],
          [
            100.3374713,
            18.265095
          ],
          [
            100.337618,
            18.2650507
          ],
          [
            100.3376981,
            18.2650178
          ],
          [
            100.3377368,
            18.2650026
          ],
          [
            100.3385028,
            18.2647167
          ],
          [
            100.3387002,
            18.2646089
          ],
          [
            100.339526,
            18.2642365
          ],
          [
            100.3396651,
            18.2641871
          ],
          [
            100.339894,
            18.2641377
          ],
          [
            100.3399838,
            18.2641018
          ],
          [
            100.340064,
            18.264054
          ],
          [
            100.3401364,
            18.2639896
          ],
          [
            100.3403526,
            18.263702
          ],
          [
            100.3403668,
            18.2636975
          ],
          [
            100.3403785,
            18.2636959
          ],
          [
            100.3403906,
            18.2636975
          ],
          [
            100.3404037,
            18.2637026
          ],
          [
            100.3404742,
            18.2637832
          ]
        ]
      }
    },
    {
      "type": "Feature",
      "id": 538810344,
      "properties": {
        "id": 538810344,
        "name": "ถนน",
        "category": "ถนนสายหลัก",
        "highway": "track",
        "waterway": null,
        "ref": null
      },
      "geometry": {
        "type": "LineString",
        "coordinates": [
          [
            100.3420258,
            18.2596005
          ],
          [
            100.3419756,
            18.2596209
          ],
          [
            100.3419225,
            18.2596543
          ],
          [
            100.3416218,
            18.2601839
          ],
          [
            100.3414962,
            18.2608257
          ],
          [
            100.3413975,
            18.2610815
          ],
          [
            100.341375,
            18.2611937
          ],
          [
            100.3413777,
            18.2612724
          ],
          [
            100.3413925,
            18.2613285
          ],
          [
            100.3414098,
            18.2614043
          ],
          [
            100.3414065,
            18.2614458
          ],
          [
            100.3413925,
            18.2614901
          ],
          [
            100.3412974,
            18.2617129
          ],
          [
            100.3411837,
            18.2620798
          ],
          [
            100.3411113,
            18.2623669
          ],
          [
            100.3410592,
            18.2627724
          ],
          [
            100.3410336,
            18.2628656
          ],
          [
            100.340998,
            18.2629619
          ],
          [
            100.3409139,
            18.263083
          ],
          [
            100.3408374,
            18.2631808
          ],
          [
            100.3407198,
            18.2634062
          ],
          [
            100.3406211,
            18.2635722
          ],
          [
            100.3404742,
            18.2637832
          ]
        ]
      }
    },
    {
      "type": "Feature",
      "id": 538810345,
      "properties": {
        "id": 538810345,
        "name": "ถนน",
        "category": "ถนนสายหลัก",
        "highway": "track",
        "waterway": null,
        "ref": null
      },
      "geometry": {
        "type": "LineString",
        "coordinates": [
          [
            100.3408691,
            18.2641352
          ],
          [
            100.3408197,
            18.2639229
          ],
          [
            100.340844,
            18.2636064
          ],
          [
            100.3409238,
            18.2633658
          ],
          [
            100.341028,
            18.263224
          ],
          [
            100.3411703,
            18.2630988
          ],
          [
            100.3413682,
            18.263079
          ],
          [
            100.3415383,
            18.2631086
          ],
          [
            100.3417535,
            18.2632965
          ],
          [
            100.3419444,
            18.2633921
          ],
          [
            100.3421076,
            18.2634515
          ],
          [
            100.3422395,
            18.263435
          ],
          [
            100.342354,
            18.2633954
          ],
          [
            100.3424963,
            18.2632306
          ],
          [
            100.3426491,
            18.2630361
          ],
          [
            100.3427528,
            18.2629933
          ],
          [
            100.3429907,
            18.2629664
          ],
          [
            100.3431028,
            18.2629395
          ],
          [
            100.3432285,
            18.2628452
          ],
          [
            100.3432824,
            18.2627869
          ],
          [
            100.3433093,
            18.2627016
          ],
          [
            100.3433138,
            18.2626163
          ],
          [
            100.3432554,
            18.2624458
          ],
          [
            100.3431791,
            18.2622887
          ],
          [
            100.3430086,
            18.2620194
          ],
          [
            100.3427977,
            18.261813
          ],
          [
            100.3423848,
            18.2615168
          ],
          [
            100.3420976,
            18.2612744
          ],
          [
            100.3419584,
            18.2610815
          ],
          [
            100.3419136,
            18.2609289
          ],
          [
            100.3418866,
            18.2606192
          ],
          [
            100.3420302,
            18.2597845
          ],
          [
            100.3420258,
            18.2596005
          ],
          [
            100.342138,
            18.2590081
          ],
          [
            100.3422457,
            18.2588824
          ],
          [
            100.3423309,
            18.2588241
          ],
          [
            100.3424611,
            18.2587927
          ],
          [
            100.3426541,
            18.2588151
          ],
          [
            100.3427393,
            18.2588555
          ],
          [
            100.3430445,
            18.2590799
          ],
          [
            100.3432195,
            18.2591382
          ],
          [
            100.3433856,
            18.2591472
          ],
          [
            100.3435606,
            18.2591113
          ],
          [
            100.343785,
            18.2590036
          ],
          [
            100.3442203,
            18.2585952
          ],
          [
            100.3446555,
            18.258021
          ],
          [
            100.3446987,
            18.2578979
          ],
          [
            100.3446642,
            18.2576394
          ],
          [
            100.3441025,
            18.2554095
          ],
          [
            100.3440053,
            18.2550915
          ],
          [
            100.343461,
            18.2545294
          ]
        ]
      }
    },
    {
      "type": "Feature",
      "id": 538810348,
      "properties": {
        "id": 538810348,
        "name": "ถนน",
        "category": "ถนนสายหลัก",
        "highway": "track",
        "waterway": null,
        "ref": null
      },
      "geometry": {
        "type": "LineString",
        "coordinates": [
          [
            100.3430216,
            18.2678242
          ],
          [
            100.3431791,
            18.2678268
          ],
          [
            100.3433811,
            18.2677639
          ],
          [
            100.3434664,
            18.2677549
          ],
          [
            100.3435247,
            18.2677729
          ],
          [
            100.3436369,
            18.2678402
          ],
          [
            100.3438882,
            18.2680601
          ],
          [
            100.3439914,
            18.2681185
          ],
          [
            100.3441216,
            18.2681319
          ],
          [
            100.3442787,
            18.2680826
          ],
          [
            100.3443864,
            18.2680781
          ],
          [
            100.3444357,
            18.268123
          ],
          [
            100.3444627,
            18.2681858
          ],
          [
            100.3444986,
            18.2683473
          ],
          [
            100.3446018,
            18.2684999
          ],
          [
            100.3447499,
            18.2686525
          ],
          [
            100.3448576,
            18.2686974
          ],
          [
            100.3449878,
            18.2686929
          ],
          [
            100.3453423,
            18.2685852
          ],
          [
            100.3455712,
            18.2684416
          ],
          [
            100.3457238,
            18.2683833
          ],
          [
            100.3458315,
            18.2683743
          ],
          [
            100.3459392,
            18.2684281
          ],
          [
            100.3460065,
            18.2685179
          ],
          [
            100.3460559,
            18.268648
          ],
          [
            100.3460963,
            18.26885
          ],
          [
            100.3461591,
            18.2689353
          ],
          [
            100.3463341,
            18.2690071
          ],
          [
            100.3467605,
            18.2690699
          ],
          [
            100.3469445,
            18.2691776
          ],
          [
            100.3470477,
            18.2692135
          ],
          [
            100.3472272,
            18.2692225
          ],
          [
            100.3475548,
            18.2690071
          ],
          [
            100.3477119,
            18.2689353
          ],
          [
            100.3478645,
            18.268832
          ],
          [
            100.3479573,
            18.2686993
          ],
          [
            100.347983,
            18.2685526
          ],
          [
            100.3480152,
            18.2683631
          ],
          [
            100.3480667,
            18.2682958
          ],
          [
            100.3481182,
            18.268253
          ]
        ]
      }
    },
    {
      "type": "Feature",
      "id": 538810353,
      "properties": {
        "id": 538810353,
        "name": "ถนน",
        "category": "ถนนสายหลัก",
        "highway": "track",
        "waterway": null,
        "ref": null
      },
      "geometry": {
        "type": "LineString",
        "coordinates": [
          [
            100.333351,
            18.2674043
          ],
          [
            100.3333913,
            18.267431
          ],
          [
            100.3334725,
            18.2675197
          ],
          [
            100.3335437,
            18.2676248
          ],
          [
            100.3341495,
            18.2684954
          ],
          [
            100.334347,
            18.268675
          ],
          [
            100.3346163,
            18.2690385
          ],
          [
            100.3347644,
            18.2691776
          ],
          [
            100.3348496,
            18.2692584
          ],
          [
            100.335074,
            18.2695546
          ],
          [
            100.3351862,
            18.2696488
          ],
          [
            100.3354286,
            18.2697835
          ],
          [
            100.3355587,
            18.2698239
          ],
          [
            100.3362858,
            18.2698239
          ],
          [
            100.3364608,
            18.2698687
          ],
          [
            100.3365224,
            18.269868
          ],
          [
            100.3372462,
            18.2698598
          ],
          [
            100.3374167,
            18.2698418
          ],
          [
            100.3376142,
            18.2698418
          ],
          [
            100.3377847,
            18.2698598
          ],
          [
            100.3386374,
            18.2698194
          ],
          [
            100.3390772,
            18.2697655
          ],
          [
            100.3392298,
            18.269761
          ],
          [
            100.3395709,
            18.2697655
          ],
          [
            100.3399434,
            18.2698194
          ],
          [
            100.3404774,
            18.2698418
          ],
          [
            100.3410609,
            18.2697521
          ],
          [
            100.3414547,
            18.2697264
          ],
          [
            100.341738,
            18.2696959
          ],
          [
            100.3419013,
            18.2696788
          ]
        ]
      }
    },
    {
      "type": "Feature",
      "id": 538810358,
      "properties": {
        "id": 538810358,
        "name": "ถนน",
        "category": "ถนนสายหลัก",
        "highway": "track",
        "waterway": null,
        "ref": null
      },
      "geometry": {
        "type": "LineString",
        "coordinates": [
          [
            100.3404742,
            18.2637832
          ],
          [
            100.3406203,
            18.2639382
          ],
          [
            100.3408691,
            18.2641352
          ],
          [
            100.340959,
            18.2642902
          ],
          [
            100.3411272,
            18.2645057
          ],
          [
            100.3412853,
            18.2647615
          ],
          [
            100.3414287,
            18.2649377
          ],
          [
            100.3415545,
            18.2652687
          ],
          [
            100.3417475,
            18.2656142
          ],
          [
            100.3419949,
            18.2660935
          ],
          [
            100.3423663,
            18.2666034
          ],
          [
            100.3427005,
            18.2670216
          ],
          [
            100.3428282,
            18.2672214
          ],
          [
            100.342933,
            18.2673911
          ],
          [
            100.3430114,
            18.2676315
          ],
          [
            100.3430216,
            18.2678242
          ],
          [
            100.3429506,
            18.2680243
          ],
          [
            100.3428509,
            18.268219
          ],
          [
            100.3427088,
            18.2684558
          ],
          [
            100.3425052,
            18.2688128
          ],
          [
            100.3423647,
            18.268989
          ],
          [
            100.3420675,
            18.269288
          ],
          [
            100.3419684,
            18.2694276
          ],
          [
            100.3419013,
            18.2696788
          ]
        ]
      }
    },
    {
      "type": "Feature",
      "id": 538810362,
      "properties": {
        "id": 538810362,
        "name": "ถนน",
        "category": "ถนนสายหลัก",
        "highway": "track",
        "waterway": null,
        "ref": null
      },
      "geometry": {
        "type": "LineString",
        "coordinates": [
          [
            100.3419013,
            18.2696788
          ],
          [
            100.3427573,
            18.2699046
          ],
          [
            100.3429592,
            18.2699989
          ],
          [
            100.3431791,
            18.2701335
          ],
          [
            100.3434125,
            18.270331
          ],
          [
            100.3434798,
            18.2703714
          ],
          [
            100.3437446,
            18.2704611
          ],
          [
            100.3438972,
            18.2705464
          ],
          [
            100.3441511,
            18.2707223
          ],
          [
            100.3441441,
            18.2712544
          ],
          [
            100.3441754,
            18.271864
          ],
          [
            100.3441351,
            18.2724807
          ],
          [
            100.3441485,
            18.2729654
          ],
          [
            100.3441351,
            18.2732661
          ],
          [
            100.3441485,
            18.2735129
          ],
          [
            100.344162,
            18.2735937
          ],
          [
            100.3442293,
            18.273661
          ],
          [
            100.344337,
            18.2736879
          ],
          [
            100.3444088,
            18.2737283
          ],
          [
            100.3444178,
            18.273827
          ],
          [
            100.3443998,
            18.2739168
          ],
          [
            100.3443325,
            18.2740829
          ],
          [
            100.3442084,
            18.2744696
          ],
          [
            100.3441755,
            18.274572
          ],
          [
            100.3441564,
            18.2747056
          ],
          [
            100.3441746,
            18.2747708
          ],
          [
            100.3442816,
            18.2748533
          ],
          [
            100.3449762,
            18.2752099
          ],
          [
            100.3452993,
            18.2754036
          ],
          [
            100.3454326,
            18.2754573
          ],
          [
            100.3455477,
            18.275488
          ],
          [
            100.3458425,
            18.2756203
          ],
          [
            100.3459132,
            18.275649
          ],
          [
            100.3459778,
            18.275649
          ],
          [
            100.3460667,
            18.275626
          ],
          [
            100.3461676,
            18.2755838
          ],
          [
            100.3463978,
            18.2755838
          ],
          [
            100.3468542,
            18.2756529
          ],
          [
            100.3469309,
            18.2756824
          ],
          [
            100.3471329,
            18.2757602
          ],
          [
            100.3471823,
            18.2757883
          ],
          [
            100.3474426,
            18.2759139
          ],
          [
            100.347562,
            18.2759506
          ],
          [
            100.3476403,
            18.2759301
          ],
          [
            100.3477052,
            18.2758531
          ],
          [
            100.3477266,
            18.2757429
          ],
          [
            100.3477076,
            18.2755046
          ],
          [
            100.347737,
            18.2753954
          ],
          [
            100.3478068,
            18.2753282
          ],
          [
            100.3479906,
            18.2752746
          ],
          [
            100.3484479,
            18.2751465
          ],
          [
            100.3485646,
            18.2751375
          ],
          [
            100.3489253,
            18.2751485
          ],
          [
            100.3490755,
            18.2751425
          ],
          [
            100.3492064,
            18.2751617
          ],
          [
            100.3493492,
            18.2752215
          ],
          [
            100.3494583,
            18.2752987
          ],
          [
            100.3495098,
            18.2753954
          ],
          [
            100.349525,
            18.2754696
          ],
          [
            100.349525,
            18.2755504
          ],
          [
            100.3494729,
            18.2758749
          ],
          [
            100.349504,
            18.2759716
          ],
          [
            100.3496088,
            18.2760933
          ],
          [
            100.3497718,
            18.2762326
          ],
          [
            100.3500815,
            18.2763537
          ],
          [
            100.3502685,
            18.2764408
          ],
          [
            100.3504215,
            18.2765779
          ],
          [
            100.3505575,
            18.2767843
          ],
          [
            100.3506829,
            18.2768968
          ],
          [
            100.3511137,
            18.2769865
          ],
          [
            100.3513964,
            18.2771122
          ],
          [
            100.3516478,
            18.2773904
          ],
          [
            100.3524062,
            18.2780008
          ],
          [
            100.3530794,
            18.2784271
          ],
          [
            100.3533038,
            18.2785348
          ],
          [
            100.3535282,
            18.278665
          ],
          [
            100.3538827,
            18.2789118
          ],
          [
            100.3542238,
            18.2791856
          ],
          [
            100.3548072,
            18.2795356
          ],
          [
            100.3553907,
            18.2799934
          ],
          [
            100.3555702,
            18.2800876
          ],
          [
            100.3561985,
            18.2803255
          ],
          [
            100.356378,
            18.2804242
          ],
          [
            100.3568688,
            18.2808258
          ],
          [
            100.3569561,
            18.2809143
          ],
          [
            100.3571759,
            18.2813125
          ],
          [
            100.3572408,
            18.2814608
          ],
          [
            100.3572793,
            18.2817171
          ],
          [
            100.3573323,
            18.2819504
          ],
          [
            100.3574118,
            18.2821586
          ],
          [
            100.3575275,
            18.2823805
          ],
          [
            100.3575925,
            18.2825407
          ],
          [
            100.3578431,
            18.2834032
          ],
          [
            100.3579925,
            18.2838996
          ],
          [
            100.3580503,
            18.2840163
          ],
          [
            100.358125,
            18.2840918
          ],
          [
            100.3583154,
            18.2843069
          ],
          [
            100.3588189,
            18.2850962
          ],
          [
            100.3590502,
            18.2854828
          ],
          [
            100.3592382,
            18.285771
          ],
          [
            100.3594261,
            18.2859792
          ],
          [
            100.3596381,
            18.2862492
          ],
          [
            100.3597899,
            18.2863887
          ]
        ]
      }
    },
    {
      "type": "Feature",
      "id": 538810367,
      "properties": {
        "id": 538810367,
        "name": "ถนน",
        "category": "ถนนสายหลัก",
        "highway": "track",
        "waterway": null,
        "ref": null
      },
      "geometry": {
        "type": "LineString",
        "coordinates": [
          [
            100.3317575,
            18.2685762
          ],
          [
            100.3320941,
            18.268473
          ],
          [
            100.3324531,
            18.2684147
          ],
          [
            100.3325325,
            18.2684166
          ]
        ]
      }
    },
    {
      "type": "Feature",
      "id": 538810368,
      "properties": {
        "id": 538810368,
        "name": "ถนน",
        "category": "ถนนสายหลัก",
        "highway": "track",
        "waterway": null,
        "ref": null
      },
      "geometry": {
        "type": "LineString",
        "coordinates": [
          [
            100.3332388,
            18.2691517
          ],
          [
            100.3330904,
            18.2688545
          ],
          [
            100.3329109,
            18.2682935
          ],
          [
            100.33289,
            18.2682367
          ]
        ]
      }
    },
    {
      "type": "Feature",
      "id": 538810369,
      "properties": {
        "id": 538810369,
        "name": "ถนน",
        "category": "ถนนสายหลัก",
        "highway": "residential",
        "waterway": null,
        "ref": null
      },
      "geometry": {
        "type": "LineString",
        "coordinates": [
          [
            100.331376,
            18.2695052
          ],
          [
            100.3317684,
            18.2693304
          ],
          [
            100.3318374,
            18.2693113
          ],
          [
            100.3319235,
            18.2693033
          ],
          [
            100.3320268,
            18.2692674
          ],
          [
            100.3321794,
            18.2691776
          ],
          [
            100.3322691,
            18.2691013
          ],
          [
            100.3324321,
            18.2689277
          ],
          [
            100.3324836,
            18.2688491
          ],
          [
            100.3325294,
            18.2687557
          ],
          [
            100.3325363,
            18.2686608
          ],
          [
            100.3325212,
            18.2685512
          ],
          [
            100.3325162,
            18.2684905
          ],
          [
            100.3325325,
            18.2684166
          ],
          [
            100.3325518,
            18.2683877
          ],
          [
            100.332609,
            18.2683523
          ],
          [
            100.33289,
            18.2682367
          ],
          [
            100.3329578,
            18.2681497
          ],
          [
            100.3330141,
            18.2680511
          ],
          [
            100.3331184,
            18.2677721
          ],
          [
            100.3331548,
            18.2676863
          ],
          [
            100.3331936,
            18.2676113
          ],
          [
            100.3332713,
            18.2675161
          ],
          [
            100.3333199,
            18.267462
          ],
          [
            100.3333396,
            18.2674346
          ],
          [
            100.333351,
            18.2674043
          ]
        ]
      }
    },
    {
      "type": "Feature",
      "id": 538810370,
      "properties": {
        "id": 538810370,
        "name": "ถนน",
        "category": "ถนนสายหลัก",
        "highway": "track",
        "waterway": null,
        "ref": null
      },
      "geometry": {
        "type": "LineString",
        "coordinates": [
          [
            100.3404742,
            18.2637832
          ],
          [
            100.3402306,
            18.2641287
          ],
          [
            100.340078,
            18.2642409
          ],
          [
            100.3399299,
            18.2642948
          ],
          [
            100.3395484,
            18.2643666
          ],
          [
            100.3389201,
            18.2646538
          ],
          [
            100.3385117,
            18.2648692
          ],
          [
            100.3381123,
            18.2649904
          ],
          [
            100.3375199,
            18.2653539
          ],
          [
            100.3368602,
            18.265704
          ],
          [
            100.336757,
            18.2657713
          ],
          [
            100.3364967,
            18.2659015
          ],
          [
            100.3362947,
            18.2659688
          ],
          [
            100.3359806,
            18.2660316
          ],
          [
            100.3354241,
            18.2660271
          ],
          [
            100.3351548,
            18.2659598
          ],
          [
            100.3345804,
            18.2657534
          ],
          [
            100.3344257,
            18.2657112
          ],
          [
            100.33433,
            18.2657194
          ],
          [
            100.3342339,
            18.2657469
          ],
          [
            100.3340418,
            18.2658377
          ],
          [
            100.333568,
            18.2660936
          ],
          [
            100.3333059,
            18.266263
          ],
          [
            100.3327704,
            18.2665695
          ]
        ]
      }
    },
    {
      "type": "Feature",
      "id": 538810371,
      "properties": {
        "id": 538810371,
        "name": "ถนน",
        "category": "ถนนสายหลัก",
        "highway": "residential",
        "waterway": null,
        "ref": null
      },
      "geometry": {
        "type": "LineString",
        "coordinates": [
          [
            100.3285095,
            18.2648971
          ],
          [
            100.3286339,
            18.2648468
          ],
          [
            100.3287669,
            18.2648249
          ],
          [
            100.3288927,
            18.2648138
          ],
          [
            100.3289278,
            18.2647999
          ],
          [
            100.3289425,
            18.2647735
          ],
          [
            100.3290349,
            18.264648
          ],
          [
            100.3291038,
            18.2645275
          ],
          [
            100.3292036,
            18.2642872
          ],
          [
            100.3293036,
            18.2642522
          ],
          [
            100.3293528,
            18.2641607
          ],
          [
            100.3293754,
            18.264096
          ],
          [
            100.3294416,
            18.2639435
          ],
          [
            100.3294983,
            18.2637425
          ],
          [
            100.3295304,
            18.2636348
          ],
          [
            100.3295324,
            18.2635473
          ],
          [
            100.3295088,
            18.2634603
          ],
          [
            100.3294806,
            18.2634042
          ],
          [
            100.3293548,
            18.2632367
          ],
          [
            100.3291904,
            18.2629709
          ],
          [
            100.3290872,
            18.2627644
          ]
        ]
      }
    },
    {
      "type": "Feature",
      "id": 538810372,
      "properties": {
        "id": 538810372,
        "name": "ถนน",
        "category": "ถนนสายหลัก",
        "highway": "residential",
        "waterway": null,
        "ref": null
      },
      "geometry": {
        "type": "LineString",
        "coordinates": [
          [
            100.3285095,
            18.2648971
          ],
          [
            100.3285262,
            18.264968
          ],
          [
            100.3285487,
            18.2651654
          ],
          [
            100.3285459,
            18.2652484
          ],
          [
            100.3285066,
            18.265468
          ],
          [
            100.328508,
            18.2655417
          ]
        ]
      }
    },
    {
      "type": "Feature",
      "id": 538810373,
      "properties": {
        "id": 538810373,
        "name": "ถนน",
        "category": "ถนนสายหลัก",
        "highway": "residential",
        "waterway": null,
        "ref": null
      },
      "geometry": {
        "type": "LineString",
        "coordinates": [
          [
            100.3285095,
            18.2648971
          ],
          [
            100.3284589,
            18.2649186
          ],
          [
            100.3280325,
            18.2651385
          ],
          [
            100.3279785,
            18.2651861
          ],
          [
            100.327977,
            18.2652333
          ],
          [
            100.3280685,
            18.2655065
          ],
          [
            100.3280838,
            18.2655556
          ]
        ]
      }
    },
    {
      "type": "Feature",
      "id": 538810375,
      "properties": {
        "id": 538810375,
        "name": "ถนน",
        "category": "ถนนสายหลัก",
        "highway": "residential",
        "waterway": null,
        "ref": null
      },
      "geometry": {
        "type": "LineString",
        "coordinates": [
          [
            100.3299354,
            18.2627465
          ],
          [
            100.3299174,
            18.2626544
          ],
          [
            100.3298962,
            18.2625786
          ],
          [
            100.3298619,
            18.2625182
          ],
          [
            100.3298232,
            18.2624637
          ],
          [
            100.3294776,
            18.26219
          ]
        ]
      }
    },
    {
      "type": "Feature",
      "id": 538810376,
      "properties": {
        "id": 538810376,
        "name": "ถนน",
        "category": "ถนนสายหลัก",
        "highway": "residential",
        "waterway": null,
        "ref": null
      },
      "geometry": {
        "type": "LineString",
        "coordinates": [
          [
            100.3303902,
            18.2633745
          ],
          [
            100.3302406,
            18.2627151
          ]
        ]
      }
    },
    {
      "type": "Feature",
      "id": 538815904,
      "properties": {
        "id": 538815904,
        "name": "ถนน",
        "category": "ถนนสายหลัก",
        "highway": "residential",
        "waterway": null,
        "ref": null
      },
      "geometry": {
        "type": "LineString",
        "coordinates": [
          [
            100.3034708,
            18.2547042
          ],
          [
            100.3029241,
            18.2548365
          ]
        ]
      }
    },
    {
      "type": "Feature",
      "id": 538815905,
      "properties": {
        "id": 538815905,
        "name": "ถนน",
        "category": "ถนนสายหลัก",
        "highway": "track",
        "waterway": null,
        "ref": null
      },
      "geometry": {
        "type": "LineString",
        "coordinates": [
          [
            100.3269958,
            18.247932
          ],
          [
            100.3270407,
            18.2472588
          ],
          [
            100.3270093,
            18.2469402
          ],
          [
            100.3270721,
            18.2468055
          ],
          [
            100.3271036,
            18.2467382
          ],
          [
            100.3271439,
            18.2466081
          ],
          [
            100.3271664,
            18.246433
          ],
          [
            100.3271709,
            18.2462266
          ],
          [
            100.3271439,
            18.2460964
          ],
          [
            100.3270183,
            18.2457688
          ],
          [
            100.3270003,
            18.2455355
          ],
          [
            100.3268657,
            18.245338
          ],
          [
            100.3268522,
            18.2452796
          ],
          [
            100.3268657,
            18.2452393
          ],
          [
            100.3274042,
            18.2449834
          ],
          [
            100.3276069,
            18.2447773
          ],
          [
            100.3277226,
            18.2446821
          ],
          [
            100.3279693,
            18.2446382
          ],
          [
            100.3281543,
            18.2445796
          ],
          [
            100.3283116,
            18.2445923
          ],
          [
            100.3284984,
            18.2445801
          ],
          [
            100.3285885,
            18.2445128
          ],
          [
            100.3288203,
            18.2441214
          ],
          [
            100.3289877,
            18.2438524
          ],
          [
            100.3291809,
            18.2437056
          ],
          [
            100.3293033,
            18.24362
          ],
          [
            100.3295479,
            18.243357
          ],
          [
            100.3296849,
            18.2432629
          ],
          [
            100.3300873,
            18.2431304
          ],
          [
            100.330239,
            18.2430824
          ],
          [
            100.3302977,
            18.2430152
          ],
          [
            100.33033,
            18.2429403
          ],
          [
            100.3303482,
            18.2426253
          ],
          [
            100.3304001,
            18.2424244
          ],
          [
            100.3304001,
            18.2422036
          ],
          [
            100.3305487,
            18.2418779
          ],
          [
            100.3305944,
            18.2417259
          ],
          [
            100.3306249,
            18.2414544
          ],
          [
            100.3307202,
            18.2413169
          ],
          [
            100.3312728,
            18.2409079
          ],
          [
            100.3314328,
            18.2407812
          ],
          [
            100.3315014,
            18.2406618
          ],
          [
            100.331551,
            18.2404483
          ],
          [
            100.3315776,
            18.2403035
          ],
          [
            100.3318221,
            18.2404997
          ],
          [
            100.3321671,
            18.2411655
          ],
          [
            100.3322524,
            18.2412923
          ],
          [
            100.3324527,
            18.2413135
          ],
          [
            100.3326901,
            18.2413839
          ],
          [
            100.3330981,
            18.2416164
          ],
          [
            100.3332057,
            18.2417045
          ],
          [
            100.333239,
            18.2418031
          ],
          [
            100.3332242,
            18.2419511
          ],
          [
            100.3331686,
            18.2423139
          ],
          [
            100.333176,
            18.2424407
          ],
          [
            100.3332353,
            18.2425218
          ],
          [
            100.333673,
            18.2427683
          ],
          [
            100.3339104,
            18.2429163
          ],
          [
            100.3341774,
            18.2429938
          ],
          [
            100.3343926,
            18.2431206
          ],
          [
            100.3346188,
            18.2434024
          ],
          [
            100.3346782,
            18.2433919
          ],
          [
            100.3348191,
            18.2431277
          ],
          [
            100.3349712,
            18.2429797
          ],
          [
            100.3349749,
            18.2429057
          ],
          [
            100.3349304,
            18.2428247
          ],
          [
            100.3349007,
            18.2427296
          ],
          [
            100.3348933,
            18.2425394
          ],
          [
            100.3347301,
            18.2423949
          ],
          [
            100.3345446,
            18.2422893
          ],
          [
            100.3344964,
            18.2422399
          ],
          [
            100.3345261,
            18.2421554
          ],
          [
            100.3346522,
            18.2419335
          ],
          [
            100.334667,
            18.2418736
          ],
          [
            100.3346448,
            18.2417996
          ],
          [
            100.3346596,
            18.2417045
          ],
          [
            100.3347709,
            18.2414156
          ],
          [
            100.3349235,
            18.2412383
          ],
          [
            100.3353277,
            18.2409644
          ],
          [
            100.3354359,
            18.2409045
          ],
          [
            100.3355427,
            18.2409033
          ],
          [
            100.3357101,
            18.2408862
          ],
          [
            100.3358762,
            18.2408055
          ],
          [
            100.336086,
            18.2405634
          ],
          [
            100.3361349,
            18.2404924
          ],
          [
            100.3361439,
            18.2404301
          ],
          [
            100.336104,
            18.2403286
          ],
          [
            100.3360152,
            18.2402161
          ],
          [
            100.3359315,
            18.2400828
          ],
          [
            100.3358684,
            18.2400156
          ],
          [
            100.3357191,
            18.2398909
          ],
          [
            100.3356702,
            18.2397845
          ],
          [
            100.3356251,
            18.2396915
          ],
          [
            100.3356097,
            18.2395962
          ],
          [
            100.3356341,
            18.2395668
          ],
          [
            100.3356573,
            18.2395328
          ]
        ]
      }
    },
    {
      "type": "Feature",
      "id": 538815908,
      "properties": {
        "id": 538815908,
        "name": "ถนน",
        "category": "ถนนสายหลัก",
        "highway": "residential",
        "waterway": null,
        "ref": null
      },
      "geometry": {
        "type": "LineString",
        "coordinates": [
          [
            100.3240085,
            18.2616924
          ],
          [
            100.3238448,
            18.2619669
          ],
          [
            100.3238155,
            18.2620529
          ],
          [
            100.3238037,
            18.2621145
          ],
          [
            100.3238113,
            18.2621709
          ],
          [
            100.3239351,
            18.2629439
          ],
          [
            100.3239031,
            18.2633902
          ]
        ]
      }
    },
    {
      "type": "Feature",
      "id": 538815909,
      "properties": {
        "id": 538815909,
        "name": "ถนน",
        "category": "ถนนสายหลัก",
        "highway": "residential",
        "waterway": null,
        "ref": null
      },
      "geometry": {
        "type": "LineString",
        "coordinates": [
          [
            100.3082096,
            18.2674094
          ],
          [
            100.3079852,
            18.2674453
          ],
          [
            100.3076755,
            18.2674498
          ],
          [
            100.3071907,
            18.2673913
          ]
        ]
      }
    },
    {
      "type": "Feature",
      "id": 538815910,
      "properties": {
        "id": 538815910,
        "name": "ถนน",
        "category": "ถนนสายหลัก",
        "highway": "residential",
        "waterway": null,
        "ref": null
      },
      "geometry": {
        "type": "LineString",
        "coordinates": [
          [
            100.3029408,
            18.2536136
          ],
          [
            100.3030171,
            18.254224
          ]
        ]
      }
    },
    {
      "type": "Feature",
      "id": 538815912,
      "properties": {
        "id": 538815912,
        "name": "ถนน",
        "category": "ถนนสายหลัก",
        "highway": "track",
        "waterway": null,
        "ref": null
      },
      "geometry": {
        "type": "LineString",
        "coordinates": [
          [
            100.3164394,
            18.2572874
          ],
          [
            100.3164246,
            18.2572015
          ],
          [
            100.3163905,
            18.2571261
          ],
          [
            100.316331,
            18.2570363
          ],
          [
            100.3162308,
            18.2569094
          ],
          [
            100.3161067,
            18.2567819
          ],
          [
            100.3158509,
            18.256553
          ],
          [
            100.3157387,
            18.2564004
          ],
          [
            100.3156849,
            18.2561671
          ],
          [
            100.3156131,
            18.2559696
          ],
          [
            100.3154032,
            18.2555499
          ],
          [
            100.3151957,
            18.2550496
          ],
          [
            100.3150745,
            18.2548701
          ],
          [
            100.314895,
            18.2546681
          ],
          [
            100.3148322,
            18.2546187
          ],
          [
            100.3147478,
            18.254592
          ],
          [
            100.314646,
            18.2545854
          ],
          [
            100.3141164,
            18.2546171
          ],
          [
            100.313414,
            18.2546726
          ],
          [
            100.3131268,
            18.2546771
          ],
          [
            100.3127453,
            18.2546142
          ],
          [
            100.3124536,
            18.2545424
          ],
          [
            100.3121215,
            18.2544213
          ],
          [
            100.3119824,
            18.2543495
          ],
          [
            100.3118298,
            18.2542956
          ],
          [
            100.3116054,
            18.2542552
          ],
          [
            100.3112822,
            18.2542866
          ],
          [
            100.3108424,
            18.254327
          ],
          [
            100.3106629,
            18.2543495
          ],
          [
            100.310443,
            18.2544258
          ],
          [
            100.3100885,
            18.2545828
          ],
          [
            100.3098686,
            18.2546367
          ],
          [
            100.3091999,
            18.2546098
          ],
          [
            100.3090428,
            18.2545873
          ],
          [
            100.3089351,
            18.2545514
          ],
          [
            100.3088498,
            18.2544886
          ],
          [
            100.3087735,
            18.2543988
          ],
          [
            100.3086164,
            18.254152
          ],
          [
            100.3085132,
            18.2540174
          ],
          [
            100.3081632,
            18.2536583
          ],
          [
            100.3080644,
            18.2535237
          ],
          [
            100.3079433,
            18.2533217
          ],
          [
            100.307858,
            18.253214
          ],
          [
            100.3077099,
            18.2530749
          ],
          [
            100.3073105,
            18.2528056
          ],
          [
            100.3067585,
            18.2522267
          ]
        ]
      }
    },
    {
      "type": "Feature",
      "id": 538815914,
      "properties": {
        "id": 538815914,
        "name": "ถนน",
        "category": "ถนนสายหลัก",
        "highway": "residential",
        "waterway": null,
        "ref": null
      },
      "geometry": {
        "type": "LineString",
        "coordinates": [
          [
            100.3071772,
            18.2674879
          ],
          [
            100.3067017,
            18.2674857
          ],
          [
            100.3061452,
            18.2675575
          ],
          [
            100.3058759,
            18.2675709
          ],
          [
            100.305831,
            18.267562
          ]
        ]
      }
    },
    {
      "type": "Feature",
      "id": 538815917,
      "properties": {
        "id": 538815917,
        "name": "ถนน",
        "category": "ถนนสายหลัก",
        "highway": "residential",
        "waterway": null,
        "ref": null
      },
      "geometry": {
        "type": "LineString",
        "coordinates": [
          [
            100.31005,
            18.258909
          ],
          [
            100.3098224,
            18.2594361
          ]
        ]
      }
    },
    {
      "type": "Feature",
      "id": 538815921,
      "properties": {
        "id": 538815921,
        "name": "ถนน",
        "category": "ถนนสายหลัก",
        "highway": "unclassified",
        "waterway": null,
        "ref": null
      },
      "geometry": {
        "type": "LineString",
        "coordinates": [
          [
            100.3193851,
            18.2551126
          ],
          [
            100.3197345,
            18.2552652
          ],
          [
            100.3198601,
            18.2553101
          ],
          [
            100.3202012,
            18.2553101
          ],
          [
            100.3202349,
            18.255333
          ],
          [
            100.3202461,
            18.2553639
          ],
          [
            100.3202548,
            18.255496
          ],
          [
            100.3202821,
            18.2555779
          ],
          [
            100.3203403,
            18.2556452
          ],
          [
            100.3204062,
            18.2556928
          ],
          [
            100.3204687,
            18.2557106
          ],
          [
            100.3208598,
            18.2557974
          ],
          [
            100.3209283,
            18.2558212
          ],
          [
            100.3209799,
            18.2558558
          ],
          [
            100.3212186,
            18.2561028
          ],
          [
            100.3213685,
            18.2562052
          ],
          [
            100.3214259,
            18.2562583
          ],
          [
            100.321469,
            18.2563151
          ],
          [
            100.3215007,
            18.256387
          ],
          [
            100.3215072,
            18.2564455
          ],
          [
            100.3214903,
            18.2564882
          ],
          [
            100.3213145,
            18.2566047
          ],
          [
            100.3211616,
            18.2567866
          ],
          [
            100.3209641,
            18.2571232
          ],
          [
            100.3208966,
            18.2572533
          ],
          [
            100.3208771,
            18.257334
          ],
          [
            100.3208636,
            18.2574573
          ],
          [
            100.3208413,
            18.2577638
          ],
          [
            100.320831,
            18.2578272
          ],
          [
            100.3208066,
            18.2578838
          ],
          [
            100.3207608,
            18.2579636
          ],
          [
            100.3206443,
            18.2580971
          ],
          [
            100.3206092,
            18.2581668
          ],
          [
            100.3205786,
            18.2582393
          ],
          [
            100.3205439,
            18.2583983
          ],
          [
            100.3205198,
            18.258465
          ],
          [
            100.3202595,
            18.2587298
          ],
          [
            100.3202551,
            18.2587612
          ],
          [
            100.3203044,
            18.2588241
          ],
          [
            100.3203493,
            18.25886
          ],
          [
            100.3205553,
            18.2590065
          ],
          [
            100.3206578,
            18.2591145
          ],
          [
            100.3207336,
            18.2592118
          ],
          [
            100.3207574,
            18.2592811
          ],
          [
            100.3207616,
            18.2593491
          ],
          [
            100.3207602,
            18.2594317
          ],
          [
            100.3207785,
            18.2594891
          ],
          [
            100.3209146,
            18.259701
          ],
          [
            100.3210704,
            18.2598729
          ],
          [
            100.3211518,
            18.2600209
          ],
          [
            100.3211771,
            18.2600475
          ],
          [
            100.3212038,
            18.2600582
          ],
          [
            100.3212332,
            18.2600542
          ],
          [
            100.3213357,
            18.2599956
          ],
          [
            100.3213666,
            18.2599836
          ],
          [
            100.3213989,
            18.2599822
          ],
          [
            100.3214368,
            18.2600075
          ],
          [
            100.3215041,
            18.2600595
          ],
          [
            100.3215897,
            18.2601728
          ],
          [
            100.3218705,
            18.2604154
          ],
          [
            100.322133,
            18.2606677
          ],
          [
            100.3221567,
            18.2607172
          ],
          [
            100.3221781,
            18.2607847
          ],
          [
            100.322261,
            18.2613587
          ],
          [
            100.322254,
            18.2614409
          ],
          [
            100.3221852,
            18.2617781
          ],
          [
            100.3221094,
            18.2619381
          ],
          [
            100.322094,
            18.2620314
          ],
          [
            100.3220912,
            18.262238
          ],
          [
            100.3220882,
            18.2622993
          ]
        ]
      }
    },
    {
      "type": "Feature",
      "id": 538815924,
      "properties": {
        "id": 538815924,
        "name": "ถนน",
        "category": "ถนนสายหลัก",
        "highway": "track",
        "waterway": null,
        "ref": null
      },
      "geometry": {
        "type": "LineString",
        "coordinates": [
          [
            100.2992414,
            18.2621237
          ],
          [
            100.299347,
            18.2623515
          ],
          [
            100.2994672,
            18.2626567
          ],
          [
            100.2995884,
            18.2631908
          ],
          [
            100.2996324,
            18.2636729
          ]
        ]
      }
    },
    {
      "type": "Feature",
      "id": 538815925,
      "properties": {
        "id": 538815925,
        "name": "ถนน",
        "category": "ถนนสายหลัก",
        "highway": "residential",
        "waterway": null,
        "ref": null
      },
      "geometry": {
        "type": "LineString",
        "coordinates": [
          [
            100.3101836,
            18.2596315
          ],
          [
            100.3105483,
            18.2589748
          ]
        ]
      }
    },
    {
      "type": "Feature",
      "id": 538815926,
      "properties": {
        "id": 538815926,
        "name": "ถนน",
        "category": "ถนนสายหลัก",
        "highway": "residential",
        "waterway": null,
        "ref": null
      },
      "geometry": {
        "type": "LineString",
        "coordinates": [
          [
            100.3009571,
            18.2496053
          ],
          [
            100.3006857,
            18.2491293
          ]
        ]
      }
    },
    {
      "type": "Feature",
      "id": 538815927,
      "properties": {
        "id": 538815927,
        "name": "ถนน",
        "category": "ถนนสายหลัก",
        "highway": "residential",
        "waterway": null,
        "ref": null
      },
      "geometry": {
        "type": "LineString",
        "coordinates": [
          [
            100.3053821,
            18.2573639
          ],
          [
            100.3054074,
            18.2569084
          ],
          [
            100.3057091,
            18.2567031
          ],
          [
            100.305843,
            18.2566243
          ],
          [
            100.3060303,
            18.2565821
          ],
          [
            100.306217,
            18.256634
          ]
        ]
      }
    },
    {
      "type": "Feature",
      "id": 538815928,
      "properties": {
        "id": 538815928,
        "name": "ถนน",
        "category": "ถนนสายหลัก",
        "highway": "residential",
        "waterway": null,
        "ref": null
      },
      "geometry": {
        "type": "LineString",
        "coordinates": [
          [
            100.3071125,
            18.2618113
          ],
          [
            100.3063337,
            18.261979
          ],
          [
            100.3062259,
            18.2620553
          ],
          [
            100.3060195,
            18.2623201
          ]
        ]
      }
    },
    {
      "type": "Feature",
      "id": 538815929,
      "properties": {
        "id": 538815929,
        "name": "ถนน",
        "category": "ถนนสายหลัก",
        "highway": "residential",
        "waterway": null,
        "ref": null
      },
      "geometry": {
        "type": "LineString",
        "coordinates": [
          [
            100.2989751,
            18.2471903
          ],
          [
            100.2980473,
            18.2475603
          ]
        ]
      }
    },
    {
      "type": "Feature",
      "id": 538815931,
      "properties": {
        "id": 538815931,
        "name": "ถนน",
        "category": "ถนนสายหลัก",
        "highway": "residential",
        "waterway": null,
        "ref": null
      },
      "geometry": {
        "type": "LineString",
        "coordinates": [
          [
            100.3253758,
            18.2508233
          ],
          [
            100.3255145,
            18.2508271
          ],
          [
            100.3258266,
            18.2509245
          ],
          [
            100.3259152,
            18.2509258
          ],
          [
            100.3260283,
            18.2508734
          ],
          [
            100.3261894,
            18.2508594
          ],
          [
            100.3266368,
            18.2508805
          ],
          [
            100.3270542,
            18.2509568
          ],
          [
            100.3272068,
            18.2509568
          ],
          [
            100.327292,
            18.2509344
          ],
          [
            100.3276062,
            18.2507863
          ],
          [
            100.3278351,
            18.2505753
          ],
          [
            100.3282794,
            18.250333
          ],
          [
            100.3283781,
            18.2502388
          ],
          [
            100.3285262,
            18.249974
          ],
          [
            100.3286115,
            18.2499246
          ],
          [
            100.3288359,
            18.2498348
          ],
          [
            100.3290109,
            18.2497855
          ],
          [
            100.3290782,
            18.249781
          ],
          [
            100.3292757,
            18.2498034
          ],
          [
            100.3294552,
            18.2498393
          ],
          [
            100.329702,
            18.249956
          ],
          [
            100.3300117,
            18.2500548
          ],
          [
            100.3303752,
            18.2502073
          ],
          [
            100.3305502,
            18.2502432
          ],
          [
            100.3307964,
            18.2502646
          ],
          [
            100.3310664,
            18.2502881
          ],
          [
            100.3311741,
            18.2502388
          ],
          [
            100.3314209,
            18.2500323
          ],
          [
            100.3314982,
            18.2499801
          ],
          [
            100.3316568,
            18.2499707
          ],
          [
            100.3320138,
            18.2501591
          ],
          [
            100.3323013,
            18.2503662
          ],
          [
            100.3328021,
            18.2506252
          ],
          [
            100.3331789,
            18.250983
          ],
          [
            100.3332532,
            18.2510489
          ],
          [
            100.3335705,
            18.2511996
          ],
          [
            100.333795,
            18.2513966
          ],
          [
            100.3338578,
            18.2515761
          ],
          [
            100.333961,
            18.2517287
          ],
          [
            100.3340732,
            18.2518185
          ],
          [
            100.3344098,
            18.2520339
          ],
          [
            100.3345669,
            18.2521461
          ],
          [
            100.3347644,
            18.2522673
          ],
          [
            100.3348945,
            18.2524154
          ],
          [
            100.3350112,
            18.2525949
          ],
          [
            100.3350965,
            18.2527654
          ],
          [
            100.3351503,
            18.2528283
          ],
          [
            100.3354376,
            18.2530571
          ],
          [
            100.3357113,
            18.2532052
          ],
          [
            100.3359088,
            18.2533444
          ],
          [
            100.3362499,
            18.2535508
          ],
          [
            100.3364922,
            18.2537662
          ],
          [
            100.3367884,
            18.2539906
          ],
          [
            100.3371474,
            18.2543586
          ],
          [
            100.3372551,
            18.2544349
          ],
          [
            100.3373952,
            18.2545242
          ],
          [
            100.3375565,
            18.2546431
          ],
          [
            100.3377073,
            18.2546959
          ],
          [
            100.3378836,
            18.2547136
          ],
          [
            100.3380506,
            18.2547686
          ],
          [
            100.3381364,
            18.2548369
          ],
          [
            100.3382617,
            18.2550065
          ],
          [
            100.3386212,
            18.2553898
          ],
          [
            100.3389482,
            18.2559625
          ],
          [
            100.3390477,
            18.2561498
          ],
          [
            100.3391032,
            18.2562674
          ],
          [
            100.3391416,
            18.2563931
          ],
          [
            100.3391416,
            18.2564944
          ],
          [
            100.3391032,
            18.2566161
          ],
          [
            100.339005,
            18.2567904
          ],
          [
            100.3388556,
            18.2570053
          ],
          [
            100.3386976,
            18.2572527
          ],
          [
            100.3387043,
            18.257312
          ],
          [
            100.3389355,
            18.257577
          ],
          [
            100.3390019,
            18.2576704
          ],
          [
            100.3390232,
            18.2577259
          ],
          [
            100.3390232,
            18.2577713
          ],
          [
            100.3390019,
            18.2578622
          ],
          [
            100.3389408,
            18.2580085
          ],
          [
            100.3389142,
            18.258107
          ],
          [
            100.3389248,
            18.2581928
          ],
          [
            100.3389913,
            18.2585335
          ],
          [
            100.3390205,
            18.2585915
          ],
          [
            100.3390843,
            18.2586672
          ],
          [
            100.3391534,
            18.2587329
          ],
          [
            100.339273,
            18.2587808
          ],
          [
            100.3393261,
            18.2588187
          ],
          [
            100.3393926,
            18.2588893
          ],
          [
            100.3395494,
            18.259119
          ],
          [
            100.3396105,
            18.2592099
          ],
          [
            100.3396264,
            18.2592603
          ],
          [
            100.3396397,
            18.2593411
          ],
          [
            100.3396397,
            18.2595834
          ],
          [
            100.3396238,
            18.2596641
          ],
          [
            100.3395945,
            18.2598029
          ],
          [
            100.3395919,
            18.2598433
          ],
          [
            100.3395945,
            18.2598761
          ],
          [
            100.3396291,
            18.2598938
          ],
          [
            100.3397832,
            18.2599014
          ],
          [
            100.3398178,
            18.2599089
          ],
          [
            100.339847,
            18.2599266
          ],
          [
            100.3398656,
            18.2599569
          ],
          [
            100.3399374,
            18.2602421
          ],
          [
            100.3400011,
            18.2606509
          ],
          [
            100.3400516,
            18.2609008
          ],
          [
            100.3400915,
            18.2610446
          ],
          [
            100.3401447,
            18.261191
          ],
          [
            100.3402324,
            18.2613702
          ],
          [
            100.3404423,
            18.2617841
          ],
          [
            100.3404635,
            18.2618593
          ],
          [
            100.3404661,
            18.2620108
          ],
          [
            100.3404475,
            18.262147
          ],
          [
            100.3404157,
            18.2622959
          ],
          [
            100.3403333,
            18.2624549
          ],
          [
            100.3402429,
            18.2626341
          ],
          [
            100.3402376,
            18.2627552
          ],
          [
            100.3402403,
            18.2628436
          ],
          [
            100.3402217,
            18.262947
          ],
          [
            100.3401924,
            18.2630177
          ],
          [
            100.3401579,
            18.263106
          ],
          [
            100.3397885,
            18.2634215
          ],
          [
            100.3395307,
            18.263636
          ],
          [
            100.3393712,
            18.2637773
          ],
          [
            100.3391985,
            18.2639086
          ],
          [
            100.3391055,
            18.2639616
          ],
          [
            100.3390018,
            18.2639944
          ],
          [
            100.3389194,
            18.2640045
          ],
          [
            100.3388105,
            18.2639994
          ],
          [
            100.3387201,
            18.2639792
          ],
          [
            100.3386403,
            18.2639872
          ],
          [
            100.3380614,
            18.2641409
          ],
          [
            100.337821,
            18.2642347
          ],
          [
            100.3377075,
            18.2642691
          ],
          [
            100.3376258,
            18.2642821
          ],
          [
            100.3375283,
            18.2642864
          ],
          [
            100.3374035,
            18.2642864
          ],
          [
            100.3372197,
            18.2642648
          ],
          [
            100.3371085,
            18.2642347
          ],
          [
            100.3369406,
            18.2641592
          ],
          [
            100.3368634,
            18.2641377
          ],
          [
            100.3367863,
            18.2641312
          ],
          [
            100.3366025,
            18.2641226
          ],
          [
            100.3364141,
            18.2640838
          ],
          [
            100.3361419,
            18.264002
          ],
          [
            100.3360239,
            18.2639545
          ],
          [
            100.335738,
            18.263877
          ],
          [
            100.335629,
            18.263808
          ],
          [
            100.3355383,
            18.2636593
          ],
          [
            100.3354203,
            18.2633878
          ],
          [
            100.335384,
            18.2633189
          ],
          [
            100.335325,
            18.2632758
          ],
          [
            100.3351843,
            18.2632305
          ],
          [
            100.3351662,
            18.2632176
          ],
          [
            100.3351344,
            18.2631444
          ],
          [
            100.3351389,
            18.2629397
          ]
        ]
      }
    },
    {
      "type": "Feature",
      "id": 538815936,
      "properties": {
        "id": 538815936,
        "name": "ถนน",
        "category": "ถนนสายหลัก",
        "highway": "track",
        "waterway": null,
        "ref": null
      },
      "geometry": {
        "type": "LineString",
        "coordinates": [
          [
            100.2842091,
            18.2473303
          ],
          [
            100.2844363,
            18.2473811
          ],
          [
            100.2845249,
            18.2474052
          ],
          [
            100.2846555,
            18.247409
          ],
          [
            100.2847448,
            18.2473992
          ],
          [
            100.2848827,
            18.2473835
          ],
          [
            100.2850179,
            18.2473737
          ],
          [
            100.2850763,
            18.2473542
          ],
          [
            100.2851612,
            18.2473133
          ],
          [
            100.2852706,
            18.2472155
          ],
          [
            100.2853659,
            18.247099
          ],
          [
            100.2854239,
            18.2469818
          ],
          [
            100.2854697,
            18.2468306
          ],
          [
            100.2854851,
            18.2466795
          ],
          [
            100.2854867,
            18.2465425
          ],
          [
            100.2854713,
            18.2463803
          ],
          [
            100.2854574,
            18.2462726
          ],
          [
            100.2855043,
            18.2462393
          ],
          [
            100.2855437,
            18.2461756
          ],
          [
            100.2855639,
            18.2460907
          ],
          [
            100.2856373,
            18.2459188
          ],
          [
            100.2857299,
            18.2458238
          ],
          [
            100.2858406,
            18.2457328
          ],
          [
            100.2859084,
            18.2456322
          ],
          [
            100.2859237,
            18.2456095
          ],
          [
            100.2859705,
            18.2454973
          ],
          [
            100.286028,
            18.2453972
          ],
          [
            100.2860482,
            18.245289
          ],
          [
            100.2860557,
            18.245194
          ],
          [
            100.2860961,
            18.245108
          ],
          [
            100.2861792,
            18.2449901
          ],
          [
            100.2862681,
            18.2448411
          ],
          [
            100.286281,
            18.2444681
          ],
          [
            100.2862769,
            18.2443076
          ],
          [
            100.2862447,
            18.2441561
          ],
          [
            100.2861911,
            18.2439981
          ],
          [
            100.2861804,
            18.2438911
          ],
          [
            100.2861857,
            18.2435128
          ],
          [
            100.286175,
            18.2433651
          ],
          [
            100.2861536,
            18.2432708
          ],
          [
            100.2861093,
            18.2429562
          ],
          [
            100.2860826,
            18.2428504
          ],
          [
            100.2860557,
            18.2427435
          ],
          [
            100.2860342,
            18.2426786
          ],
          [
            100.2860168,
            18.2426213
          ],
          [
            100.2860261,
            18.242527
          ],
          [
            100.2860355,
            18.2424493
          ],
          [
            100.2860704,
            18.2423308
          ],
          [
            100.2861187,
            18.2421092
          ],
          [
            100.286134,
            18.2420445
          ],
          [
            100.2861588,
            18.2419753
          ],
          [
            100.2861854,
            18.241933
          ],
          [
            100.2862175,
            18.2419071
          ],
          [
            100.286415,
            18.2418969
          ],
          [
            100.2865568,
            18.2418993
          ],
          [
            100.2869032,
            18.2418895
          ],
          [
            100.2872267,
            18.2418502
          ],
          [
            100.2873263,
            18.2418387
          ],
          [
            100.2873999,
            18.241818
          ],
          [
            100.2874633,
            18.2417869
          ],
          [
            100.2875106,
            18.2417691
          ],
          [
            100.2875979,
            18.2417767
          ],
          [
            100.2878521,
            18.241834
          ],
          [
            100.2879124,
            18.2418521
          ],
          [
            100.2879569,
            18.2418672
          ],
          [
            100.2880125,
            18.2419109
          ],
          [
            100.2880919,
            18.2420331
          ],
          [
            100.2882332,
            18.2421749
          ],
          [
            100.2882825,
            18.2421975
          ],
          [
            100.2883476,
            18.2422156
          ],
          [
            100.2884111,
            18.2422217
          ],
          [
            100.2884953,
            18.2421915
          ]
        ]
      }
    },
    {
      "type": "Feature",
      "id": 538815938,
      "properties": {
        "id": 538815938,
        "name": "ถนน",
        "category": "ถนนสายหลัก",
        "highway": "unclassified",
        "waterway": null,
        "ref": null
      },
      "geometry": {
        "type": "LineString",
        "coordinates": [
          [
            100.2880305,
            18.235747
          ],
          [
            100.2879858,
            18.2358883
          ],
          [
            100.2879453,
            18.2360359
          ],
          [
            100.2879273,
            18.2360935
          ],
          [
            100.2879017,
            18.2361178
          ],
          [
            100.2878698,
            18.236136
          ],
          [
            100.2878346,
            18.2361451
          ],
          [
            100.2877474,
            18.2361643
          ],
          [
            100.2877048,
            18.2362017
          ],
          [
            100.2876909,
            18.2362411
          ],
          [
            100.2876909,
            18.2362887
          ],
          [
            100.2877133,
            18.2363503
          ],
          [
            100.2877431,
            18.23641
          ],
          [
            100.2877676,
            18.2364484
          ],
          [
            100.2878006,
            18.2364757
          ],
          [
            100.2878559,
            18.2365111
          ],
          [
            100.2878836,
            18.2365454
          ],
          [
            100.2878974,
            18.2365879
          ],
          [
            100.2879006,
            18.2366445
          ],
          [
            100.2879006,
            18.2367719
          ],
          [
            100.2879081,
            18.2368669
          ],
          [
            100.2879273,
            18.2369013
          ],
          [
            100.2879613,
            18.2369205
          ],
          [
            100.2880464,
            18.2369314
          ],
          [
            100.2882032,
            18.2369516
          ],
          [
            100.2883165,
            18.2369729
          ],
          [
            100.2884414,
            18.2370054
          ],
          [
            100.2885928,
            18.2370383
          ],
          [
            100.2886703,
            18.2370615
          ],
          [
            100.2887289,
            18.2371016
          ],
          [
            100.2887756,
            18.2371471
          ],
          [
            100.28881,
            18.2371786
          ],
          [
            100.2888964,
            18.237228
          ],
          [
            100.2889415,
            18.2372633
          ],
          [
            100.2891563,
            18.2375269
          ],
          [
            100.2891909,
            18.237589
          ],
          [
            100.2892222,
            18.2376595
          ],
          [
            100.2892854,
            18.2378859
          ],
          [
            100.2893204,
            18.2379468
          ],
          [
            100.2894132,
            18.2380576
          ],
          [
            100.2894592,
            18.238126
          ],
          [
            100.2895176,
            18.2382157
          ],
          [
            100.2896036,
            18.2383518
          ],
          [
            100.2897734,
            18.2386645
          ],
          [
            100.2898474,
            18.2388088
          ],
          [
            100.2899561,
            18.239014
          ],
          [
            100.2900958,
            18.2393297
          ],
          [
            100.2901823,
            18.2396388
          ],
          [
            100.290213,
            18.2397132
          ],
          [
            100.2903322,
            18.2399493
          ],
          [
            100.29039,
            18.2400886
          ],
          [
            100.2904365,
            18.2402218
          ],
          [
            100.2904598,
            18.2403366
          ],
          [
            100.2904793,
            18.2403814
          ],
          [
            100.2905118,
            18.2404262
          ],
          [
            100.2905942,
            18.2405049
          ],
          [
            100.2906789,
            18.2405808
          ],
          [
            100.2907122,
            18.2406241
          ],
          [
            100.290736,
            18.2406719
          ],
          [
            100.2907625,
            18.2407551
          ],
          [
            100.2908183,
            18.2408752
          ],
          [
            100.2909033,
            18.2410102
          ],
          [
            100.2910699,
            18.241192
          ],
          [
            100.2912691,
            18.2414279
          ],
          [
            100.2913734,
            18.2415706
          ],
          [
            100.2914405,
            18.2416541
          ],
          [
            100.291484,
            18.2416986
          ],
          [
            100.2915447,
            18.2417376
          ],
          [
            100.2915986,
            18.2417644
          ],
          [
            100.2916566,
            18.2417711
          ],
          [
            100.2917136,
            18.2417632
          ],
          [
            100.2917688,
            18.2417555
          ],
          [
            100.2919436,
            18.2417508
          ],
          [
            100.2920627,
            18.2417666
          ],
          [
            100.2921791,
            18.2417856
          ],
          [
            100.2923293,
            18.2418129
          ],
          [
            100.2924067,
            18.2418167
          ],
          [
            100.2925991,
            18.2418044
          ],
          [
            100.2927632,
            18.2417927
          ],
          [
            100.2928646,
            18.2417742
          ],
          [
            100.2929449,
            18.2417578
          ],
          [
            100.2930226,
            18.2417477
          ],
          [
            100.293098,
            18.2417531
          ],
          [
            100.2932238,
            18.2417851
          ],
          [
            100.2933781,
            18.2418391
          ],
          [
            100.2934796,
            18.2418756
          ],
          [
            100.2935183,
            18.2418959
          ],
          [
            100.2935545,
            18.2419187
          ],
          [
            100.2936821,
            18.2420614
          ],
          [
            100.2937378,
            18.2421041
          ],
          [
            100.2938554,
            18.2421743
          ],
          [
            100.2939729,
            18.2422297
          ],
          [
            100.2940633,
            18.2422624
          ],
          [
            100.294167,
            18.2422846
          ],
          [
            100.2942188,
            18.242298
          ],
          [
            100.2943718,
            18.2423895
          ],
          [
            100.2944431,
            18.2424178
          ],
          [
            100.2946622,
            18.2424475
          ],
          [
            100.2947188,
            18.2424607
          ],
          [
            100.2948435,
            18.2425043
          ],
          [
            100.2949434,
            18.2425465
          ],
          [
            100.2949838,
            18.2425914
          ],
          [
            100.2950611,
            18.2426998
          ],
          [
            100.2951169,
            18.242747
          ],
          [
            100.2952273,
            18.2427772
          ],
          [
            100.2953175,
            18.242797
          ],
          [
            100.2953843,
            18.2428253
          ],
          [
            100.2954314,
            18.2428641
          ],
          [
            100.2954998,
            18.2429533
          ],
          [
            100.2955671,
            18.2430103
          ],
          [
            100.2956749,
            18.2430896
          ],
          [
            100.2957019,
            18.2431255
          ],
          [
            100.2957512,
            18.243226
          ],
          [
            100.2958319,
            18.2433295
          ],
          [
            100.2959839,
            18.243502
          ],
          [
            100.2960499,
            18.2435434
          ],
          [
            100.296088,
            18.2435668
          ],
          [
            100.2961223,
            18.2436132
          ],
          [
            100.296154,
            18.2437218
          ],
          [
            100.2961799,
            18.243766
          ],
          [
            100.2962189,
            18.2438062
          ],
          [
            100.2962623,
            18.2438124
          ],
          [
            100.2963316,
            18.2438243
          ],
          [
            100.2963997,
            18.2438451
          ],
          [
            100.2964767,
            18.2438828
          ],
          [
            100.2965708,
            18.243944
          ],
          [
            100.2966904,
            18.2440633
          ],
          [
            100.2967451,
            18.2441079
          ],
          [
            100.2968747,
            18.2441863
          ],
          [
            100.2969965,
            18.2442673
          ],
          [
            100.2970785,
            18.2443355
          ],
          [
            100.2971442,
            18.2444165
          ],
          [
            100.2973492,
            18.244757
          ],
          [
            100.2974096,
            18.2448315
          ],
          [
            100.2974443,
            18.2448504
          ],
          [
            100.2976026,
            18.2448196
          ]
        ]
      }
    },
    {
      "type": "Feature",
      "id": 538815940,
      "properties": {
        "id": 538815940,
        "name": "ถนน",
        "category": "ถนนสายหลัก",
        "highway": "track",
        "waterway": null,
        "ref": null
      },
      "geometry": {
        "type": "LineString",
        "coordinates": [
          [
            100.2894862,
            18.256634
          ],
          [
            100.2894188,
            18.2566609
          ],
          [
            100.2893515,
            18.2566833
          ],
          [
            100.2892618,
            18.2566654
          ],
          [
            100.2891675,
            18.2566474
          ],
          [
            100.2890553,
            18.2566115
          ],
          [
            100.2889297,
            18.2565712
          ],
          [
            100.288795,
            18.2565128
          ],
          [
            100.2886514,
            18.2564365
          ],
          [
            100.288445,
            18.2563423
          ],
          [
            100.2880542,
            18.2561606
          ]
        ]
      }
    },
    {
      "type": "Feature",
      "id": 538815941,
      "properties": {
        "id": 538815941,
        "name": "ถนน",
        "category": "ถนนสายหลัก",
        "highway": "track",
        "waterway": null,
        "ref": null
      },
      "geometry": {
        "type": "LineString",
        "coordinates": [
          [
            100.2894862,
            18.256634
          ],
          [
            100.2896567,
            18.256643
          ],
          [
            100.2897375,
            18.2567013
          ],
          [
            100.2897958,
            18.256809
          ],
          [
            100.2898497,
            18.256984
          ],
          [
            100.2898901,
            18.2570514
          ],
          [
            100.2900079,
            18.2571848
          ],
          [
            100.2900707,
            18.2572796
          ],
          [
            100.2900927,
            18.2572986
          ],
          [
            100.2901169,
            18.2573037
          ]
        ]
      }
    },
    {
      "type": "Feature",
      "id": 538815942,
      "properties": {
        "id": 538815942,
        "name": "ถนน",
        "category": "ถนนสายหลัก",
        "highway": "track",
        "waterway": null,
        "ref": null
      },
      "geometry": {
        "type": "LineString",
        "coordinates": [
          [
            100.2901169,
            18.2573037
          ],
          [
            100.2901381,
            18.2572924
          ],
          [
            100.2901944,
            18.2572397
          ],
          [
            100.2903837,
            18.256984
          ],
          [
            100.2907472,
            18.2566923
          ],
          [
            100.2909357,
            18.2564634
          ],
          [
            100.29103,
            18.2563961
          ],
          [
            100.2911422,
            18.2563916
          ],
          [
            100.2913576,
            18.2564724
          ],
          [
            100.2914429,
            18.2564769
          ],
          [
            100.291757,
            18.2564051
          ],
          [
            100.292134,
            18.2563871
          ],
          [
            100.2923584,
            18.2563602
          ],
          [
            100.2925379,
            18.2563153
          ],
          [
            100.2927444,
            18.2562346
          ],
          [
            100.2929688,
            18.2561672
          ],
          [
            100.2932111,
            18.2561358
          ],
          [
            100.2933143,
            18.256073
          ],
          [
            100.2935477,
            18.2558351
          ],
          [
            100.2939202,
            18.2556466
          ],
          [
            100.2942433,
            18.2554447
          ],
          [
            100.2944587,
            18.255337
          ],
          [
            100.2945844,
            18.2552383
          ],
          [
            100.2946427,
            18.2551171
          ],
          [
            100.2946607,
            18.2548164
          ],
          [
            100.2947235,
            18.254601
          ],
          [
            100.294728,
            18.2544978
          ],
          [
            100.294544,
            18.2543093
          ],
          [
            100.2943555,
            18.2540624
          ],
          [
            100.2942702,
            18.2539727
          ],
          [
            100.2939247,
            18.2536989
          ],
          [
            100.2937766,
            18.2535508
          ],
          [
            100.2936398,
            18.2533643
          ],
          [
            100.2936158,
            18.253317
          ],
          [
            100.2936088,
            18.253283
          ]
        ]
      }
    },
    {
      "type": "Feature",
      "id": 538815943,
      "properties": {
        "id": 538815943,
        "name": "ถนน",
        "category": "ถนนสายหลัก",
        "highway": "track",
        "waterway": null,
        "ref": null
      },
      "geometry": {
        "type": "LineString",
        "coordinates": [
          [
            100.2907204,
            18.2488948
          ],
          [
            100.2908964,
            18.2490266
          ],
          [
            100.2910138,
            18.2491608
          ],
          [
            100.2912778,
            18.2495408
          ],
          [
            100.2914619,
            18.2498194
          ],
          [
            100.2915499,
            18.2499942
          ],
          [
            100.2917121,
            18.2502754
          ],
          [
            100.2917271,
            18.2503014
          ],
          [
            100.2918151,
            18.2504357
          ],
          [
            100.2919138,
            18.2505497
          ],
          [
            100.2919885,
            18.2506029
          ],
          [
            100.2921005,
            18.250689
          ],
          [
            100.2921779,
            18.2508157
          ],
          [
            100.2922686,
            18.2509981
          ],
          [
            100.2923646,
            18.2514135
          ],
          [
            100.2924233,
            18.2516617
          ],
          [
            100.292426,
            18.2520012
          ],
          [
            100.2924153,
            18.2520924
          ],
          [
            100.2923379,
            18.2522925
          ],
          [
            100.2923353,
            18.252333
          ],
          [
            100.2923584,
            18.2524064
          ],
          [
            100.2925469,
            18.252918
          ],
          [
            100.2926591,
            18.2530482
          ],
          [
            100.292861,
            18.2532187
          ],
          [
            100.2930181,
            18.2533309
          ],
          [
            100.2931438,
            18.2533937
          ],
          [
            100.2936088,
            18.253283
          ]
        ]
      }
    },
    {
      "type": "Feature",
      "id": 538815944,
      "properties": {
        "id": 538815944,
        "name": "ถนน",
        "category": "ถนนสายหลัก",
        "highway": "track",
        "waterway": null,
        "ref": null
      },
      "geometry": {
        "type": "LineString",
        "coordinates": [
          [
            100.2973973,
            18.251498
          ],
          [
            100.2970559,
            18.2515313
          ],
          [
            100.2967974,
            18.2516046
          ],
          [
            100.2963225,
            18.2517643
          ],
          [
            100.2959649,
            18.2518983
          ],
          [
            100.2958825,
            18.2519292
          ],
          [
            100.2956809,
            18.2520084
          ],
          [
            100.2954949,
            18.2520997
          ],
          [
            100.2951768,
            18.2521865
          ],
          [
            100.2947863,
            18.2523615
          ],
          [
            100.2946113,
            18.2523929
          ],
          [
            100.2942702,
            18.2524019
          ],
          [
            100.2941401,
            18.2524288
          ],
          [
            100.2940548,
            18.2524692
          ],
          [
            100.2939426,
            18.2526173
          ],
          [
            100.2936367,
            18.2531878
          ],
          [
            100.2936172,
            18.2532433
          ],
          [
            100.2936088,
            18.253283
          ]
        ]
      }
    },
    {
      "type": "Feature",
      "id": 538815945,
      "properties": {
        "id": 538815945,
        "name": "ถนน",
        "category": "ถนนสายหลัก",
        "highway": "residential",
        "waterway": null,
        "ref": null
      },
      "geometry": {
        "type": "LineString",
        "coordinates": [
          [
            100.3011656,
            18.2489658
          ],
          [
            100.3006857,
            18.2491293
          ],
          [
            100.3001259,
            18.2491643
          ]
        ]
      }
    },
    {
      "type": "Feature",
      "id": 538815946,
      "properties": {
        "id": 538815946,
        "name": "ถนน",
        "category": "ถนนสายหลัก",
        "highway": "track",
        "waterway": null,
        "ref": null
      },
      "geometry": {
        "type": "LineString",
        "coordinates": [
          [
            100.2992907,
            18.2493263
          ],
          [
            100.2993191,
            18.2494751
          ],
          [
            100.299351,
            18.2495883
          ],
          [
            100.299423,
            18.2497364
          ],
          [
            100.2996016,
            18.2500405
          ],
          [
            100.2997696,
            18.2502682
          ],
          [
            100.2998207,
            18.250362
          ],
          [
            100.299907,
            18.2505664
          ],
          [
            100.2999326,
            18.2506165
          ],
          [
            100.300144,
            18.2509584
          ],
          [
            100.3004231,
            18.2515043
          ],
          [
            100.3005222,
            18.2517186
          ],
          [
            100.3005864,
            18.2518394
          ],
          [
            100.3008899,
            18.2523166
          ],
          [
            100.3009841,
            18.2525635
          ],
          [
            100.301038,
            18.2528417
          ],
          [
            100.301038,
            18.2532546
          ],
          [
            100.3011367,
            18.2535104
          ],
          [
            100.3011726,
            18.2536765
          ],
          [
            100.3011765,
            18.2538108
          ],
          [
            100.3011658,
            18.2540254
          ],
          [
            100.3011995,
            18.2542599
          ],
          [
            100.3012323,
            18.2543219
          ],
          [
            100.3012731,
            18.2543663
          ],
          [
            100.3014083,
            18.2544354
          ],
          [
            100.301738,
            18.2545789
          ],
          [
            100.3018639,
            18.2546205
          ],
          [
            100.301919,
            18.2546601
          ],
          [
            100.3019725,
            18.2547341
          ],
          [
            100.3021061,
            18.2550542
          ],
          [
            100.302124,
            18.2551934
          ],
          [
            100.3021554,
            18.2552786
          ],
          [
            100.302196,
            18.2553371
          ],
          [
            100.3022924,
            18.2554125
          ],
          [
            100.302327,
            18.2554672
          ],
          [
            100.3023455,
            18.2555125
          ],
          [
            100.3023394,
            18.2555748
          ],
          [
            100.3022587,
            18.2557678
          ],
          [
            100.3022459,
            18.2558216
          ],
          [
            100.3022481,
            18.2559003
          ],
          [
            100.3023125,
            18.2562525
          ],
          [
            100.302397,
            18.2566632
          ],
          [
            100.3024855,
            18.2568301
          ],
          [
            100.3025633,
            18.2569218
          ],
          [
            100.3026652,
            18.2569714
          ],
          [
            100.3029294,
            18.2569969
          ],
          [
            100.3038307,
            18.2573675
          ],
          [
            100.3039379,
            18.2574821
          ],
          [
            100.3040734,
            18.2577763
          ],
          [
            100.3041552,
            18.2578591
          ],
          [
            100.3042491,
            18.2579012
          ],
          [
            100.3043425,
            18.2579509
          ]
        ]
      }
    },
    {
      "type": "Feature",
      "id": 538815947,
      "properties": {
        "id": 538815947,
        "name": "ถนน",
        "category": "ถนนสายหลัก",
        "highway": "residential",
        "waterway": null,
        "ref": null
      },
      "geometry": {
        "type": "LineString",
        "coordinates": [
          [
            100.3001838,
            18.249262
          ],
          [
            100.2992907,
            18.2493263
          ]
        ]
      }
    },
    {
      "type": "Feature",
      "id": 538815948,
      "properties": {
        "id": 538815948,
        "name": "ถนน",
        "category": "ถนนสายหลัก",
        "highway": "service",
        "waterway": null,
        "ref": null
      },
      "geometry": {
        "type": "LineString",
        "coordinates": [
          [
            100.2970559,
            18.2515313
          ],
          [
            100.2969878,
            18.2514492
          ],
          [
            100.2969619,
            18.2513918
          ],
          [
            100.2969495,
            18.2513428
          ],
          [
            100.2969247,
            18.2511153
          ],
          [
            100.2968987,
            18.2510484
          ],
          [
            100.2967506,
            18.2508003
          ],
          [
            100.2966759,
            18.2506099
          ],
          [
            100.2966195,
            18.2504665
          ],
          [
            100.2966173,
            18.250426
          ],
          [
            100.2966397,
            18.2504069
          ],
          [
            100.2968069,
            18.2503552
          ],
          [
            100.2968352,
            18.2503597
          ],
          [
            100.2968579,
            18.2503709
          ],
          [
            100.2969074,
            18.2505103
          ],
          [
            100.2969019,
            18.250532
          ],
          [
            100.2968799,
            18.2505655
          ],
          [
            100.2967024,
            18.2506177
          ],
          [
            100.2966759,
            18.2506099
          ]
        ]
      }
    },
    {
      "type": "Feature",
      "id": 538815949,
      "properties": {
        "id": 538815949,
        "name": "ถนน",
        "category": "ถนนสายหลัก",
        "highway": "service",
        "waterway": null,
        "ref": null
      },
      "geometry": {
        "type": "LineString",
        "coordinates": [
          [
            100.2973252,
            18.2517414
          ],
          [
            100.2972771,
            18.2518544
          ],
          [
            100.2971425,
            18.2522
          ],
          [
            100.2970213,
            18.2527565
          ]
        ]
      }
    },
    {
      "type": "Feature",
      "id": 538815950,
      "properties": {
        "id": 538815950,
        "name": "ถนน",
        "category": "ถนนสายหลัก",
        "highway": "track",
        "waterway": null,
        "ref": null
      },
      "geometry": {
        "type": "LineString",
        "coordinates": [
          [
            100.2996097,
            18.2618217
          ],
          [
            100.2994898,
            18.2616894
          ],
          [
            100.2994313,
            18.2615841
          ],
          [
            100.2993326,
            18.2613552
          ],
          [
            100.2992608,
            18.2612475
          ],
          [
            100.299153,
            18.2611847
          ],
          [
            100.2988748,
            18.2610904
          ],
          [
            100.2987447,
            18.2610142
          ],
          [
            100.298601,
            18.260893
          ],
          [
            100.2985562,
            18.2608167
          ],
          [
            100.2985517,
            18.2607583
          ],
          [
            100.298601,
            18.2606417
          ],
          [
            100.2988434,
            18.2602108
          ],
          [
            100.2989287,
            18.2601031
          ],
          [
            100.2991216,
            18.259946
          ],
          [
            100.29918,
            18.2598787
          ],
          [
            100.2994672,
            18.2593895
          ],
          [
            100.2997679,
            18.2589856
          ],
          [
            100.2998173,
            18.2588196
          ],
          [
            100.2998217,
            18.2585503
          ],
          [
            100.2998173,
            18.2583528
          ],
          [
            100.2997724,
            18.2580836
          ],
          [
            100.2997094,
            18.2579285
          ],
          [
            100.2996557,
            18.2577963
          ],
          [
            100.299548,
            18.2576438
          ],
          [
            100.2992159,
            18.2573745
          ],
          [
            100.2991171,
            18.2572713
          ],
          [
            100.2990364,
            18.2570962
          ],
          [
            100.2989331,
            18.2568045
          ],
          [
            100.2988658,
            18.2566923
          ],
          [
            100.2985786,
            18.2563288
          ],
          [
            100.2984215,
            18.256082
          ],
          [
            100.298242,
            18.2557499
          ],
          [
            100.2981478,
            18.2554985
          ],
          [
            100.2979997,
            18.2551889
          ],
          [
            100.2978516,
            18.2549914
          ],
          [
            100.2977439,
            18.2548792
          ],
          [
            100.2975015,
            18.2547087
          ],
          [
            100.2973489,
            18.2545651
          ],
          [
            100.2971739,
            18.2543227
          ],
          [
            100.2970527,
            18.2540804
          ],
          [
            100.2970527,
            18.2540086
          ],
          [
            100.2970841,
            18.2539457
          ],
          [
            100.2974656,
            18.2537169
          ],
          [
            100.2975105,
            18.2536406
          ],
          [
            100.297497,
            18.2535418
          ],
          [
            100.2974118,
            18.2532815
          ],
          [
            100.2973758,
            18.253102
          ],
          [
            100.2973579,
            18.2528327
          ],
          [
            100.2973669,
            18.2520967
          ],
          [
            100.2973252,
            18.2517414
          ]
        ]
      }
    },
    {
      "type": "Feature",
      "id": 538815951,
      "properties": {
        "id": 538815951,
        "name": "ถนน",
        "category": "ถนนสายหลัก",
        "highway": "residential",
        "waterway": null,
        "ref": null
      },
      "geometry": {
        "type": "LineString",
        "coordinates": [
          [
            100.3021975,
            18.2516145
          ],
          [
            100.3015114,
            18.2517278
          ]
        ]
      }
    },
    {
      "type": "Feature",
      "id": 538815952,
      "properties": {
        "id": 538815952,
        "name": "ถนน",
        "category": "ถนนสายหลัก",
        "highway": "residential",
        "waterway": null,
        "ref": null
      },
      "geometry": {
        "type": "LineString",
        "coordinates": [
          [
            100.3020379,
            18.2529838
          ],
          [
            100.3017605,
            18.2530571
          ],
          [
            100.3017156,
            18.2530841
          ],
          [
            100.3016079,
            18.2531963
          ]
        ]
      }
    },
    {
      "type": "Feature",
      "id": 538815953,
      "properties": {
        "id": 538815953,
        "name": "ถนน",
        "category": "ถนนสายหลัก",
        "highway": "residential",
        "waterway": null,
        "ref": null
      },
      "geometry": {
        "type": "LineString",
        "coordinates": [
          [
            100.3011367,
            18.2535104
          ],
          [
            100.3017919,
            18.2533354
          ],
          [
            100.3021149,
            18.2531416
          ]
        ]
      }
    },
    {
      "type": "Feature",
      "id": 538815954,
      "properties": {
        "id": 538815954,
        "name": "ถนน",
        "category": "ถนนสายหลัก",
        "highway": "residential",
        "waterway": null,
        "ref": null
      },
      "geometry": {
        "type": "LineString",
        "coordinates": [
          [
            100.3016719,
            18.252159
          ],
          [
            100.3022003,
            18.2520653
          ]
        ]
      }
    },
    {
      "type": "Feature",
      "id": 538815955,
      "properties": {
        "id": 538815955,
        "name": "ถนน",
        "category": "ถนนสายหลัก",
        "highway": "residential",
        "waterway": null,
        "ref": null
      },
      "geometry": {
        "type": "LineString",
        "coordinates": [
          [
            100.3015834,
            18.25193
          ],
          [
            100.3012489,
            18.2520283
          ]
        ]
      }
    },
    {
      "type": "Feature",
      "id": 538815956,
      "properties": {
        "id": 538815956,
        "name": "ถนน",
        "category": "ถนนสายหลัก",
        "highway": "residential",
        "waterway": null,
        "ref": null
      },
      "geometry": {
        "type": "LineString",
        "coordinates": [
          [
            100.3023139,
            18.2535005
          ],
          [
            100.3025953,
            18.2533219
          ],
          [
            100.3027955,
            18.253147
          ],
          [
            100.3029012,
            18.2530547
          ]
        ]
      }
    },
    {
      "type": "Feature",
      "id": 538815957,
      "properties": {
        "id": 538815957,
        "name": "ถนน",
        "category": "ถนนสายหลัก",
        "highway": "residential",
        "waterway": null,
        "ref": null
      },
      "geometry": {
        "type": "LineString",
        "coordinates": [
          [
            100.3011658,
            18.2540254
          ],
          [
            100.3017515,
            18.2538335
          ],
          [
            100.3020073,
            18.2536585
          ],
          [
            100.3023501,
            18.2535609
          ]
        ]
      }
    },
    {
      "type": "Feature",
      "id": 538815959,
      "properties": {
        "id": 538815959,
        "name": "ถนน",
        "category": "ถนนสายหลัก",
        "highway": "residential",
        "waterway": null,
        "ref": null
      },
      "geometry": {
        "type": "LineString",
        "coordinates": [
          [
            100.3020738,
            18.2530591
          ],
          [
            100.3026356,
            18.2527968
          ],
          [
            100.3029902,
            18.2525186
          ],
          [
            100.303246,
            18.2522314
          ],
          [
            100.3033986,
            18.2521012
          ],
          [
            100.3034875,
            18.2520559
          ],
          [
            100.3035359,
            18.2520551
          ],
          [
            100.3035851,
            18.2520722
          ],
          [
            100.3036768,
            18.252182
          ],
          [
            100.3037666,
            18.2521641
          ],
          [
            100.303798,
            18.252173
          ],
          [
            100.3039416,
            18.252375
          ],
          [
            100.3040448,
            18.2524737
          ],
          [
            100.3041346,
            18.2525365
          ],
          [
            100.3042603,
            18.2525994
          ]
        ]
      }
    },
    {
      "type": "Feature",
      "id": 538815960,
      "properties": {
        "id": 538815960,
        "name": "ถนน",
        "category": "ถนนสายหลัก",
        "highway": "residential",
        "waterway": null,
        "ref": null
      },
      "geometry": {
        "type": "LineString",
        "coordinates": [
          [
            100.3026891,
            18.2541766
          ],
          [
            100.3022721,
            18.2543856
          ],
          [
            100.3020702,
            18.2544618
          ],
          [
            100.3018639,
            18.2546205
          ]
        ]
      }
    },
    {
      "type": "Feature",
      "id": 538815961,
      "properties": {
        "id": 538815961,
        "name": "ถนน",
        "category": "ถนนสายหลัก",
        "highway": "residential",
        "waterway": null,
        "ref": null
      },
      "geometry": {
        "type": "LineString",
        "coordinates": [
          [
            100.3028551,
            18.2545891
          ],
          [
            100.3024741,
            18.2547266
          ]
        ]
      }
    },
    {
      "type": "Feature",
      "id": 538815962,
      "properties": {
        "id": 538815962,
        "name": "ถนน",
        "category": "ถนนสายหลัก",
        "highway": "residential",
        "waterway": null,
        "ref": null
      },
      "geometry": {
        "type": "LineString",
        "coordinates": [
          [
            100.30302,
            18.2552894
          ],
          [
            100.3026805,
            18.255337
          ],
          [
            100.3024023,
            18.2553325
          ],
          [
            100.3022924,
            18.2554125
          ]
        ]
      }
    },
    {
      "type": "Feature",
      "id": 538815963,
      "properties": {
        "id": 538815963,
        "name": "ถนน",
        "category": "ถนนสายหลัก",
        "highway": "residential",
        "waterway": null,
        "ref": null
      },
      "geometry": {
        "type": "LineString",
        "coordinates": [
          [
            100.3026905,
            18.2559143
          ],
          [
            100.3027081,
            18.2559812
          ],
          [
            100.3027585,
            18.2561294
          ],
          [
            100.3027786,
            18.2562441
          ],
          [
            100.3027882,
            18.2563557
          ],
          [
            100.3028331,
            18.2563782
          ],
          [
            100.3029677,
            18.2563827
          ],
          [
            100.3033574,
            18.2563085
          ]
        ]
      }
    },
    {
      "type": "Feature",
      "id": 538815964,
      "properties": {
        "id": 538815964,
        "name": "ถนน",
        "category": "ถนนสายหลัก",
        "highway": "residential",
        "waterway": null,
        "ref": null
      },
      "geometry": {
        "type": "LineString",
        "coordinates": [
          [
            100.3026654,
            18.2590634
          ],
          [
            100.3026581,
            18.2593177
          ],
          [
            100.3026446,
            18.2595601
          ],
          [
            100.3026267,
            18.2596229
          ],
          [
            100.3026087,
            18.2596453
          ],
          [
            100.3025414,
            18.2596723
          ],
          [
            100.3025145,
            18.2596857
          ],
          [
            100.302501,
            18.2597037
          ],
          [
            100.3025055,
            18.2597486
          ],
          [
            100.302598,
            18.2601072
          ]
        ]
      }
    },
    {
      "type": "Feature",
      "id": 538815965,
      "properties": {
        "id": 538815965,
        "name": "ถนน",
        "category": "ถนนสายหลัก",
        "highway": "residential",
        "waterway": null,
        "ref": null
      },
      "geometry": {
        "type": "LineString",
        "coordinates": [
          [
            100.3038856,
            18.2591533
          ],
          [
            100.3033627,
            18.259026
          ],
          [
            100.3031652,
            18.259026
          ],
          [
            100.3026654,
            18.2590634
          ]
        ]
      }
    },
    {
      "type": "Feature",
      "id": 538815966,
      "properties": {
        "id": 538815966,
        "name": "ถนน",
        "category": "ถนนสายหลัก",
        "highway": "residential",
        "waterway": null,
        "ref": null
      },
      "geometry": {
        "type": "LineString",
        "coordinates": [
          [
            100.3061374,
            18.2577917
          ],
          [
            100.3063965,
            18.2575181
          ],
          [
            100.3065895,
            18.2574194
          ],
          [
            100.3074302,
            18.2572537
          ],
          [
            100.3079038,
            18.2570993
          ],
          [
            100.307938,
            18.2570957
          ],
          [
            100.3079695,
            18.2571018
          ],
          [
            100.3079962,
            18.2571393
          ],
          [
            100.308064,
            18.2573729
          ],
          [
            100.3081009,
            18.2574315
          ],
          [
            100.3081965,
            18.2575605
          ],
          [
            100.3082603,
            18.2576135
          ],
          [
            100.30834,
            18.2576562
          ],
          [
            100.3085317,
            18.2577577
          ],
          [
            100.3086487,
            18.2578418
          ],
          [
            100.3086876,
            18.2578922
          ],
          [
            100.308737,
            18.2582655
          ],
          [
            100.3087322,
            18.2583052
          ],
          [
            100.3086798,
            18.2583337
          ],
          [
            100.308538,
            18.258324
          ],
          [
            100.3082973,
            18.2583235
          ],
          [
            100.3080709,
            18.2583152
          ],
          [
            100.3078265,
            18.2583049
          ],
          [
            100.3075739,
            18.2583062
          ],
          [
            100.3070602,
            18.2583955
          ]
        ]
      }
    },
    {
      "type": "Feature",
      "id": 538815967,
      "properties": {
        "id": 538815967,
        "name": "ถนน",
        "category": "ถนนสายหลัก",
        "highway": "residential",
        "waterway": null,
        "ref": null
      },
      "geometry": {
        "type": "LineString",
        "coordinates": [
          [
            100.3074302,
            18.2572537
          ],
          [
            100.3075005,
            18.2576886
          ],
          [
            100.3075095,
            18.2580028
          ],
          [
            100.3075739,
            18.2583062
          ]
        ]
      }
    },
    {
      "type": "Feature",
      "id": 538815970,
      "properties": {
        "id": 538815970,
        "name": "ถนน",
        "category": "ถนนสายหลัก",
        "highway": "residential",
        "waterway": null,
        "ref": null
      },
      "geometry": {
        "type": "LineString",
        "coordinates": [
          [
            100.3029677,
            18.2563827
          ],
          [
            100.3029533,
            18.2565541
          ],
          [
            100.3029448,
            18.256571
          ],
          [
            100.3029306,
            18.2565892
          ],
          [
            100.30291,
            18.2565986
          ],
          [
            100.3027197,
            18.2566262
          ]
        ]
      }
    },
    {
      "type": "Feature",
      "id": 538815978,
      "properties": {
        "id": 538815978,
        "name": "ถนน",
        "category": "ถนนสายหลัก",
        "highway": "track",
        "waterway": null,
        "ref": null
      },
      "geometry": {
        "type": "LineString",
        "coordinates": [
          [
            100.3225013,
            18.2317838
          ],
          [
            100.3225029,
            18.2319117
          ],
          [
            100.3223057,
            18.2319269
          ],
          [
            100.3221019,
            18.2319371
          ],
          [
            100.3219865,
            18.2319639
          ],
          [
            100.3219061,
            18.2320212
          ],
          [
            100.3218471,
            18.2320836
          ],
          [
            100.3218001,
            18.2321715
          ],
          [
            100.3217894,
            18.2322925
          ],
          [
            100.3217907,
            18.2324148
          ],
          [
            100.3217746,
            18.2325141
          ],
          [
            100.3217223,
            18.2326199
          ],
          [
            100.3216593,
            18.2326925
          ],
          [
            100.3215802,
            18.2327574
          ],
          [
            100.3215158,
            18.2328466
          ],
          [
            100.3214769,
            18.2329256
          ],
          [
            100.3214608,
            18.2330377
          ],
          [
            100.3214943,
            18.2333243
          ],
          [
            100.3215319,
            18.2336796
          ],
          [
            100.3215346,
            18.2339331
          ],
          [
            100.321501,
            18.2340401
          ],
          [
            100.3214648,
            18.2344414
          ],
          [
            100.3213871,
            18.2349496
          ],
          [
            100.3213629,
            18.2351012
          ],
          [
            100.321328,
            18.2351636
          ],
          [
            100.3212744,
            18.2351967
          ],
          [
            100.3211537,
            18.2352438
          ],
          [
            100.3210719,
            18.2353062
          ],
          [
            100.3210062,
            18.2353954
          ],
          [
            100.3208841,
            18.2354846
          ],
          [
            100.3207648,
            18.2355432
          ],
          [
            100.3206387,
            18.2355648
          ],
          [
            100.3205408,
            18.2355623
          ],
          [
            100.3202941,
            18.2355737
          ],
          [
            100.3202002,
            18.2355941
          ],
          [
            100.3200352,
            18.235696
          ],
          [
            100.3199038,
            18.2357801
          ],
          [
            100.3198381,
            18.235854
          ],
          [
            100.3197965,
            18.2359444
          ],
          [
            100.3197187,
            18.2360055
          ],
          [
            100.3196248,
            18.2360437
          ],
          [
            100.3194974,
            18.2360514
          ],
          [
            100.3193901,
            18.2360386
          ],
          [
            100.3192842,
            18.2360119
          ],
          [
            100.319185,
            18.2360246
          ],
          [
            100.3190428,
            18.2360641
          ],
          [
            100.3188765,
            18.2361151
          ],
          [
            100.3187799,
            18.2361202
          ],
          [
            100.3184769,
            18.2360972
          ],
          [
            100.317997,
            18.2360641
          ],
          [
            100.3179297,
            18.2362603
          ],
          [
            100.317817,
            18.2366781
          ],
          [
            100.3177634,
            18.2371927
          ],
          [
            100.3177895,
            18.2374456
          ],
          [
            100.3178703,
            18.2376737
          ],
          [
            100.3178943,
            18.2378198
          ],
          [
            100.3179063,
            18.2379619
          ],
          [
            100.3179347,
            18.2380303
          ],
          [
            100.3180067,
            18.2381339
          ],
          [
            100.3182818,
            18.238389
          ],
          [
            100.3185514,
            18.2386429
          ],
          [
            100.3187981,
            18.2389125
          ],
          [
            100.3188363,
            18.2389498
          ],
          [
            100.318881,
            18.2389716
          ],
          [
            100.3189803,
            18.2389995
          ],
          [
            100.3190677,
            18.2390369
          ],
          [
            100.3192467,
            18.2391913
          ],
          [
            100.3193831,
            18.2392888
          ],
          [
            100.3194868,
            18.2393292
          ],
          [
            100.3197029,
            18.2393634
          ],
          [
            100.3198917,
            18.2394142
          ],
          [
            100.3200096,
            18.239494
          ],
          [
            100.320062,
            18.2395904
          ],
          [
            100.3200937,
            18.2397376
          ],
          [
            100.3201504,
            18.2398942
          ],
          [
            100.3202595,
            18.2401051
          ],
          [
            100.320291,
            18.24015
          ],
          [
            100.3205423,
            18.2403026
          ],
          [
            100.3206275,
            18.2403744
          ],
          [
            100.3206769,
            18.2404417
          ],
          [
            100.3207442,
            18.2405943
          ],
          [
            100.3208115,
            18.2408246
          ],
          [
            100.320825,
            18.2410117
          ],
          [
            100.3208205,
            18.2413528
          ],
          [
            100.3207487,
            18.2417612
          ]
        ]
      }
    },
    {
      "type": "Feature",
      "id": 538815979,
      "properties": {
        "id": 538815979,
        "name": "ถนน",
        "category": "ถนนสายหลัก",
        "highway": "residential",
        "waterway": null,
        "ref": null
      },
      "geometry": {
        "type": "LineString",
        "coordinates": [
          [
            100.3169579,
            18.250571
          ],
          [
            100.3172478,
            18.2504636
          ],
          [
            100.3176103,
            18.250284
          ],
          [
            100.3179662,
            18.2501535
          ],
          [
            100.3183926,
            18.2499515
          ],
          [
            100.3191393,
            18.249581
          ],
          [
            100.3196676,
            18.2493458
          ],
          [
            100.3197749,
            18.2493189
          ],
          [
            100.3198775,
            18.2493099
          ],
          [
            100.3202887,
            18.2493144
          ],
          [
            100.320722,
            18.2494022
          ],
          [
            100.3211064,
            18.2494418
          ],
          [
            100.3214745,
            18.2495055
          ],
          [
            100.3220329,
            18.2495176
          ],
          [
            100.3223194,
            18.2495779
          ],
          [
            100.3224341,
            18.2496301
          ],
          [
            100.3225158,
            18.2496944
          ],
          [
            100.3226694,
            18.2498314
          ],
          [
            100.3227512,
            18.249871
          ],
          [
            100.3228225,
            18.2498843
          ],
          [
            100.3230138,
            18.2498878
          ],
          [
            100.323128,
            18.2499016
          ],
          [
            100.3232785,
            18.2499653
          ],
          [
            100.3241597,
            18.2504354
          ],
          [
            100.3243461,
            18.2505119
          ],
          [
            100.3245233,
            18.2506214
          ],
          [
            100.3246443,
            18.2507668
          ],
          [
            100.3247029,
            18.2508678
          ]
        ]
      }
    },
    {
      "type": "Feature",
      "id": 538815980,
      "properties": {
        "id": 538815980,
        "name": "ถนน",
        "category": "ถนนสายหลัก",
        "highway": "unclassified",
        "waterway": null,
        "ref": null
      },
      "geometry": {
        "type": "LineString",
        "coordinates": [
          [
            100.3019355,
            18.2394768
          ],
          [
            100.3023753,
            18.2398403
          ],
          [
            100.3025997,
            18.239966
          ],
          [
            100.3030485,
            18.2401859
          ],
          [
            100.3034973,
            18.2404597
          ],
          [
            100.3035512,
            18.240509
          ],
          [
            100.3035646,
            18.2405853
          ],
          [
            100.3035332,
            18.2407693
          ],
          [
            100.3035691,
            18.2409668
          ],
          [
            100.3036948,
            18.2413662
          ],
          [
            100.3039282,
            18.2419586
          ],
          [
            100.3039192,
            18.242183
          ],
          [
            100.3039057,
            18.2424927
          ],
          [
            100.3039371,
            18.2427619
          ],
          [
            100.3040179,
            18.2429549
          ],
          [
            100.3042288,
            18.2432466
          ],
          [
            100.3043051,
            18.2433947
          ],
          [
            100.3043141,
            18.2435249
          ],
          [
            100.3042917,
            18.2438211
          ],
          [
            100.3043186,
            18.2439737
          ],
          [
            100.3043859,
            18.2440769
          ],
          [
            100.3045609,
            18.2441981
          ],
          [
            100.3046462,
            18.2442295
          ],
          [
            100.304893,
            18.2442564
          ],
          [
            100.3053239,
            18.2442429
          ],
          [
            100.3054226,
            18.2442878
          ],
          [
            100.3056066,
            18.2445122
          ],
          [
            100.3056605,
            18.2445975
          ],
          [
            100.3056739,
            18.2450194
          ],
          [
            100.3056975,
            18.2451451
          ],
          [
            100.3057229,
            18.2452927
          ],
          [
            100.3057319,
            18.2454672
          ],
          [
            100.3057513,
            18.2455551
          ],
          [
            100.3058155,
            18.2456984
          ],
          [
            100.3059261,
            18.2458644
          ],
          [
            100.3060307,
            18.2459708
          ],
          [
            100.3061272,
            18.2460561
          ],
          [
            100.3065042,
            18.2464241
          ],
          [
            100.3066613,
            18.2465452
          ],
          [
            100.3068004,
            18.2466215
          ],
          [
            100.3072537,
            18.2466933
          ],
          [
            100.3074287,
            18.2467337
          ],
          [
            100.3076082,
            18.2467966
          ],
          [
            100.3083038,
            18.2471107
          ],
          [
            100.3084789,
            18.2472094
          ],
          [
            100.308627,
            18.2473486
          ],
          [
            100.3087347,
            18.2475281
          ],
          [
            100.308793,
            18.2475999
          ],
          [
            100.3089142,
            18.2476852
          ],
          [
            100.3090309,
            18.2477659
          ],
          [
            100.309161,
            18.2478153
          ],
          [
            100.3096008,
            18.2478692
          ],
          [
            100.3100496,
            18.2479544
          ],
          [
            100.3102291,
            18.247932
          ],
          [
            100.31066,
            18.2477973
          ],
          [
            100.3106877,
            18.247797
          ],
          [
            100.3114588,
            18.2477884
          ],
          [
            100.3118941,
            18.2478243
          ],
          [
            100.3121948,
            18.2478198
          ],
          [
            100.312702,
            18.2478557
          ],
          [
            100.3137656,
            18.2478153
          ],
          [
            100.314165,
            18.2478153
          ],
          [
            100.3143176,
            18.2478467
          ],
          [
            100.3145689,
            18.2479499
          ],
          [
            100.314717,
            18.2479769
          ],
          [
            100.3148876,
            18.2479814
          ],
          [
            100.3150177,
            18.2480038
          ],
          [
            100.3153947,
            18.2481429
          ],
          [
            100.3155966,
            18.2481923
          ],
          [
            100.3160454,
            18.2482416
          ],
          [
            100.3163641,
            18.2482506
          ],
          [
            100.3164314,
            18.2482731
          ],
          [
            100.3164583,
            18.2483224
          ],
          [
            100.3164404,
            18.2489148
          ],
          [
            100.3164718,
            18.2490899
          ],
          [
            100.3165436,
            18.2492649
          ],
          [
            100.3167366,
            18.2495386
          ],
          [
            100.3167904,
            18.2496419
          ],
          [
            100.3167904,
            18.2496778
          ],
          [
            100.3166737,
            18.2498214
          ],
          [
            100.3166513,
            18.2498797
          ],
          [
            100.3166513,
            18.249965
          ],
          [
            100.3166782,
            18.2500278
          ],
          [
            100.3169579,
            18.250571
          ],
          [
            100.3170027,
            18.2506942
          ],
          [
            100.3171001,
            18.2508401
          ],
          [
            100.3172841,
            18.2510825
          ],
          [
            100.3173649,
            18.2511588
          ],
          [
            100.3174277,
            18.2511722
          ],
          [
            100.317486,
            18.2511588
          ],
          [
            100.3176925,
            18.2510107
          ],
          [
            100.3178002,
            18.2510196
          ],
          [
            100.3180425,
            18.2511857
          ],
          [
            100.3189311,
            18.2518679
          ],
          [
            100.3190882,
            18.2519307
          ],
          [
            100.3195505,
            18.252007
          ],
          [
            100.319887,
            18.2520788
          ],
          [
            100.3202147,
            18.2522493
          ],
          [
            100.3205075,
            18.2523645
          ],
          [
            100.3207487,
            18.2524603
          ],
          [
            100.3208771,
            18.252533
          ],
          [
            100.3209314,
            18.2525693
          ],
          [
            100.3210012,
            18.2526267
          ],
          [
            100.3210444,
            18.252711
          ]
        ]
      }
    },
    {
      "type": "Feature",
      "id": 538815982,
      "properties": {
        "id": 538815982,
        "name": "ถนน",
        "category": "ถนนสายหลัก",
        "highway": "residential",
        "waterway": null,
        "ref": null
      },
      "geometry": {
        "type": "LineString",
        "coordinates": [
          [
            100.3148037,
            18.2592991
          ],
          [
            100.3151275,
            18.2590097
          ],
          [
            100.3152819,
            18.2588693
          ],
          [
            100.315444,
            18.2586086
          ],
          [
            100.3155607,
            18.2582496
          ],
          [
            100.3155697,
            18.2581688
          ]
        ]
      }
    },
    {
      "type": "Feature",
      "id": 538815983,
      "properties": {
        "id": 538815983,
        "name": "ถนน",
        "category": "ถนนสายหลัก",
        "highway": "residential",
        "waterway": null,
        "ref": null
      },
      "geometry": {
        "type": "LineString",
        "coordinates": [
          [
            100.3155697,
            18.2581688
          ],
          [
            100.3155024,
            18.2580656
          ],
          [
            100.3153856,
            18.2579564
          ],
          [
            100.3152197,
            18.2577784
          ],
          [
            100.3150321,
            18.2576957
          ],
          [
            100.3147899,
            18.2575179
          ]
        ]
      }
    },
    {
      "type": "Feature",
      "id": 538815984,
      "properties": {
        "id": 538815984,
        "name": "ถนน",
        "category": "ถนนสายหลัก",
        "highway": "residential",
        "waterway": null,
        "ref": null
      },
      "geometry": {
        "type": "LineString",
        "coordinates": [
          [
            100.3147085,
            18.2591807
          ],
          [
            100.3139437,
            18.25952
          ],
          [
            100.3137401,
            18.2596179
          ]
        ]
      }
    },
    {
      "type": "Feature",
      "id": 538815985,
      "properties": {
        "id": 538815985,
        "name": "ถนน",
        "category": "ถนนสายหลัก",
        "highway": "residential",
        "waterway": null,
        "ref": null
      },
      "geometry": {
        "type": "LineString",
        "coordinates": [
          [
            100.3139437,
            18.25952
          ],
          [
            100.3138105,
            18.25921
          ],
          [
            100.3137387,
            18.259035
          ],
          [
            100.3136624,
            18.258676
          ],
          [
            100.3136713,
            18.2586221
          ],
          [
            100.3137117,
            18.2585862
          ],
          [
            100.3142424,
            18.2584121
          ]
        ]
      }
    },
    {
      "type": "Feature",
      "id": 538815987,
      "properties": {
        "id": 538815987,
        "name": "ถนน",
        "category": "ถนนสายหลัก",
        "highway": "residential",
        "waterway": null,
        "ref": null
      },
      "geometry": {
        "type": "LineString",
        "coordinates": [
          [
            100.3229871,
            18.2633527
          ],
          [
            100.3230795,
            18.2629373
          ],
          [
            100.323073,
            18.262894
          ],
          [
            100.3230581,
            18.2628613
          ],
          [
            100.323019,
            18.2628516
          ],
          [
            100.3227827,
            18.2628631
          ],
          [
            100.3227473,
            18.2628534
          ],
          [
            100.322697,
            18.2628251
          ],
          [
            100.3226687,
            18.2628035
          ],
          [
            100.3226445,
            18.2627798
          ],
          [
            100.3226093,
            18.2627611
          ],
          [
            100.3224141,
            18.2627593
          ],
          [
            100.3222653,
            18.2627382
          ],
          [
            100.3221917,
            18.2627123
          ],
          [
            100.3221464,
            18.2626851
          ],
          [
            100.322122,
            18.2626364
          ],
          [
            100.3220921,
            18.2625361
          ],
          [
            100.3220689,
            18.262438
          ],
          [
            100.3220882,
            18.2622993
          ]
        ]
      }
    },
    {
      "type": "Feature",
      "id": 538815988,
      "properties": {
        "id": 538815988,
        "name": "ถนน",
        "category": "ถนนสายหลัก",
        "highway": "residential",
        "waterway": null,
        "ref": null
      },
      "geometry": {
        "type": "LineString",
        "coordinates": [
          [
            100.3267687,
            18.2633368
          ],
          [
            100.3267777,
            18.2636333
          ],
          [
            100.326821,
            18.2638852
          ],
          [
            100.326866,
            18.2641243
          ],
          [
            100.3269121,
            18.2642829
          ],
          [
            100.3269267,
            18.2643946
          ],
          [
            100.3269988,
            18.2647757
          ],
          [
            100.3271541,
            18.2655622
          ]
        ]
      }
    },
    {
      "type": "Feature",
      "id": 538815989,
      "properties": {
        "id": 538815989,
        "name": "ถนน",
        "category": "ถนนสายหลัก",
        "highway": "residential",
        "waterway": null,
        "ref": null
      },
      "geometry": {
        "type": "LineString",
        "coordinates": [
          [
            100.3117056,
            18.2610276
          ],
          [
            100.3119704,
            18.2614136
          ],
          [
            100.3121769,
            18.2619252
          ],
          [
            100.3122079,
            18.2620391
          ],
          [
            100.3122185,
            18.2621441
          ],
          [
            100.3122156,
            18.2622746
          ],
          [
            100.3121987,
            18.2623319
          ],
          [
            100.3121151,
            18.2624699
          ],
          [
            100.3120693,
            18.2625225
          ],
          [
            100.3119175,
            18.2625699
          ],
          [
            100.3117146,
            18.2625894
          ],
          [
            100.3116867,
            18.2626043
          ],
          [
            100.3116635,
            18.2626389
          ],
          [
            100.3116493,
            18.2627074
          ],
          [
            100.3116502,
            18.2628122
          ]
        ]
      }
    },
    {
      "type": "Feature",
      "id": 538815994,
      "properties": {
        "id": 538815994,
        "name": "ถนน",
        "category": "ถนนสายหลัก",
        "highway": "residential",
        "waterway": null,
        "ref": null
      },
      "geometry": {
        "type": "LineString",
        "coordinates": [
          [
            100.3116502,
            18.2628122
          ],
          [
            100.3115934,
            18.2627375
          ],
          [
            100.3114633,
            18.2625041
          ],
          [
            100.3113825,
            18.2622528
          ],
          [
            100.3112613,
            18.2619656
          ],
          [
            100.3111222,
            18.2617188
          ],
          [
            100.3109917,
            18.2615246
          ]
        ]
      }
    },
    {
      "type": "Feature",
      "id": 538815995,
      "properties": {
        "id": 538815995,
        "name": "ถนน",
        "category": "ถนนสายหลัก",
        "highway": "track",
        "waterway": null,
        "ref": null
      },
      "geometry": {
        "type": "LineString",
        "coordinates": [
          [
            100.311746,
            18.2633851
          ],
          [
            100.311746,
            18.263478
          ],
          [
            100.3117236,
            18.26368
          ],
          [
            100.3116383,
            18.2640839
          ],
          [
            100.3116348,
            18.2643454
          ],
          [
            100.3116542,
            18.2644189
          ],
          [
            100.311704,
            18.2644635
          ],
          [
            100.3118195,
            18.2644978
          ],
          [
            100.3119467,
            18.264553
          ],
          [
            100.3120297,
            18.2646475
          ],
          [
            100.3120975,
            18.2647683
          ],
          [
            100.3121155,
            18.264852
          ],
          [
            100.312111,
            18.2649328
          ],
          [
            100.3120906,
            18.2650217
          ],
          [
            100.3120536,
            18.2651001
          ],
          [
            100.3120122,
            18.265159
          ],
          [
            100.3119306,
            18.2652422
          ],
          [
            100.3118968,
            18.2653367
          ],
          [
            100.3118743,
            18.2655387
          ],
          [
            100.3118519,
            18.2657361
          ],
          [
            100.3117352,
            18.266342
          ],
          [
            100.3117532,
            18.2664497
          ],
          [
            100.3118115,
            18.2665978
          ],
          [
            100.3118654,
            18.2666561
          ],
          [
            100.311962,
            18.2666986
          ],
          [
            100.3120781,
            18.2667497
          ],
          [
            100.3123115,
            18.266817
          ],
          [
            100.3124686,
            18.2668888
          ],
          [
            100.3127468,
            18.2671805
          ],
          [
            100.3129686,
            18.2673351
          ],
          [
            100.3130965,
            18.2674196
          ],
          [
            100.3131443,
            18.2674856
          ],
          [
            100.3132037,
            18.2675985
          ],
          [
            100.3132428,
            18.2676576
          ],
          [
            100.3134963,
            18.2678984
          ],
          [
            100.3135818,
            18.267996
          ],
          [
            100.3139831,
            18.2686564
          ],
          [
            100.3140222,
            18.2687073
          ],
          [
            100.3140758,
            18.2687445
          ],
          [
            100.3143757,
            18.2688518
          ],
          [
            100.3144293,
            18.268882
          ],
          [
            100.3145655,
            18.2690347
          ],
          [
            100.3146075,
            18.2690595
          ],
          [
            100.3146568,
            18.269076
          ],
          [
            100.3150309,
            18.2691145
          ],
          [
            100.3151273,
            18.2691359
          ],
          [
            100.3157951,
            18.26934
          ],
          [
            100.3159062,
            18.2693824
          ],
          [
            100.315995,
            18.2694142
          ],
          [
            100.3161298,
            18.2694294
          ],
          [
            100.3162674,
            18.2694321
          ],
          [
            100.3165716,
            18.2694624
          ],
          [
            100.3168179,
            18.2694597
          ],
          [
            100.3169976,
            18.2694597
          ],
          [
            100.317196,
            18.2695134
          ],
          [
            100.3172902,
            18.2695258
          ],
          [
            100.3175177,
            18.2695409
          ],
          [
            100.3175713,
            18.2695546
          ],
          [
            100.3176118,
            18.2695725
          ],
          [
            100.3177784,
            18.2697527
          ],
          [
            100.3178813,
            18.2698587
          ],
          [
            100.3179939,
            18.2699609
          ],
          [
            100.3180378,
            18.2700196
          ],
          [
            100.3180972,
            18.2701627
          ],
          [
            100.3182478,
            18.2705149
          ],
          [
            100.3183797,
            18.2707103
          ],
          [
            100.3184173,
            18.2707997
          ],
          [
            100.3184318,
            18.2708506
          ],
          [
            100.3184231,
            18.2709304
          ],
          [
            100.3183816,
            18.2710699
          ],
          [
            100.3183451,
            18.2711658
          ],
          [
            100.3183366,
            18.2712467
          ],
          [
            100.3183463,
            18.2713264
          ],
          [
            100.3183597,
            18.2713772
          ],
          [
            100.318395,
            18.2714177
          ],
          [
            100.3184193,
            18.2714304
          ],
          [
            100.3184792,
            18.2714421
          ],
          [
            100.3185477,
            18.2714537
          ],
          [
            100.3188315,
            18.2714398
          ],
          [
            100.3191227,
            18.2714607
          ],
          [
            100.3192417,
            18.2714432
          ],
          [
            100.3193149,
            18.2713884
          ],
          [
            100.3194155,
            18.2713291
          ],
          [
            100.3197,
            18.2712302
          ],
          [
            100.3197694,
            18.2711973
          ],
          [
            100.3197902,
            18.2711347
          ],
          [
            100.3197729,
            18.2709732
          ],
          [
            100.3197868,
            18.2709073
          ],
          [
            100.3198388,
            18.2708744
          ],
          [
            100.3199325,
            18.2708579
          ],
          [
            100.3203558,
            18.2708612
          ],
          [
            100.320453,
            18.270881
          ],
          [
            100.3208114,
            18.2710078
          ],
          [
            100.3208925,
            18.2710275
          ],
          [
            100.321084,
            18.2710586
          ],
          [
            100.3212375,
            18.2711094
          ],
          [
            100.321398,
            18.2711356
          ],
          [
            100.3215774,
            18.2711438
          ],
          [
            100.321655,
            18.2711602
          ],
          [
            100.3216878,
            18.2712421
          ],
          [
            100.3217154,
            18.2713535
          ],
          [
            100.3217154,
            18.2714469
          ],
          [
            100.3216895,
            18.2716942
          ],
          [
            100.3216982,
            18.2717401
          ],
          [
            100.3217189,
            18.2717827
          ],
          [
            100.3217689,
            18.2718269
          ],
          [
            100.321812,
            18.2719007
          ],
          [
            100.3218327,
            18.2719695
          ],
          [
            100.3218345,
            18.2720284
          ],
          [
            100.3218241,
            18.2720923
          ],
          [
            100.3218034,
            18.2721464
          ],
          [
            100.3217723,
            18.2722087
          ],
          [
            100.3217137,
            18.2722938
          ],
          [
            100.3216516,
            18.2723512
          ],
          [
            100.321536,
            18.2724462
          ],
          [
            100.3214946,
            18.2724839
          ],
          [
            100.3214773,
            18.2725199
          ],
          [
            100.3214721,
            18.2725592
          ],
          [
            100.3214859,
            18.2725986
          ],
          [
            100.3215308,
            18.2726477
          ],
          [
            100.3218672,
            18.2728623
          ],
          [
            100.3220725,
            18.2729901
          ],
          [
            100.3221001,
            18.2730294
          ],
          [
            100.3221277,
            18.2730737
          ],
          [
            100.3221381,
            18.2731113
          ],
          [
            100.3221415,
            18.273172
          ],
          [
            100.3221208,
            18.273249
          ],
          [
            100.3221019,
            18.2732981
          ],
          [
            100.3220674,
            18.2733309
          ],
          [
            100.3220277,
            18.2733554
          ],
          [
            100.321969,
            18.2733636
          ],
          [
            100.3219,
            18.2733718
          ],
          [
            100.3217637,
            18.2733473
          ],
          [
            100.3217258,
            18.2733407
          ],
          [
            100.3216844,
            18.2733636
          ],
          [
            100.3216637,
            18.2734046
          ],
          [
            100.3216826,
            18.2734505
          ],
          [
            100.3217171,
            18.2735455
          ],
          [
            100.3217206,
            18.2735914
          ],
          [
            100.3217171,
            18.2736323
          ],
          [
            100.3216688,
            18.273729
          ],
          [
            100.3216688,
            18.2737634
          ],
          [
            100.3216826,
            18.2738043
          ],
          [
            100.321724,
            18.2738322
          ],
          [
            100.3217689,
            18.2738518
          ],
          [
            100.3218741,
            18.2738666
          ],
          [
            100.3219328,
            18.2739026
          ],
          [
            100.3219966,
            18.2739567
          ],
          [
            100.3220087,
            18.2740026
          ],
          [
            100.322007,
            18.2740812
          ]
        ]
      }
    },
    {
      "type": "Feature",
      "id": 538815996,
      "properties": {
        "id": 538815996,
        "name": "ถนน",
        "category": "ถนนสายหลัก",
        "highway": "residential",
        "waterway": null,
        "ref": null
      },
      "geometry": {
        "type": "LineString",
        "coordinates": [
          [
            100.3080788,
            18.2634456
          ],
          [
            100.3096547,
            18.2624727
          ],
          [
            100.3099527,
            18.2622484
          ],
          [
            100.3101708,
            18.2620868
          ],
          [
            100.3104715,
            18.2618624
          ],
          [
            100.3108978,
            18.2615931
          ],
          [
            100.3109917,
            18.2615246
          ],
          [
            100.3111132,
            18.2614405
          ],
          [
            100.3112838,
            18.2613463
          ],
          [
            100.3117056,
            18.2610276
          ]
        ]
      }
    },
    {
      "type": "Feature",
      "id": 538815999,
      "properties": {
        "id": 538815999,
        "name": "ถนน",
        "category": "ถนนสายหลัก",
        "highway": "residential",
        "waterway": null,
        "ref": null
      },
      "geometry": {
        "type": "LineString",
        "coordinates": [
          [
            100.305638,
            18.2683833
          ],
          [
            100.3056187,
            18.2682425
          ],
          [
            100.3055604,
            18.2679651
          ],
          [
            100.3055617,
            18.2678582
          ],
          [
            100.3056111,
            18.2677729
          ],
          [
            100.305831,
            18.267562
          ],
          [
            100.3060016,
            18.2672029
          ],
          [
            100.3060644,
            18.2669606
          ],
          [
            100.3061452,
            18.2667631
          ],
          [
            100.3062394,
            18.2666061
          ],
          [
            100.306374,
            18.2664624
          ],
          [
            100.3064183,
            18.2664544
          ],
          [
            100.3065221,
            18.2664355
          ],
          [
            100.3073712,
            18.2664062
          ]
        ]
      }
    },
    {
      "type": "Feature",
      "id": 538816002,
      "properties": {
        "id": 538816002,
        "name": "ถนน",
        "category": "ถนนสายหลัก",
        "highway": "residential",
        "waterway": null,
        "ref": null
      },
      "geometry": {
        "type": "LineString",
        "coordinates": [
          [
            100.3071123,
            18.2678785
          ],
          [
            100.3064088,
            18.2678969
          ],
          [
            100.3055604,
            18.2679651
          ]
        ]
      }
    },
    {
      "type": "Feature",
      "id": 538816005,
      "properties": {
        "id": 538816005,
        "name": "ถนน",
        "category": "ถนนสายหลัก",
        "highway": "residential",
        "waterway": null,
        "ref": null
      },
      "geometry": {
        "type": "LineString",
        "coordinates": [
          [
            100.305638,
            18.2683833
          ],
          [
            100.3070474,
            18.2682552
          ]
        ]
      }
    },
    {
      "type": "Feature",
      "id": 538816006,
      "properties": {
        "id": 538816006,
        "name": "ถนน",
        "category": "ถนนสายหลัก",
        "highway": "residential",
        "waterway": null,
        "ref": null
      },
      "geometry": {
        "type": "LineString",
        "coordinates": [
          [
            100.3069699,
            18.2686927
          ],
          [
            100.3061721,
            18.2687019
          ],
          [
            100.305831,
            18.2687378
          ],
          [
            100.3053899,
            18.2687503
          ]
        ]
      }
    },
    {
      "type": "Feature",
      "id": 538816007,
      "properties": {
        "id": 538816007,
        "name": "ถนน",
        "category": "ถนนสายหลัก",
        "highway": "residential",
        "waterway": null,
        "ref": null
      },
      "geometry": {
        "type": "LineString",
        "coordinates": [
          [
            100.3068493,
            18.2695078
          ],
          [
            100.3062304,
            18.2695558
          ],
          [
            100.3059432,
            18.2696142
          ],
          [
            100.3057262,
            18.2696434
          ],
          [
            100.3056739,
            18.2696456
          ],
          [
            100.3056485,
            18.2696401
          ],
          [
            100.3056291,
            18.2696231
          ],
          [
            100.3055625,
            18.2694637
          ],
          [
            100.3055299,
            18.2694328
          ],
          [
            100.3054806,
            18.2694136
          ],
          [
            100.3053662,
            18.2694029
          ],
          [
            100.3053359,
            18.2693922
          ],
          [
            100.3053163,
            18.2693787
          ],
          [
            100.305311,
            18.2693348
          ],
          [
            100.3053452,
            18.2691542
          ],
          [
            100.3053899,
            18.2687503
          ],
          [
            100.3054451,
            18.2685089
          ],
          [
            100.3055258,
            18.2684326
          ],
          [
            100.305638,
            18.2683833
          ]
        ]
      }
    },
    {
      "type": "Feature",
      "id": 538816008,
      "properties": {
        "id": 538816008,
        "name": "ถนน",
        "category": "ถนนสายหลัก",
        "highway": "residential",
        "waterway": null,
        "ref": null
      },
      "geometry": {
        "type": "LineString",
        "coordinates": [
          [
            100.3069007,
            18.269095
          ],
          [
            100.3059297,
            18.2691013
          ],
          [
            100.3054116,
            18.2691463
          ],
          [
            100.3053452,
            18.2691542
          ]
        ]
      }
    },
    {
      "type": "Feature",
      "id": 538816010,
      "properties": {
        "id": 538816010,
        "name": "ถนน",
        "category": "ถนนสายหลัก",
        "highway": "unclassified",
        "waterway": null,
        "ref": null
      },
      "geometry": {
        "type": "LineString",
        "coordinates": [
          [
            100.3070319,
            18.2706168
          ],
          [
            100.3078012,
            18.2700976
          ],
          [
            100.308048,
            18.2698957
          ],
          [
            100.3085641,
            18.2694873
          ],
          [
            100.3088962,
            18.2692808
          ],
          [
            100.3091745,
            18.2691417
          ],
          [
            100.3092582,
            18.2690848
          ],
          [
            100.3092832,
            18.2690555
          ],
          [
            100.3093058,
            18.2689976
          ],
          [
            100.3092993,
            18.2689387
          ],
          [
            100.30917,
            18.268666
          ],
          [
            100.3091268,
            18.2685267
          ],
          [
            100.3091374,
            18.2684805
          ],
          [
            100.3091964,
            18.2684194
          ],
          [
            100.3094968,
            18.2682309
          ],
          [
            100.309647,
            18.2681138
          ],
          [
            100.3097463,
            18.2680475
          ],
          [
            100.309875,
            18.2680144
          ],
          [
            100.3099796,
            18.2679966
          ]
        ]
      }
    },
    {
      "type": "Feature",
      "id": 538816019,
      "properties": {
        "id": 538816019,
        "name": "ถนน",
        "category": "ถนนสายหลัก",
        "highway": "residential",
        "waterway": null,
        "ref": null
      },
      "geometry": {
        "type": "LineString",
        "coordinates": [
          [
            100.3119328,
            18.2607837
          ],
          [
            100.3124206,
            18.2612154
          ],
          [
            100.3135412,
            18.2620823
          ],
          [
            100.3139451,
            18.2623246
          ],
          [
            100.3147798,
            18.2627644
          ],
          [
            100.3149279,
            18.2628901
          ],
          [
            100.3150985,
            18.2631055
          ],
          [
            100.3152062,
            18.2632177
          ],
          [
            100.3153588,
            18.2633479
          ],
          [
            100.3155114,
            18.2634421
          ],
          [
            100.3155921,
            18.26346
          ],
          [
            100.3156819,
            18.26346
          ],
          [
            100.3159422,
            18.2633927
          ],
          [
            100.3161801,
            18.2633793
          ],
          [
            100.3166782,
            18.26346
          ],
          [
            100.3168936,
            18.2634556
          ],
          [
            100.3175219,
            18.2633344
          ],
          [
            100.3179013,
            18.2632168
          ]
        ]
      }
    },
    {
      "type": "Feature",
      "id": 538816020,
      "properties": {
        "id": 538816020,
        "name": "ถนน",
        "category": "ถนนสายหลัก",
        "highway": "residential",
        "waterway": null,
        "ref": null
      },
      "geometry": {
        "type": "LineString",
        "coordinates": [
          [
            100.3117056,
            18.2610276
          ],
          [
            100.3119328,
            18.2607837
          ]
        ]
      }
    },
    {
      "type": "Feature",
      "id": 539311775,
      "properties": {
        "id": 539311775,
        "name": "ถนน",
        "category": "ถนนสายหลัก",
        "highway": "track",
        "waterway": null,
        "ref": null
      },
      "geometry": {
        "type": "LineString",
        "coordinates": [
          [
            100.2961505,
            18.2346534
          ],
          [
            100.296176,
            18.2347247
          ],
          [
            100.2961836,
            18.2348025
          ],
          [
            100.296178,
            18.234877
          ],
          [
            100.2961641,
            18.2349441
          ],
          [
            100.2961192,
            18.2351415
          ],
          [
            100.2960385,
            18.2353973
          ],
          [
            100.2960474,
            18.235505
          ],
          [
            100.2960833,
            18.2355858
          ],
          [
            100.2962314,
            18.2357878
          ],
          [
            100.2963571,
            18.2359
          ],
          [
            100.2966757,
            18.2362994
          ],
          [
            100.2968777,
            18.2364251
          ],
          [
            100.2971297,
            18.236531
          ],
          [
            100.2971893,
            18.2365516
          ],
          [
            100.2972547,
            18.2365911
          ],
          [
            100.2972995,
            18.236634
          ],
          [
            100.2973392,
            18.2366975
          ],
          [
            100.2974162,
            18.236829
          ],
          [
            100.2975958,
            18.236995
          ],
          [
            100.2977304,
            18.2370938
          ],
          [
            100.2979279,
            18.237179
          ],
          [
            100.2980086,
            18.2372374
          ],
          [
            100.2980984,
            18.2374169
          ],
          [
            100.2983093,
            18.2377535
          ],
          [
            100.2986639,
            18.2383504
          ],
          [
            100.2986773,
            18.2384022
          ],
          [
            100.2986773,
            18.2384536
          ],
          [
            100.2985871,
            18.2388262
          ]
        ]
      }
    },
    {
      "type": "Feature",
      "id": 539311776,
      "properties": {
        "id": 539311776,
        "name": "ถนน",
        "category": "ถนนสายหลัก",
        "highway": "track",
        "waterway": null,
        "ref": null
      },
      "geometry": {
        "type": "LineString",
        "coordinates": [
          [
            100.3268522,
            18.2452796
          ],
          [
            100.3267059,
            18.2451113
          ],
          [
            100.3266737,
            18.2450285
          ],
          [
            100.3266536,
            18.2449368
          ],
          [
            100.3266455,
            18.2448311
          ],
          [
            100.32662,
            18.2447674
          ],
          [
            100.3265584,
            18.2446999
          ],
          [
            100.3263451,
            18.2445305
          ],
          [
            100.3260957,
            18.2443305
          ],
          [
            100.3258972,
            18.244142
          ],
          [
            100.3257698,
            18.2440261
          ],
          [
            100.3257,
            18.2439879
          ],
          [
            100.3255646,
            18.2439484
          ],
          [
            100.3254144,
            18.2439128
          ],
          [
            100.3253272,
            18.2439064
          ],
          [
            100.3251676,
            18.2439077
          ],
          [
            100.3249276,
            18.2439166
          ],
          [
            100.3248699,
            18.2439166
          ],
          [
            100.3248337,
            18.2439051
          ],
          [
            100.3247924,
            18.2438662
          ],
          [
            100.3244647,
            18.24348
          ],
          [
            100.3241954,
            18.2432825
          ],
          [
            100.323962,
            18.2431479
          ],
          [
            100.3238678,
            18.2430537
          ],
          [
            100.3238409,
            18.2429908
          ],
          [
            100.3238364,
            18.2428158
          ],
          [
            100.3238678,
            18.2426273
          ],
          [
            100.3238992,
            18.2422503
          ],
          [
            100.3238678,
            18.2421516
          ],
          [
            100.3237915,
            18.2420798
          ],
          [
            100.3237107,
            18.2420529
          ],
          [
            100.3234729,
            18.2420618
          ],
          [
            100.323244,
            18.2420349
          ],
          [
            100.3230196,
            18.2420394
          ],
          [
            100.3228939,
            18.2420663
          ],
          [
            100.3226965,
            18.2421561
          ],
          [
            100.3225708,
            18.2421606
          ],
          [
            100.3223285,
            18.2421202
          ],
          [
            100.32214,
            18.2420259
          ],
          [
            100.3220592,
            18.2420125
          ],
          [
            100.3220008,
            18.2420304
          ],
          [
            100.3218213,
            18.2421336
          ],
          [
            100.3217181,
            18.2421471
          ],
          [
            100.3216328,
            18.2421292
          ],
          [
            100.3212514,
            18.2419766
          ],
          [
            100.3207487,
            18.2417612
          ],
          [
            100.3198063,
            18.2414964
          ],
          [
            100.3196716,
            18.2414694
          ],
          [
            100.3194293,
            18.2414739
          ],
          [
            100.3192498,
            18.2414515
          ],
          [
            100.3182804,
            18.2411014
          ],
          [
            100.317854,
            18.2410027
          ],
          [
            100.3174097,
            18.2409444
          ],
          [
            100.3171853,
            18.240877
          ],
          [
            100.3169475,
            18.2407559
          ],
          [
            100.3166333,
            18.2405494
          ],
          [
            100.3164538,
            18.2404552
          ],
          [
            100.3162967,
            18.240352
          ],
          [
            100.3161621,
            18.2402353
          ],
          [
            100.3159646,
            18.239975
          ],
          [
            100.3157986,
            18.2398134
          ],
          [
            100.3156684,
            18.2397281
          ],
          [
            100.3155159,
            18.2396743
          ],
          [
            100.3152915,
            18.2396429
          ],
          [
            100.314726,
            18.2396159
          ],
          [
            100.3139451,
            18.2394678
          ],
          [
            100.3136668,
            18.2394903
          ],
          [
            100.3134918,
            18.2394858
          ],
          [
            100.3130969,
            18.2392973
          ],
          [
            100.3128815,
            18.2391627
          ],
          [
            100.3125718,
            18.2390101
          ],
          [
            100.3123968,
            18.2389473
          ],
          [
            100.3121948,
            18.2389203
          ],
          [
            100.3119256,
            18.2389024
          ],
          [
            100.3116608,
            18.2389024
          ],
          [
            100.3115979,
            18.2389158
          ],
          [
            100.3114229,
            18.2390235
          ],
          [
            100.3113242,
            18.2391806
          ],
          [
            100.3112569,
            18.2392614
          ],
          [
            100.3111716,
            18.2392928
          ],
          [
            100.3110684,
            18.2392659
          ],
          [
            100.3108305,
            18.2390415
          ],
          [
            100.3107856,
            18.2389607
          ],
          [
            100.3107318,
            18.2387632
          ],
          [
            100.3106689,
            18.238678
          ],
          [
            100.3106241,
            18.2386421
          ],
          [
            100.3098207,
            18.238301
          ],
          [
            100.3095784,
            18.2381933
          ],
          [
            100.3094662,
            18.2381798
          ],
          [
            100.3090892,
            18.2381978
          ],
          [
            100.3088828,
            18.2382247
          ],
          [
            100.3087392,
            18.238283
          ],
          [
            100.3084071,
            18.2385254
          ],
          [
            100.30825,
            18.2386151
          ],
          [
            100.3081019,
            18.23866
          ],
          [
            100.3080438,
            18.2386583
          ],
          [
            100.3079493,
            18.2386555
          ],
          [
            100.3077563,
            18.2385927
          ],
          [
            100.3076217,
            18.2385703
          ],
          [
            100.3074915,
            18.2385658
          ],
          [
            100.3072985,
            18.2385972
          ],
          [
            100.3070786,
            18.238687
          ],
          [
            100.3067914,
            18.2389069
          ],
          [
            100.3067106,
            18.2389517
          ],
          [
            100.3066209,
            18.2389742
          ],
          [
            100.3065311,
            18.2389742
          ],
          [
            100.3064459,
            18.2389562
          ],
          [
            100.3058714,
            18.2386735
          ],
          [
            100.3055204,
            18.2384784
          ],
          [
            100.3051879,
            18.2383679
          ],
          [
            100.3050819,
            18.2383445
          ],
          [
            100.3050083,
            18.2383491
          ],
          [
            100.3048064,
            18.2383964
          ],
          [
            100.3046932,
            18.2384242
          ],
          [
            100.3045642,
            18.238428
          ],
          [
            100.3044019,
            18.2384197
          ],
          [
            100.3041122,
            18.2383581
          ],
          [
            100.303991,
            18.2383459
          ],
          [
            100.3038788,
            18.2383549
          ],
          [
            100.3037711,
            18.2383818
          ],
          [
            100.303596,
            18.2384626
          ],
          [
            100.3033896,
            18.238678
          ],
          [
            100.3031652,
            18.2389473
          ],
          [
            100.3030979,
            18.2390056
          ],
          [
            100.302878,
            18.2390954
          ],
          [
            100.3023619,
            18.2392569
          ],
          [
            100.3019355,
            18.2394768
          ]
        ]
      }
    },
    {
      "type": "Feature",
      "id": 539311779,
      "properties": {
        "id": 539311779,
        "name": "ถนน",
        "category": "ถนนสายหลัก",
        "highway": "residential",
        "waterway": null,
        "ref": null
      },
      "geometry": {
        "type": "LineString",
        "coordinates": [
          [
            100.299647,
            18.2326658
          ],
          [
            100.2997177,
            18.2329007
          ],
          [
            100.2997579,
            18.233022
          ],
          [
            100.2998071,
            18.2331183
          ]
        ]
      }
    },
    {
      "type": "Feature",
      "id": 539311780,
      "properties": {
        "id": 539311780,
        "name": "ถนน",
        "category": "ถนนสายหลัก",
        "highway": "residential",
        "waterway": null,
        "ref": null
      },
      "geometry": {
        "type": "LineString",
        "coordinates": [
          [
            100.3016863,
            18.2291012
          ],
          [
            100.3016305,
            18.2291368
          ],
          [
            100.3015782,
            18.2291807
          ],
          [
            100.3014789,
            18.2292875
          ],
          [
            100.3012767,
            18.2295052
          ],
          [
            100.3012087,
            18.2295499
          ],
          [
            100.301153,
            18.2295987
          ],
          [
            100.3011268,
            18.2296624
          ],
          [
            100.3011042,
            18.2297485
          ],
          [
            100.3010832,
            18.2298801
          ],
          [
            100.301078,
            18.2299761
          ],
          [
            100.301085,
            18.2300506
          ],
          [
            100.3011068,
            18.2301442
          ],
          [
            100.3011233,
            18.2302402
          ],
          [
            100.3011225,
            18.2302965
          ],
          [
            100.3011198,
            18.2303801
          ],
          [
            100.3011143,
            18.2304382
          ],
          [
            100.3010876,
            18.2305274
          ],
          [
            100.3010469,
            18.2305863
          ],
          [
            100.3009302,
            18.230905
          ],
          [
            100.3009281,
            18.230962
          ],
          [
            100.3009437,
            18.2310127
          ],
          [
            100.3009734,
            18.2311027
          ],
          [
            100.3009976,
            18.2312057
          ],
          [
            100.3010013,
            18.2312608
          ],
          [
            100.3009931,
            18.2313134
          ],
          [
            100.3009437,
            18.2314435
          ],
          [
            100.3007634,
            18.231745
          ],
          [
            100.3006126,
            18.2320728
          ],
          [
            100.3005847,
            18.2321167
          ],
          [
            100.3003064,
            18.2324488
          ],
          [
            100.3001045,
            18.232745
          ],
          [
            100.2999808,
            18.2329088
          ],
          [
            100.2999259,
            18.2329924
          ],
          [
            100.2998852,
            18.2330442
          ],
          [
            100.299858,
            18.2330743
          ],
          [
            100.2998071,
            18.2331183
          ],
          [
            100.2998083,
            18.2331354
          ],
          [
            100.2998297,
            18.2333679
          ]
        ]
      }
    },
    {
      "type": "Feature",
      "id": 539311781,
      "properties": {
        "id": 539311781,
        "name": "ถนน",
        "category": "ถนนสายหลัก",
        "highway": "residential",
        "waterway": null,
        "ref": null
      },
      "geometry": {
        "type": "LineString",
        "coordinates": [
          [
            100.3018161,
            18.2330421
          ],
          [
            100.3017894,
            18.2327345
          ],
          [
            100.3018099,
            18.2326732
          ],
          [
            100.3018862,
            18.2325655
          ],
          [
            100.3021061,
            18.2324039
          ],
          [
            100.3021925,
            18.2323309
          ],
          [
            100.3022652,
            18.2322695
          ],
          [
            100.3023057,
            18.2322289
          ],
          [
            100.3023461,
            18.2321642
          ],
          [
            100.3024477,
            18.2320293
          ]
        ]
      }
    },
    {
      "type": "Feature",
      "id": 539311782,
      "properties": {
        "id": 539311782,
        "name": "ถนน",
        "category": "ถนนสายหลัก",
        "highway": "residential",
        "waterway": null,
        "ref": null
      },
      "geometry": {
        "type": "LineString",
        "coordinates": [
          [
            100.3025997,
            18.23292
          ],
          [
            100.3026087,
            18.2326463
          ],
          [
            100.3026348,
            18.2324757
          ],
          [
            100.3026718,
            18.2323243
          ],
          [
            100.3026995,
            18.2322651
          ],
          [
            100.3027757,
            18.2321773
          ],
          [
            100.3029466,
            18.2320435
          ]
        ]
      }
    },
    {
      "type": "Feature",
      "id": 539311783,
      "properties": {
        "id": 539311783,
        "name": "ถนน",
        "category": "ถนนสายหลัก",
        "highway": "residential",
        "waterway": null,
        "ref": null
      },
      "geometry": {
        "type": "LineString",
        "coordinates": [
          [
            100.3086495,
            18.2317426
          ],
          [
            100.3086337,
            18.2310699
          ],
          [
            100.3085724,
            18.2303887
          ],
          [
            100.3085625,
            18.2303033
          ],
          [
            100.3085428,
            18.2302686
          ],
          [
            100.3085112,
            18.2302573
          ],
          [
            100.3084756,
            18.2302573
          ],
          [
            100.3084193,
            18.2302601
          ],
          [
            100.3083492,
            18.2302545
          ],
          [
            100.3083087,
            18.2302367
          ],
          [
            100.308279,
            18.230201
          ],
          [
            100.3082603,
            18.2301334
          ],
          [
            100.3082494,
            18.2300143
          ],
          [
            100.3082217,
            18.2298379
          ],
          [
            100.3081872,
            18.2296962
          ],
          [
            100.3081704,
            18.2296596
          ],
          [
            100.3081348,
            18.2296361
          ],
          [
            100.3080992,
            18.2296277
          ],
          [
            100.3079767,
            18.2296202
          ],
          [
            100.3078453,
            18.2295949
          ],
          [
            100.3077357,
            18.2295648
          ],
          [
            100.3076359,
            18.2295114
          ],
          [
            100.307546,
            18.229456
          ],
          [
            100.3074601,
            18.2293819
          ],
          [
            100.3073771,
            18.2292683
          ],
          [
            100.3073188,
            18.2291623
          ],
          [
            100.3072516,
            18.228985
          ],
          [
            100.3072022,
            18.2287626
          ],
          [
            100.3071766,
            18.2286387
          ],
          [
            100.3071608,
            18.2285749
          ],
          [
            100.3071301,
            18.2285111
          ],
          [
            100.3070886,
            18.2284379
          ],
          [
            100.3069503,
            18.2281274
          ],
          [
            100.3068861,
            18.2280185
          ],
          [
            100.3067518,
            18.2278065
          ],
          [
            100.3066352,
            18.2276291
          ],
          [
            100.3065828,
            18.227571
          ],
          [
            100.3064959,
            18.2275353
          ],
          [
            100.3064465,
            18.227524
          ],
          [
            100.3063942,
            18.2275193
          ],
          [
            100.3062885,
            18.2275193
          ],
          [
            100.3060823,
            18.2275211
          ],
          [
            100.3059931,
            18.2275043
          ],
          [
            100.3059073,
            18.2274717
          ],
          [
            100.3057996,
            18.2274044
          ],
          [
            100.3055663,
            18.2272031
          ],
          [
            100.3053284,
            18.2270185
          ],
          [
            100.3051085,
            18.2268749
          ],
          [
            100.3048437,
            18.2267492
          ],
          [
            100.3045565,
            18.2267133
          ],
          [
            100.3042647,
            18.2266505
          ],
          [
            100.3040673,
            18.2265742
          ],
          [
            100.3038743,
            18.2264709
          ],
          [
            100.3036739,
            18.2264112
          ],
          [
            100.3034659,
            18.2263273
          ],
          [
            100.3026895,
            18.2256586
          ],
          [
            100.3023035,
            18.2252906
          ],
          [
            100.3019041,
            18.2250034
          ],
          [
            100.3016546,
            18.2248599
          ],
          [
            100.3014329,
            18.2247611
          ],
          [
            100.3013096,
            18.2247388
          ],
          [
            100.3012001,
            18.2247459
          ],
          [
            100.300634,
            18.2248374
          ],
          [
            100.3004097,
            18.2248374
          ],
          [
            100.3001224,
            18.2248059
          ],
          [
            100.2997275,
            18.2246219
          ],
          [
            100.2994894,
            18.2244883
          ],
          [
            100.2993595,
            18.2244155
          ],
          [
            100.2984799,
            18.2240295
          ],
          [
            100.2981926,
            18.2239712
          ],
          [
            100.2979458,
            18.2239443
          ],
          [
            100.2977708,
            18.2239488
          ],
          [
            100.2974746,
            18.2239847
          ],
          [
            100.2971156,
            18.2240565
          ],
          [
            100.2967296,
            18.2241103
          ],
          [
            100.2963526,
            18.2241103
          ],
          [
            100.2956615,
            18.2241552
          ],
          [
            100.2950332,
            18.2241462
          ],
          [
            100.2948761,
            18.2241732
          ],
          [
            100.2946158,
            18.2242988
          ],
          [
            100.2941329,
            18.2244203
          ],
          [
            100.2937854,
            18.2238175
          ],
          [
            100.2936165,
            18.2235712
          ],
          [
            100.2932594,
            18.222993
          ]
        ]
      }
    },
    {
      "type": "Feature",
      "id": 539311826,
      "properties": {
        "id": 539311826,
        "name": "ถนน",
        "category": "ถนนสายหลัก",
        "highway": "residential",
        "waterway": null,
        "ref": null
      },
      "geometry": {
        "type": "LineString",
        "coordinates": [
          [
            100.2855078,
            18.2272421
          ],
          [
            100.2859752,
            18.2274595
          ],
          [
            100.2865606,
            18.2277168
          ],
          [
            100.2866938,
            18.2277807
          ],
          [
            100.2869719,
            18.2279437
          ],
          [
            100.2871908,
            18.2280514
          ],
          [
            100.2873187,
            18.2281223
          ],
          [
            100.2875258,
            18.2282645
          ],
          [
            100.2876681,
            18.2284024
          ],
          [
            100.2877948,
            18.2284954
          ],
          [
            100.2878528,
            18.2285628
          ],
          [
            100.2878806,
            18.2286111
          ],
          [
            100.2880214,
            18.228877
          ],
          [
            100.2881459,
            18.2291088
          ],
          [
            100.2882346,
            18.2293073
          ],
          [
            100.2882621,
            18.2293996
          ],
          [
            100.2882826,
            18.2294474
          ],
          [
            100.2886366,
            18.2297111
          ],
          [
            100.2886626,
            18.2297481
          ],
          [
            100.2886627,
            18.2297931
          ],
          [
            100.2883193,
            18.230151
          ],
          [
            100.2882071,
            18.2302991
          ],
          [
            100.2878615,
            18.2306947
          ]
        ]
      }
    },
    {
      "type": "Feature",
      "id": 539311828,
      "properties": {
        "id": 539311828,
        "name": "ถนน",
        "category": "ถนนสายหลัก",
        "highway": "residential",
        "waterway": null,
        "ref": null
      },
      "geometry": {
        "type": "LineString",
        "coordinates": [
          [
            100.2873666,
            18.2304132
          ],
          [
            100.2874262,
            18.2300164
          ],
          [
            100.2873847,
            18.2298843
          ],
          [
            100.2873855,
            18.2298665
          ],
          [
            100.2873847,
            18.2298139
          ],
          [
            100.2873798,
            18.2296816
          ],
          [
            100.2873586,
            18.2295539
          ]
        ]
      }
    },
    {
      "type": "Feature",
      "id": 539311831,
      "properties": {
        "id": 539311831,
        "name": "ถนน",
        "category": "ถนนสายหลัก",
        "highway": "residential",
        "waterway": null,
        "ref": null
      },
      "geometry": {
        "type": "LineString",
        "coordinates": [
          [
            100.2866677,
            18.2300875
          ],
          [
            100.2864927,
            18.2304427
          ]
        ]
      }
    },
    {
      "type": "Feature",
      "id": 539311832,
      "properties": {
        "id": 539311832,
        "name": "ถนน",
        "category": "ถนนสายหลัก",
        "highway": "residential",
        "waterway": null,
        "ref": null
      },
      "geometry": {
        "type": "LineString",
        "coordinates": [
          [
            100.2864927,
            18.2304427
          ],
          [
            100.2863042,
            18.2304068
          ],
          [
            100.2861422,
            18.2304148
          ],
          [
            100.2859832,
            18.2304328
          ],
          [
            100.2858293,
            18.230434
          ],
          [
            100.2856614,
            18.2304196
          ]
        ]
      }
    },
    {
      "type": "Feature",
      "id": 539311833,
      "properties": {
        "id": 539311833,
        "name": "ถนน",
        "category": "ถนนสายหลัก",
        "highway": "residential",
        "waterway": null,
        "ref": null
      },
      "geometry": {
        "type": "LineString",
        "coordinates": [
          [
            100.2881951,
            18.2316801
          ],
          [
            100.2881685,
            18.231625
          ],
          [
            100.2881299,
            18.2315539
          ],
          [
            100.2880814,
            18.2315019
          ],
          [
            100.28791,
            18.2314013
          ]
        ]
      }
    },
    {
      "type": "Feature",
      "id": 539311834,
      "properties": {
        "id": 539311834,
        "name": "ถนน",
        "category": "ถนนสายหลัก",
        "highway": "residential",
        "waterway": null,
        "ref": null
      },
      "geometry": {
        "type": "LineString",
        "coordinates": [
          [
            100.28791,
            18.2314013
          ],
          [
            100.2879962,
            18.2312012
          ],
          [
            100.2881647,
            18.2308811
          ]
        ]
      }
    },
    {
      "type": "Feature",
      "id": 539311835,
      "properties": {
        "id": 539311835,
        "name": "ถนน",
        "category": "ถนนสายหลัก",
        "highway": "residential",
        "waterway": null,
        "ref": null
      },
      "geometry": {
        "type": "LineString",
        "coordinates": [
          [
            100.2885404,
            18.2319655
          ],
          [
            100.2885956,
            18.2319646
          ],
          [
            100.288674,
            18.2319684
          ],
          [
            100.2887403,
            18.2319751
          ],
          [
            100.2888085,
            18.2319641
          ],
          [
            100.2890604,
            18.2319078
          ]
        ]
      }
    },
    {
      "type": "Feature",
      "id": 539311836,
      "properties": {
        "id": 539311836,
        "name": "ถนน",
        "category": "ถนนสายหลัก",
        "highway": "residential",
        "waterway": null,
        "ref": null
      },
      "geometry": {
        "type": "LineString",
        "coordinates": [
          [
            100.289104,
            18.2320635
          ],
          [
            100.2885454,
            18.2321973
          ]
        ]
      }
    },
    {
      "type": "Feature",
      "id": 539311837,
      "properties": {
        "id": 539311837,
        "name": "ถนน",
        "category": "ถนนสายหลัก",
        "highway": "residential",
        "waterway": null,
        "ref": null
      },
      "geometry": {
        "type": "LineString",
        "coordinates": [
          [
            100.2879343,
            18.2334039
          ],
          [
            100.2880321,
            18.233581
          ],
          [
            100.2881757,
            18.2337699
          ],
          [
            100.2883417,
            18.2339298
          ],
          [
            100.2883801,
            18.2339923
          ],
          [
            100.2884084,
            18.2340942
          ],
          [
            100.2884309,
            18.2341639
          ],
          [
            100.2884592,
            18.2342014
          ],
          [
            100.2884968,
            18.2342228
          ],
          [
            100.2885683,
            18.2342854
          ]
        ]
      }
    },
    {
      "type": "Feature",
      "id": 539311838,
      "properties": {
        "id": 539311838,
        "name": "ถนน",
        "category": "ถนนสายหลัก",
        "highway": "service",
        "waterway": null,
        "ref": null
      },
      "geometry": {
        "type": "LineString",
        "coordinates": [
          [
            100.2897761,
            18.2337508
          ],
          [
            100.2903927,
            18.2337278
          ]
        ]
      }
    },
    {
      "type": "Feature",
      "id": 539311839,
      "properties": {
        "id": 539311839,
        "name": "ถนน",
        "category": "ถนนสายหลัก",
        "highway": "residential",
        "waterway": null,
        "ref": null
      },
      "geometry": {
        "type": "LineString",
        "coordinates": [
          [
            100.2920712,
            18.2337862
          ],
          [
            100.2919959,
            18.2332904
          ]
        ]
      }
    },
    {
      "type": "Feature",
      "id": 539311840,
      "properties": {
        "id": 539311840,
        "name": "ถนน",
        "category": "ถนนสายหลัก",
        "highway": "residential",
        "waterway": null,
        "ref": null
      },
      "geometry": {
        "type": "LineString",
        "coordinates": [
          [
            100.2928131,
            18.2358101
          ],
          [
            100.2928279,
            18.2355869
          ],
          [
            100.29287,
            18.2352672
          ],
          [
            100.2928688,
            18.2352072
          ],
          [
            100.292861,
            18.2351505
          ],
          [
            100.2926628,
            18.2345685
          ]
        ]
      }
    },
    {
      "type": "Feature",
      "id": 539311841,
      "properties": {
        "id": 539311841,
        "name": "ถนน",
        "category": "ถนนสายหลัก",
        "highway": "residential",
        "waterway": null,
        "ref": null
      },
      "geometry": {
        "type": "LineString",
        "coordinates": [
          [
            100.2922351,
            18.2358703
          ],
          [
            100.2924516,
            18.2358278
          ],
          [
            100.2926816,
            18.2358101
          ],
          [
            100.2928131,
            18.2358101
          ],
          [
            100.2930253,
            18.2358254
          ],
          [
            100.2932133,
            18.2358674
          ]
        ]
      }
    },
    {
      "type": "Feature",
      "id": 539311842,
      "properties": {
        "id": 539311842,
        "name": "ถนน",
        "category": "ถนนสายหลัก",
        "highway": "residential",
        "waterway": null,
        "ref": null
      },
      "geometry": {
        "type": "LineString",
        "coordinates": [
          [
            100.2919386,
            18.2352391
          ],
          [
            100.2922066,
            18.235214
          ],
          [
            100.2924037,
            18.2352194
          ],
          [
            100.2928688,
            18.2352072
          ],
          [
            100.2929716,
            18.2352132
          ],
          [
            100.2930864,
            18.2352295
          ],
          [
            100.2931324,
            18.2352586
          ],
          [
            100.2931885,
            18.2352993
          ]
        ]
      }
    },
    {
      "type": "Feature",
      "id": 539311843,
      "properties": {
        "id": 539311843,
        "name": "ถนน",
        "category": "ถนนสายหลัก",
        "highway": "residential",
        "waterway": null,
        "ref": null
      },
      "geometry": {
        "type": "LineString",
        "coordinates": [
          [
            100.2924899,
            18.2363634
          ],
          [
            100.292644,
            18.236287
          ],
          [
            100.2927218,
            18.2362692
          ],
          [
            100.2927729,
            18.2362755
          ],
          [
            100.2930763,
            18.2363125
          ]
        ]
      }
    },
    {
      "type": "Feature",
      "id": 539311844,
      "properties": {
        "id": 539311844,
        "name": "ถนน",
        "category": "ถนนสายหลัก",
        "highway": "residential",
        "waterway": null,
        "ref": null
      },
      "geometry": {
        "type": "LineString",
        "coordinates": [
          [
            100.2885707,
            18.2358468
          ],
          [
            100.2884809,
            18.2355006
          ],
          [
            100.2884697,
            18.2354173
          ],
          [
            100.2884637,
            18.2353241
          ],
          [
            100.2884622,
            18.2352874
          ],
          [
            100.2884593,
            18.2351998
          ]
        ]
      }
    },
    {
      "type": "Feature",
      "id": 539311852,
      "properties": {
        "id": 539311852,
        "name": "ถนน",
        "category": "ถนนสายหลัก",
        "highway": "residential",
        "waterway": null,
        "ref": null
      },
      "geometry": {
        "type": "LineString",
        "coordinates": [
          [
            100.2867797,
            18.2321543
          ],
          [
            100.2867156,
            18.232283
          ],
          [
            100.286683,
            18.2323568
          ],
          [
            100.2866496,
            18.232374
          ],
          [
            100.2866087,
            18.2323931
          ],
          [
            100.28655,
            18.232424
          ],
          [
            100.2864956,
            18.2324447
          ],
          [
            100.2864195,
            18.2324426
          ],
          [
            100.2863267,
            18.2324533
          ],
          [
            100.2862414,
            18.2325071
          ],
          [
            100.2861294,
            18.2327068
          ]
        ]
      }
    },
    {
      "type": "Feature",
      "id": 539311853,
      "properties": {
        "id": 539311853,
        "name": "ถนน",
        "category": "ถนนสายหลัก",
        "highway": "residential",
        "waterway": null,
        "ref": null
      },
      "geometry": {
        "type": "LineString",
        "coordinates": [
          [
            100.2853965,
            18.2320179
          ],
          [
            100.2853985,
            18.2320797
          ],
          [
            100.2854028,
            18.2322367
          ],
          [
            100.2857238,
            18.2325289
          ]
        ]
      }
    },
    {
      "type": "Feature",
      "id": 561441519,
      "properties": {
        "id": 561441519,
        "name": "ถนน (1134)",
        "category": "ถนนสายหลัก",
        "highway": "secondary",
        "waterway": null,
        "ref": "1134"
      },
      "geometry": {
        "type": "LineString",
        "coordinates": [
          [
            100.2915198,
            18.2343276
          ],
          [
            100.2914002,
            18.2340241
          ],
          [
            100.291199,
            18.2335636
          ],
          [
            100.2911415,
            18.2334879
          ],
          [
            100.291072,
            18.233434
          ],
          [
            100.2909775,
            18.2334064
          ],
          [
            100.2906964,
            18.2333528
          ],
          [
            100.2905715,
            18.233297
          ],
          [
            100.2899395,
            18.2328352
          ],
          [
            100.2898478,
            18.2327835
          ],
          [
            100.2897396,
            18.2327391
          ],
          [
            100.2894126,
            18.2326521
          ],
          [
            100.2893419,
            18.2326207
          ],
          [
            100.2892693,
            18.2325539
          ],
          [
            100.289216,
            18.2324449
          ],
          [
            100.289104,
            18.2320635
          ],
          [
            100.2890604,
            18.2319078
          ],
          [
            100.2889566,
            18.2315576
          ],
          [
            100.2889122,
            18.2314697
          ],
          [
            100.2888408,
            18.2313831
          ],
          [
            100.2886171,
            18.2312024
          ],
          [
            100.2883239,
            18.2309928
          ],
          [
            100.2881647,
            18.2308811
          ],
          [
            100.2878615,
            18.2306947
          ],
          [
            100.2876179,
            18.2305466
          ],
          [
            100.2873666,
            18.2304132
          ],
          [
            100.2866677,
            18.2300875
          ],
          [
            100.2863254,
            18.229922
          ],
          [
            100.286233,
            18.2298544
          ],
          [
            100.2861681,
            18.2297826
          ],
          [
            100.2861308,
            18.2297049
          ],
          [
            100.2860391,
            18.2293204
          ],
          [
            100.2859809,
            18.2291094
          ],
          [
            100.2859558,
            18.2289559
          ],
          [
            100.2859507,
            18.2288347
          ],
          [
            100.2859585,
            18.228725
          ],
          [
            100.2859795,
            18.2286355
          ],
          [
            100.2860332,
            18.2284691
          ],
          [
            100.2860524,
            18.2283447
          ],
          [
            100.2860506,
            18.2282506
          ],
          [
            100.2860417,
            18.2281537
          ],
          [
            100.2860016,
            18.228058
          ],
          [
            100.2859372,
            18.2279487
          ],
          [
            100.2858559,
            18.2278423
          ],
          [
            100.285724,
            18.2276981
          ],
          [
            100.2856734,
            18.2276165
          ],
          [
            100.2856427,
            18.227551
          ],
          [
            100.2855078,
            18.2272421
          ],
          [
            100.2852025,
            18.2264467
          ],
          [
            100.2850971,
            18.2261945
          ],
          [
            100.2849585,
            18.2258582
          ],
          [
            100.284928,
            18.2258013
          ],
          [
            100.2845842,
            18.2251849
          ],
          [
            100.2844447,
            18.2249568
          ],
          [
            100.2844014,
            18.2248736
          ],
          [
            100.2843776,
            18.2247915
          ],
          [
            100.2843614,
            18.2246887
          ],
          [
            100.2843646,
            18.2245599
          ],
          [
            100.28437,
            18.2245295
          ],
          [
            100.2844332,
            18.2242573
          ],
          [
            100.2844721,
            18.2240679
          ],
          [
            100.2844928,
            18.2239424
          ],
          [
            100.2845058,
            18.2237382
          ],
          [
            100.2845032,
            18.2236127
          ],
          [
            100.2844857,
            18.2233183
          ],
          [
            100.284434,
            18.2226501
          ]
        ]
      }
    },
    {
      "type": "Feature",
      "id": 561441906,
      "properties": {
        "id": 561441906,
        "name": "ถนน (1134)",
        "category": "ถนนสายหลัก",
        "highway": "secondary",
        "waterway": null,
        "ref": "1134"
      },
      "geometry": {
        "type": "LineString",
        "coordinates": [
          [
            100.307149,
            18.2584493
          ],
          [
            100.3070602,
            18.2583955
          ],
          [
            100.3065977,
            18.2580936
          ],
          [
            100.3061374,
            18.2577917
          ],
          [
            100.3055788,
            18.2574296
          ],
          [
            100.3053821,
            18.2573639
          ],
          [
            100.3046809,
            18.2573437
          ],
          [
            100.3044746,
            18.2573227
          ],
          [
            100.3041404,
            18.2571276
          ],
          [
            100.3036952,
            18.2568125
          ],
          [
            100.3035616,
            18.2566734
          ],
          [
            100.3033574,
            18.2563085
          ],
          [
            100.3032131,
            18.2558298
          ],
          [
            100.3030831,
            18.2555007
          ],
          [
            100.30302,
            18.2552894
          ],
          [
            100.3029241,
            18.2548365
          ],
          [
            100.3028551,
            18.2545891
          ],
          [
            100.3027582,
            18.2543077
          ],
          [
            100.3026891,
            18.2541766
          ],
          [
            100.3024859,
            18.2537933
          ],
          [
            100.3023501,
            18.2535609
          ],
          [
            100.3023139,
            18.2535005
          ],
          [
            100.3021977,
            18.2532956
          ],
          [
            100.3021149,
            18.2531416
          ],
          [
            100.3020738,
            18.2530591
          ],
          [
            100.3020379,
            18.2529838
          ],
          [
            100.3018587,
            18.2525982
          ],
          [
            100.3016719,
            18.252159
          ],
          [
            100.3015834,
            18.25193
          ],
          [
            100.3015114,
            18.2517278
          ],
          [
            100.3014197,
            18.2515321
          ],
          [
            100.301355,
            18.2514049
          ],
          [
            100.3011067,
            18.2510308
          ],
          [
            100.3010568,
            18.2509353
          ],
          [
            100.3009599,
            18.2506867
          ],
          [
            100.3007465,
            18.2501351
          ],
          [
            100.3006931,
            18.2500409
          ],
          [
            100.3004394,
            18.2496592
          ],
          [
            100.3001838,
            18.249262
          ],
          [
            100.3001259,
            18.2491643
          ],
          [
            100.2989751,
            18.2471903
          ],
          [
            100.29848,
            18.2463698
          ],
          [
            100.2976026,
            18.2448196
          ],
          [
            100.2956628,
            18.2415451
          ],
          [
            100.2951029,
            18.2405932
          ],
          [
            100.2924899,
            18.2363634
          ],
          [
            100.2923298,
            18.2360763
          ],
          [
            100.2922351,
            18.2358703
          ],
          [
            100.2920046,
            18.2353797
          ],
          [
            100.2919386,
            18.2352391
          ],
          [
            100.2916946,
            18.2347099
          ]
        ]
      }
    },
    {
      "type": "Feature",
      "id": 561441910,
      "properties": {
        "id": 561441910,
        "name": "ถนน (1134)",
        "category": "ถนนสายหลัก",
        "highway": "secondary",
        "waterway": null,
        "ref": "1134"
      },
      "geometry": {
        "type": "LineString",
        "coordinates": [
          [
            100.3075018,
            18.2586855
          ],
          [
            100.307149,
            18.2584493
          ]
        ]
      }
    },
    {
      "type": "Feature",
      "id": 563448071,
      "properties": {
        "id": 563448071,
        "name": "ถนน",
        "category": "ถนนสายหลัก",
        "highway": "residential",
        "waterway": null,
        "ref": null
      },
      "geometry": {
        "type": "LineString",
        "coordinates": [
          [
            100.3116502,
            18.2628122
          ],
          [
            100.311746,
            18.2633851
          ]
        ]
      }
    },
    {
      "type": "Feature",
      "id": 638481348,
      "properties": {
        "id": 638481348,
        "name": "ถนน",
        "category": "ถนนสายหลัก",
        "highway": "track",
        "waterway": null,
        "ref": null
      },
      "geometry": {
        "type": "LineString",
        "coordinates": [
          [
            100.2992907,
            18.2493263
          ],
          [
            100.2982959,
            18.2494668
          ],
          [
            100.2980151,
            18.2495307
          ],
          [
            100.2978506,
            18.2495781
          ],
          [
            100.2978028,
            18.249613
          ],
          [
            100.2977623,
            18.2496634
          ],
          [
            100.2977349,
            18.249781
          ],
          [
            100.2976945,
            18.2502118
          ],
          [
            100.2976357,
            18.2504737
          ],
          [
            100.2975599,
            18.2508087
          ],
          [
            100.2974656,
            18.2512799
          ],
          [
            100.2973973,
            18.251498
          ],
          [
            100.2973848,
            18.2515537
          ],
          [
            100.2973252,
            18.2517414
          ]
        ]
      }
    },
    {
      "type": "Feature",
      "id": 638481351,
      "properties": {
        "id": 638481351,
        "name": "ถนน",
        "category": "ถนนสายหลัก",
        "highway": "track",
        "waterway": null,
        "ref": null
      },
      "geometry": {
        "type": "LineString",
        "coordinates": [
          [
            100.306217,
            18.256634
          ],
          [
            100.3063426,
            18.256625
          ],
          [
            100.3064369,
            18.2565397
          ],
          [
            100.306567,
            18.2564455
          ],
          [
            100.3066792,
            18.2563019
          ],
          [
            100.3067241,
            18.256266
          ],
          [
            100.3070383,
            18.2560999
          ],
          [
            100.3073928,
            18.2558845
          ]
        ]
      }
    },
    {
      "type": "Feature",
      "id": 638481352,
      "properties": {
        "id": 638481352,
        "name": "ถนน",
        "category": "ถนนสายหลัก",
        "highway": "track",
        "waterway": null,
        "ref": null
      },
      "geometry": {
        "type": "LineString",
        "coordinates": [
          [
            100.3271541,
            18.2655622
          ],
          [
            100.3270946,
            18.2655649
          ],
          [
            100.3268433,
            18.2655379
          ],
          [
            100.3262374,
            18.2656412
          ],
          [
            100.3256809,
            18.2656726
          ],
          [
            100.325268,
            18.2656097
          ],
          [
            100.3251244,
            18.2655155
          ],
          [
            100.3249,
            18.265161
          ],
          [
            100.3247519,
            18.2648917
          ],
          [
            100.3245096,
            18.2646269
          ],
          [
            100.3244019,
            18.2645461
          ],
          [
            100.3243211,
            18.2645102
          ],
          [
            100.3242134,
            18.2644967
          ],
          [
            100.3241191,
            18.2645102
          ],
          [
            100.3236973,
            18.2647122
          ],
          [
            100.3235626,
            18.2647436
          ],
          [
            100.3233876,
            18.2647346
          ],
          [
            100.3222882,
            18.2645415
          ]
        ]
      }
    },
    {
      "type": "Feature",
      "id": 970008188,
      "properties": {
        "id": 970008188,
        "name": "ถนน",
        "category": "ถนนสายหลัก",
        "highway": "residential",
        "waterway": null,
        "ref": null
      },
      "geometry": {
        "type": "LineString",
        "coordinates": [
          [
            100.3060644,
            18.2669606
          ],
          [
            100.3072602,
            18.2669645
          ]
        ]
      }
    },
    {
      "type": "Feature",
      "id": 970026080,
      "properties": {
        "id": 970026080,
        "name": "ถนน",
        "category": "ถนนสายหลัก",
        "highway": "residential",
        "waterway": null,
        "ref": null
      },
      "geometry": {
        "type": "LineString",
        "coordinates": [
          [
            100.3064183,
            18.2664544
          ],
          [
            100.3064632,
            18.2663181
          ],
          [
            100.3065383,
            18.2661882
          ],
          [
            100.3066471,
            18.2660453
          ],
          [
            100.3067665,
            18.2659376
          ],
          [
            100.3068629,
            18.2658802
          ],
          [
            100.3069602,
            18.2658697
          ],
          [
            100.3074959,
            18.2659835
          ]
        ]
      }
    },
    {
      "type": "Feature",
      "id": 970038176,
      "properties": {
        "id": 970038176,
        "name": "ถนน",
        "category": "ถนนสายหลัก",
        "highway": "residential",
        "waterway": null,
        "ref": null
      },
      "geometry": {
        "type": "LineString",
        "coordinates": [
          [
            100.3150477,
            18.2584182
          ],
          [
            100.3150168,
            18.258501
          ],
          [
            100.3149833,
            18.2586335
          ],
          [
            100.314986,
            18.2587125
          ],
          [
            100.3150208,
            18.25885
          ],
          [
            100.3151275,
            18.2590097
          ]
        ]
      }
    },
    {
      "type": "Feature",
      "id": 970042663,
      "properties": {
        "id": 970042663,
        "name": "ถนน",
        "category": "ถนนสายหลัก",
        "highway": "residential",
        "waterway": null,
        "ref": null
      },
      "geometry": {
        "type": "LineString",
        "coordinates": [
          [
            100.2959584,
            18.272233
          ],
          [
            100.2960578,
            18.2721831
          ],
          [
            100.2964614,
            18.2721449
          ],
          [
            100.2965135,
            18.2721232
          ],
          [
            100.2965348,
            18.272076
          ],
          [
            100.2965212,
            18.2719614
          ],
          [
            100.2964854,
            18.271542
          ],
          [
            100.2965042,
            18.2710861
          ],
          [
            100.2965149,
            18.2710021
          ],
          [
            100.2965659,
            18.2709129
          ],
          [
            100.2965739,
            18.2708518
          ],
          [
            100.2965756,
            18.2703867
          ],
          [
            100.2965454,
            18.2702726
          ],
          [
            100.2964462,
            18.2701021
          ],
          [
            100.2964256,
            18.2700382
          ],
          [
            100.2964189,
            18.269955
          ],
          [
            100.2964291,
            18.2697388
          ],
          [
            100.296431,
            18.269431
          ],
          [
            100.2964145,
            18.269211
          ],
          [
            100.2963981,
            18.2691117
          ],
          [
            100.2963775,
            18.2690292
          ],
          [
            100.2963167,
            18.2689116
          ],
          [
            100.2962978,
            18.2688479
          ],
          [
            100.296295,
            18.2687862
          ],
          [
            100.2963115,
            18.268625
          ],
          [
            100.2962891,
            18.2683151
          ],
          [
            100.296299,
            18.2682353
          ],
          [
            100.2963179,
            18.2681684
          ],
          [
            100.2963373,
            18.2681043
          ],
          [
            100.2963835,
            18.2679998
          ],
          [
            100.2964296,
            18.2679457
          ],
          [
            100.2965686,
            18.2677747
          ],
          [
            100.2965793,
            18.2677088
          ],
          [
            100.2965686,
            18.2676247
          ],
          [
            100.2964972,
            18.2674888
          ]
        ]
      }
    },
    {
      "type": "Feature",
      "id": 970054927,
      "properties": {
        "id": 970054927,
        "name": "ถนน",
        "category": "ถนนสายหลัก",
        "highway": "residential",
        "waterway": null,
        "ref": null
      },
      "geometry": {
        "type": "LineString",
        "coordinates": [
          [
            100.3019355,
            18.2394768
          ],
          [
            100.301581,
            18.239589
          ],
          [
            100.301406,
            18.239598
          ],
          [
            100.3013431,
            18.2395845
          ],
          [
            100.3011636,
            18.2395127
          ],
          [
            100.3010469,
            18.2394319
          ],
          [
            100.3006969,
            18.239239
          ],
          [
            100.3005174,
            18.2390505
          ],
          [
            100.3002212,
            18.2388126
          ],
          [
            100.3001404,
            18.2387767
          ],
          [
            100.2999788,
            18.2387498
          ],
          [
            100.2996288,
            18.2388126
          ],
          [
            100.2992204,
            18.2389966
          ],
          [
            100.2985871,
            18.2388262
          ],
          [
            100.2984654,
            18.2387932
          ],
          [
            100.2984462,
            18.238779
          ],
          [
            100.2984412,
            18.2387549
          ],
          [
            100.2985349,
            18.2384624
          ],
          [
            100.2985355,
            18.2384206
          ],
          [
            100.2985213,
            18.2383811
          ],
          [
            100.2984889,
            18.238317
          ],
          [
            100.2983183,
            18.2380048
          ],
          [
            100.2980939,
            18.2376503
          ],
          [
            100.2978875,
            18.2373316
          ],
          [
            100.2976137,
            18.2371611
          ],
          [
            100.2973669,
            18.2369636
          ],
          [
            100.2972502,
            18.2368335
          ],
          [
            100.2971911,
            18.2367404
          ],
          [
            100.297147,
            18.2366854
          ],
          [
            100.2970737,
            18.2366477
          ],
          [
            100.2969888,
            18.2366117
          ],
          [
            100.2967251,
            18.2364924
          ],
          [
            100.2966365,
            18.2364435
          ],
          [
            100.296568,
            18.2363892
          ],
          [
            100.2965052,
            18.2363084
          ],
          [
            100.2960968,
            18.2358327
          ],
          [
            100.2960007,
            18.2356766
          ],
          [
            100.2959263,
            18.235523
          ],
          [
            100.2959173,
            18.2354153
          ],
          [
            100.2959308,
            18.23533
          ],
          [
            100.2960385,
            18.2349934
          ],
          [
            100.2960654,
            18.2348364
          ],
          [
            100.296103,
            18.2347384
          ],
          [
            100.2961505,
            18.2346534
          ],
          [
            100.2961292,
            18.2345383
          ],
          [
            100.2961192,
            18.2344235
          ],
          [
            100.296123,
            18.234384
          ],
          [
            100.2961372,
            18.2343427
          ],
          [
            100.2961512,
            18.234312
          ],
          [
            100.2961731,
            18.2342799
          ],
          [
            100.296251,
            18.2342002
          ],
          [
            100.2963316,
            18.2341263
          ],
          [
            100.2963708,
            18.2340943
          ],
          [
            100.2964199,
            18.2340644
          ],
          [
            100.2964631,
            18.2340478
          ],
          [
            100.2965374,
            18.2340335
          ],
          [
            100.2965939,
            18.2340132
          ],
          [
            100.2966497,
            18.2339883
          ],
          [
            100.2967812,
            18.2339092
          ],
          [
            100.2969271,
            18.2338041
          ],
          [
            100.2969781,
            18.2337497
          ],
          [
            100.2970168,
            18.2336964
          ],
          [
            100.2971784,
            18.2334234
          ],
          [
            100.2973312,
            18.233152
          ]
        ]
      }
    },
    {
      "type": "Feature",
      "id": 970054928,
      "properties": {
        "id": 970054928,
        "name": "ถนน",
        "category": "ถนนสายหลัก",
        "highway": "residential",
        "waterway": null,
        "ref": null
      },
      "geometry": {
        "type": "LineString",
        "coordinates": [
          [
            100.3106877,
            18.247797
          ],
          [
            100.3106977,
            18.2476476
          ],
          [
            100.3107077,
            18.2475394
          ],
          [
            100.3107197,
            18.2474882
          ],
          [
            100.3107297,
            18.2474179
          ],
          [
            100.3107277,
            18.2473724
          ],
          [
            100.3107097,
            18.2472642
          ],
          [
            100.3107257,
            18.2472149
          ],
          [
            100.3107636,
            18.247158
          ],
          [
            100.3107796,
            18.2470991
          ],
          [
            100.3107796,
            18.2470308
          ],
          [
            100.3108036,
            18.246824
          ],
          [
            100.310844,
            18.2467144
          ],
          [
            100.3108956,
            18.2466353
          ],
          [
            100.3110773,
            18.2463097
          ],
          [
            100.3111954,
            18.2461173
          ],
          [
            100.3112652,
            18.2459419
          ],
          [
            100.3112693,
            18.2457821
          ],
          [
            100.3112405,
            18.2455327
          ]
        ]
      }
    },
    {
      "type": "Feature",
      "id": 970054929,
      "properties": {
        "id": 970054929,
        "name": "ถนน",
        "category": "ถนนสายหลัก",
        "highway": "residential",
        "waterway": null,
        "ref": null
      },
      "geometry": {
        "type": "LineString",
        "coordinates": [
          [
            100.3270453,
            18.2478913
          ],
          [
            100.3269958,
            18.247932
          ],
          [
            100.3267299,
            18.248335
          ],
          [
            100.3265542,
            18.2487329
          ],
          [
            100.3264737,
            18.2489724
          ],
          [
            100.3263866,
            18.2490839
          ],
          [
            100.3261452,
            18.2492571
          ],
          [
            100.325995,
            18.2495424
          ],
          [
            100.3259762,
            18.2495913
          ],
          [
            100.3259521,
            18.2496347
          ],
          [
            100.3258837,
            18.2497411
          ],
          [
            100.325826,
            18.2498876
          ],
          [
            100.3258193,
            18.2501729
          ],
          [
            100.3258119,
            18.2502627
          ],
          [
            100.3258126,
            18.2503245
          ],
          [
            100.3258059,
            18.2503817
          ],
          [
            100.3257911,
            18.2504124
          ],
          [
            100.3257654,
            18.2504477
          ],
          [
            100.3257441,
            18.2504887
          ],
          [
            100.3256422,
            18.2505855
          ],
          [
            100.3255712,
            18.2506281
          ],
          [
            100.3255323,
            18.2506518
          ],
          [
            100.3255148,
            18.2506861
          ],
          [
            100.3254612,
            18.2507172
          ],
          [
            100.3254196,
            18.2507473
          ],
          [
            100.3253758,
            18.2508233
          ]
        ]
      }
    },
    {
      "type": "Feature",
      "id": 970056999,
      "properties": {
        "id": 970056999,
        "name": "ถนน",
        "category": "ถนนสายหลัก",
        "highway": "residential",
        "waterway": null,
        "ref": null
      },
      "geometry": {
        "type": "LineString",
        "coordinates": [
          [
            100.3029288,
            18.2532729
          ],
          [
            100.3033599,
            18.2529882
          ]
        ]
      }
    },
    {
      "type": "Feature",
      "id": 970057000,
      "properties": {
        "id": 970057000,
        "name": "ถนน",
        "category": "ถนนสายหลัก",
        "highway": "residential",
        "waterway": null,
        "ref": null
      },
      "geometry": {
        "type": "LineString",
        "coordinates": [
          [
            100.3029997,
            18.253591
          ],
          [
            100.3029375,
            18.2533219
          ],
          [
            100.3029288,
            18.2532729
          ],
          [
            100.3027955,
            18.253147
          ]
        ]
      }
    },
    {
      "type": "Feature",
      "id": 970057002,
      "properties": {
        "id": 970057002,
        "name": "ถนน",
        "category": "ถนนสายหลัก",
        "highway": "residential",
        "waterway": null,
        "ref": null
      },
      "geometry": {
        "type": "LineString",
        "coordinates": [
          [
            100.3034965,
            18.2596098
          ],
          [
            100.3037272,
            18.2599773
          ]
        ]
      }
    },
    {
      "type": "Feature",
      "id": 970060212,
      "properties": {
        "id": 970060212,
        "name": "ถนน",
        "category": "ถนนสายหลัก",
        "highway": "service",
        "waterway": null,
        "ref": null
      },
      "geometry": {
        "type": "LineString",
        "coordinates": [
          [
            100.2889699,
            18.2308289
          ],
          [
            100.2888452,
            18.2309423
          ],
          [
            100.2886171,
            18.2312024
          ]
        ]
      }
    },
    {
      "type": "Feature",
      "id": 970079698,
      "properties": {
        "id": 970079698,
        "name": "ถนน",
        "category": "ถนนสายหลัก",
        "highway": "service",
        "waterway": null,
        "ref": null
      },
      "geometry": {
        "type": "LineString",
        "coordinates": [
          [
            100.2805359,
            18.2423027
          ],
          [
            100.2802634,
            18.2423595
          ],
          [
            100.2801535,
            18.2423748
          ],
          [
            100.2799925,
            18.2423799
          ],
          [
            100.2799067,
            18.2424003
          ],
          [
            100.2798649,
            18.2424271
          ],
          [
            100.2798428,
            18.242466
          ],
          [
            100.2798512,
            18.2427001
          ]
        ]
      }
    },
    {
      "type": "Feature",
      "id": 970086945,
      "properties": {
        "id": 970086945,
        "name": "ถนน",
        "category": "ถนนสายหลัก",
        "highway": "service",
        "waterway": null,
        "ref": null
      },
      "geometry": {
        "type": "LineString",
        "coordinates": [
          [
            100.3014274,
            18.2504008
          ],
          [
            100.3009599,
            18.2506867
          ]
        ]
      }
    },
    {
      "type": "Feature",
      "id": 970262480,
      "properties": {
        "id": 970262480,
        "name": "ถนน",
        "category": "ถนนสายหลัก",
        "highway": "residential",
        "waterway": null,
        "ref": null
      },
      "geometry": {
        "type": "LineString",
        "coordinates": [
          [
            100.3100467,
            18.2604292
          ],
          [
            100.3106574,
            18.2598698
          ]
        ]
      }
    },
    {
      "type": "Feature",
      "id": 970265993,
      "properties": {
        "id": 970265993,
        "name": "ถนน",
        "category": "ถนนสายหลัก",
        "highway": "service",
        "waterway": null,
        "ref": null
      },
      "geometry": {
        "type": "LineString",
        "coordinates": [
          [
            100.3199123,
            18.2643544
          ],
          [
            100.3198099,
            18.2644613
          ],
          [
            100.3196381,
            18.2646533
          ],
          [
            100.3194175,
            18.2648317
          ],
          [
            100.3192929,
            18.264917
          ],
          [
            100.3191567,
            18.264972
          ],
          [
            100.3188525,
            18.2650931
          ],
          [
            100.3188066,
            18.2651134
          ],
          [
            100.3187569,
            18.2651607
          ],
          [
            100.31869,
            18.2652714
          ],
          [
            100.318587,
            18.2654165
          ],
          [
            100.318575,
            18.2654898
          ],
          [
            100.3184956,
            18.2656471
          ],
          [
            100.3182713,
            18.2663811
          ],
          [
            100.3182251,
            18.2665891
          ],
          [
            100.3182165,
            18.2666347
          ],
          [
            100.3181925,
            18.2666754
          ]
        ]
      }
    },
    {
      "type": "Feature",
      "id": 970278183,
      "properties": {
        "id": 970278183,
        "name": "ถนน",
        "category": "ถนนสายหลัก",
        "highway": "residential",
        "waterway": null,
        "ref": null
      },
      "geometry": {
        "type": "LineString",
        "coordinates": [
          [
            100.2746479,
            18.2639809
          ],
          [
            100.274812,
            18.2639364
          ],
          [
            100.2748953,
            18.2639122
          ],
          [
            100.2752276,
            18.2639264
          ],
          [
            100.2754663,
            18.2639188
          ],
          [
            100.2757278,
            18.2638946
          ],
          [
            100.2758968,
            18.2638805
          ],
          [
            100.2761154,
            18.2638882
          ],
          [
            100.2765995,
            18.2639366
          ],
          [
            100.2769576,
            18.2639379
          ],
          [
            100.277254,
            18.2639213
          ],
          [
            100.2774256,
            18.2639162
          ],
          [
            100.2775611,
            18.263934
          ],
          [
            100.2776805,
            18.2639672
          ],
          [
            100.277942,
            18.2640983
          ],
          [
            100.2781364,
            18.2641951
          ],
          [
            100.2783202,
            18.2643021
          ],
          [
            100.2784181,
            18.2643288
          ],
          [
            100.2785347,
            18.2643543
          ],
          [
            100.2787627,
            18.2643543
          ],
          [
            100.2788794,
            18.2643428
          ],
          [
            100.2789398,
            18.2643148
          ],
          [
            100.2789666,
            18.264269
          ],
          [
            100.2789813,
            18.2642028
          ],
          [
            100.2790028,
            18.2640945
          ],
          [
            100.2790377,
            18.2638181
          ],
          [
            100.2790591,
            18.2637736
          ],
          [
            100.2791007,
            18.2637239
          ],
          [
            100.2791718,
            18.2637061
          ],
          [
            100.2793032,
            18.2637188
          ],
          [
            100.2793555,
            18.2637112
          ],
          [
            100.2794279,
            18.2636806
          ],
          [
            100.2794614,
            18.2636348
          ],
          [
            100.2794816,
            18.2634807
          ],
          [
            100.2795151,
            18.2634042
          ],
          [
            100.2795768,
            18.2633227
          ],
          [
            100.2796733,
            18.2631928
          ],
          [
            100.2797806,
            18.2630859
          ],
          [
            100.2799389,
            18.263012
          ],
          [
            100.2800596,
            18.2629967
          ],
          [
            100.2801535,
            18.2630298
          ],
          [
            100.2802554,
            18.2631317
          ],
          [
            100.2803922,
            18.2632056
          ],
          [
            100.2807409,
            18.2633075
          ],
          [
            100.2809541,
            18.2633444
          ],
          [
            100.2811056,
            18.2633482
          ],
          [
            100.2812666,
            18.2632654
          ],
          [
            100.2813618,
            18.263189
          ],
          [
            100.2814677,
            18.2631699
          ],
          [
            100.281567,
            18.2631826
          ],
          [
            100.281744,
            18.263245
          ],
          [
            100.2819183,
            18.2632616
          ],
          [
            100.2821168,
            18.2632807
          ],
          [
            100.282267,
            18.2632845
          ],
          [
            100.282369,
            18.2632922
          ],
          [
            100.2825165,
            18.2633253
          ],
          [
            100.2828008,
            18.2633915
          ],
          [
            100.2829671,
            18.2634323
          ],
          [
            100.2830422,
            18.2634297
          ],
          [
            100.2831079,
            18.2633985
          ],
          [
            100.2831227,
            18.2633915
          ],
          [
            100.2831414,
            18.2633253
          ],
          [
            100.2831495,
            18.2632387
          ],
          [
            100.2831253,
            18.2628744
          ],
          [
            100.2831173,
            18.2625688
          ],
          [
            100.2830663,
            18.2622046
          ],
          [
            100.2830341,
            18.2617996
          ],
          [
            100.2830046,
            18.2614302
          ],
          [
            100.282959,
            18.2610889
          ],
          [
            100.2828974,
            18.2609463
          ],
          [
            100.2828544,
            18.2608418
          ],
          [
            100.2827874,
            18.2606967
          ],
          [
            100.2827123,
            18.2606126
          ],
          [
            100.2825782,
            18.2604827
          ],
          [
            100.2824119,
            18.2603426
          ],
          [
            100.2822375,
            18.260172
          ],
          [
            100.2819961,
            18.2598204
          ],
          [
            100.2818137,
            18.2595148
          ],
          [
            100.2816689,
            18.2592575
          ],
          [
            100.2815536,
            18.2589646
          ],
          [
            100.2815294,
            18.2589073
          ],
          [
            100.2814986,
            18.2588774
          ],
          [
            100.2814154,
            18.2588436
          ],
          [
            100.28139,
            18.2588143
          ],
          [
            100.2813846,
            18.2587876
          ],
          [
            100.2813819,
            18.258664
          ],
          [
            100.2813712,
            18.2586347
          ],
          [
            100.2813028,
            18.2585176
          ],
          [
            100.2812599,
            18.2584144
          ],
          [
            100.2812518,
            18.2583316
          ],
          [
            100.2812639,
            18.258273
          ],
          [
            100.2813162,
            18.2582297
          ],
          [
            100.2815576,
            18.2581661
          ],
          [
            100.2817829,
            18.2581431
          ],
          [
            100.2819908,
            18.258096
          ],
          [
            100.2822751,
            18.258026
          ],
          [
            100.2823354,
            18.2579954
          ],
          [
            100.2823392,
            18.2579883
          ],
          [
            100.2823542,
            18.2579597
          ],
          [
            100.2823596,
            18.2578961
          ],
          [
            100.2823462,
            18.2578502
          ],
          [
            100.2822684,
            18.2577088
          ],
          [
            100.2821155,
            18.2574669
          ],
          [
            100.2820659,
            18.2573573
          ],
          [
            100.2820337,
            18.2572402
          ],
          [
            100.2820149,
            18.2571179
          ],
          [
            100.2820015,
            18.2569791
          ],
          [
            100.2819894,
            18.2568046
          ],
          [
            100.2819733,
            18.2566339
          ],
          [
            100.2819706,
            18.2564887
          ],
          [
            100.2819613,
            18.25642
          ],
          [
            100.2819613,
            18.2563053
          ],
          [
            100.2819639,
            18.2560952
          ],
          [
            100.2819639,
            18.2559844
          ],
          [
            100.2819559,
            18.255936
          ],
          [
            100.2819499,
            18.2559175
          ],
          [
            100.2819398,
            18.2559061
          ],
          [
            100.2819123,
            18.255901
          ],
          [
            100.2818788,
            18.2559048
          ],
          [
            100.2818453,
            18.2559175
          ],
          [
            100.2817782,
            18.2559436
          ],
          [
            100.2817192,
            18.2559564
          ],
          [
            100.2814972,
            18.2559704
          ],
          [
            100.2811754,
            18.2559984
          ],
          [
            100.2810292,
            18.256001
          ],
          [
            100.2808817,
            18.2559818
          ],
          [
            100.2807502,
            18.2559475
          ],
          [
            100.2805772,
            18.2559347
          ],
          [
            100.2804284,
            18.2559322
          ],
          [
            100.2802768,
            18.2559424
          ],
          [
            100.2801749,
            18.2559233
          ],
          [
            100.2799885,
            18.255866
          ],
          [
            100.2798316,
            18.2558137
          ],
          [
            100.2797095,
            18.2558035
          ],
          [
            100.2796344,
            18.255801
          ],
          [
            100.2795781,
            18.2558112
          ],
          [
            100.2795379,
            18.2558494
          ],
          [
            100.2794319,
            18.2559526
          ],
          [
            100.2793099,
            18.2561105
          ],
          [
            100.279216,
            18.2562124
          ],
          [
            100.2791436,
            18.2562697
          ],
          [
            100.2788727,
            18.2564811
          ],
          [
            100.2786849,
            18.256653
          ],
          [
            100.2785227,
            18.2568135
          ],
          [
            100.278469,
            18.2568721
          ],
          [
            100.2784234,
            18.2568874
          ],
          [
            100.2783899,
            18.2568925
          ],
          [
            100.2783591,
            18.2568632
          ],
          [
            100.2783564,
            18.2568288
          ],
          [
            100.2783805,
            18.2567244
          ],
          [
            100.2783993,
            18.2566352
          ],
          [
            100.2783859,
            18.2563907
          ],
          [
            100.2783886,
            18.2562429
          ],
          [
            100.27841,
            18.256127
          ],
          [
            100.2784382,
            18.2560392
          ],
          [
            100.2784529,
            18.2559309
          ],
          [
            100.2784502,
            18.2557921
          ],
          [
            100.278465,
            18.2556036
          ],
          [
            100.2784744,
            18.2554839
          ],
          [
            100.2784449,
            18.2552992
          ],
          [
            100.2784462,
            18.2550954
          ],
          [
            100.2784771,
            18.2549388
          ],
          [
            100.2785736,
            18.2546497
          ],
          [
            100.2786715,
            18.2543682
          ],
          [
            100.278744,
            18.254209
          ],
          [
            100.2787895,
            18.2540804
          ],
          [
            100.278803,
            18.2539988
          ],
          [
            100.2787922,
            18.2539301
          ],
          [
            100.2787694,
            18.2538664
          ],
          [
            100.2787037,
            18.2537823
          ],
          [
            100.2786849,
            18.2537314
          ],
          [
            100.2786729,
            18.2535633
          ],
          [
            100.2786769,
            18.2532372
          ],
          [
            100.2786528,
            18.2529901
          ],
          [
            100.2786031,
            18.2526488
          ],
          [
            100.2785549,
            18.2523138
          ],
          [
            100.2785481,
            18.2521152
          ],
          [
            100.2785723,
            18.2520336
          ],
          [
            100.2786125,
            18.2519598
          ],
          [
            100.2786997,
            18.2518311
          ],
          [
            100.2787641,
            18.251677
          ],
          [
            100.2788459,
            18.2514783
          ],
          [
            100.2788807,
            18.2513573
          ],
          [
            100.278874,
            18.2512644
          ],
          [
            100.2788231,
            18.2510619
          ],
          [
            100.2787721,
            18.250937
          ],
          [
            100.2786434,
            18.2507103
          ],
          [
            100.27852,
            18.2504569
          ],
          [
            100.2784248,
            18.2502404
          ],
          [
            100.2783041,
            18.2500684
          ],
          [
            100.2780694,
            18.2498048
          ],
          [
            100.2777103,
            18.2493778
          ]
        ]
      }
    },
    {
      "type": "Feature",
      "id": 970279656,
      "properties": {
        "id": 970279656,
        "name": "ถนน",
        "category": "ถนนสายหลัก",
        "highway": "residential",
        "waterway": null,
        "ref": null
      },
      "geometry": {
        "type": "LineString",
        "coordinates": [
          [
            100.3277775,
            18.2631012
          ],
          [
            100.3277962,
            18.2634195
          ],
          [
            100.3278123,
            18.263687
          ],
          [
            100.3277962,
            18.2637685
          ],
          [
            100.3277452,
            18.2638436
          ],
          [
            100.3276594,
            18.2639417
          ],
          [
            100.3275923,
            18.2640015
          ],
          [
            100.3274864,
            18.2640767
          ]
        ]
      }
    },
    {
      "type": "Feature",
      "id": 970590267,
      "properties": {
        "id": 970590267,
        "name": "ถนน",
        "category": "ถนนสายหลัก",
        "highway": "residential",
        "waterway": null,
        "ref": null
      },
      "geometry": {
        "type": "LineString",
        "coordinates": [
          [
            100.3401062,
            18.2337077
          ],
          [
            100.3402457,
            18.233295
          ],
          [
            100.3403208,
            18.2332084
          ],
          [
            100.34042,
            18.233137
          ],
          [
            100.3405675,
            18.2330861
          ],
          [
            100.3408813,
            18.2330351
          ],
          [
            100.341332,
            18.2330147
          ],
          [
            100.3414527,
            18.2329995
          ],
          [
            100.3415439,
            18.2329536
          ],
          [
            100.3416431,
            18.2328415
          ],
          [
            100.3417557,
            18.2327218
          ],
          [
            100.3418443,
            18.2326759
          ],
          [
            100.3420454,
            18.2326275
          ],
          [
            100.3422546,
            18.2326071
          ],
          [
            100.3423351,
            18.2326403
          ],
          [
            100.342429,
            18.2327218
          ],
          [
            100.3424773,
            18.2328186
          ],
          [
            100.3426328,
            18.2333765
          ],
          [
            100.342665,
            18.2334708
          ],
          [
            100.3427079,
            18.2335293
          ],
          [
            100.3428233,
            18.2335676
          ],
          [
            100.3429413,
            18.2335599
          ],
          [
            100.3430968,
            18.2334962
          ],
          [
            100.3432149,
            18.2334504
          ],
          [
            100.3433141,
            18.2334402
          ],
          [
            100.343518,
            18.2334682
          ],
          [
            100.3437999,
            18.2335477
          ]
        ]
      }
    },
    {
      "type": "Feature",
      "id": 970794588,
      "properties": {
        "id": 970794588,
        "name": "ถนน",
        "category": "ถนนสายหลัก",
        "highway": "service",
        "waterway": null,
        "ref": null
      },
      "geometry": {
        "type": "LineString",
        "coordinates": [
          [
            100.2808936,
            18.2456305
          ],
          [
            100.2804619,
            18.2458055
          ],
          [
            100.2804109,
            18.2458169
          ],
          [
            100.2803788,
            18.2458131
          ],
          [
            100.2803519,
            18.2457915
          ],
          [
            100.2803318,
            18.2457596
          ],
          [
            100.2802379,
            18.2453992
          ],
          [
            100.2801239,
            18.2450642
          ],
          [
            100.2800341,
            18.2447853
          ],
          [
            100.2799965,
            18.244677
          ],
          [
            100.2799912,
            18.2446471
          ],
          [
            100.2799965,
            18.244619
          ],
          [
            100.2800167,
            18.2445942
          ],
          [
            100.2800938,
            18.2445503
          ],
          [
            100.2802286,
            18.2444726
          ],
          [
            100.2802487,
            18.2444484
          ],
          [
            100.2802654,
            18.2444146
          ]
        ]
      }
    },
    {
      "type": "Feature",
      "id": 970796571,
      "properties": {
        "id": 970796571,
        "name": "ถนน",
        "category": "ถนนสายหลัก",
        "highway": "service",
        "waterway": null,
        "ref": null
      },
      "geometry": {
        "type": "LineString",
        "coordinates": [
          [
            100.2975787,
            18.2472698
          ],
          [
            100.2977812,
            18.2471545
          ],
          [
            100.2978348,
            18.2471227
          ],
          [
            100.297857,
            18.2471048
          ],
          [
            100.2978898,
            18.2470743
          ],
          [
            100.2979602,
            18.2469456
          ],
          [
            100.2980045,
            18.2468444
          ],
          [
            100.2980145,
            18.2468259
          ],
          [
            100.2980407,
            18.2468004
          ],
          [
            100.2981064,
            18.2467355
          ],
          [
            100.298205,
            18.2466272
          ],
          [
            100.2982921,
            18.2465183
          ],
          [
            100.2983639,
            18.24644
          ],
          [
            100.2984155,
            18.246398
          ],
          [
            100.29848,
            18.2463698
          ]
        ]
      }
    },
    {
      "type": "Feature",
      "id": 970803828,
      "properties": {
        "id": 970803828,
        "name": "ถนน",
        "category": "ถนนสายหลัก",
        "highway": "residential",
        "waterway": null,
        "ref": null
      },
      "geometry": {
        "type": "LineString",
        "coordinates": [
          [
            100.2863116,
            18.2368809
          ],
          [
            100.2865624,
            18.2371513
          ],
          [
            100.2867592,
            18.2373398
          ],
          [
            100.2868607,
            18.2374416
          ],
          [
            100.2869334,
            18.2375405
          ],
          [
            100.2869855,
            18.2376013
          ],
          [
            100.2870353,
            18.2376348
          ],
          [
            100.2871084,
            18.2376668
          ],
          [
            100.2871849,
            18.237683
          ],
          [
            100.287201,
            18.2376945
          ],
          [
            100.2872244,
            18.2377143
          ],
          [
            100.2872512,
            18.2377506
          ],
          [
            100.2872922,
            18.2378162
          ],
          [
            100.2873243,
            18.2378767
          ],
          [
            100.2873458,
            18.2379454
          ],
          [
            100.2873835,
            18.2380955
          ],
          [
            100.2873925,
            18.2382425
          ],
          [
            100.287398,
            18.2383071
          ],
          [
            100.2874092,
            18.2383473
          ],
          [
            100.2874326,
            18.2383864
          ],
          [
            100.2874693,
            18.2384329
          ],
          [
            100.2876653,
            18.2385768
          ]
        ]
      }
    },
    {
      "type": "Feature",
      "id": 970818093,
      "properties": {
        "id": 970818093,
        "name": "ถนน",
        "category": "ถนนสายหลัก",
        "highway": "service",
        "waterway": null,
        "ref": null
      },
      "geometry": {
        "type": "LineString",
        "coordinates": [
          [
            100.3269121,
            18.2642829
          ],
          [
            100.3271259,
            18.264234
          ]
        ]
      }
    },
    {
      "type": "Feature",
      "id": 970868043,
      "properties": {
        "id": 970868043,
        "name": "ถนน",
        "category": "ถนนสายหลัก",
        "highway": "residential",
        "waterway": null,
        "ref": null
      },
      "geometry": {
        "type": "LineString",
        "coordinates": [
          [
            100.2883239,
            18.2309928
          ],
          [
            100.2890316,
            18.2302252
          ]
        ]
      }
    },
    {
      "type": "Feature",
      "id": 970879060,
      "properties": {
        "id": 970879060,
        "name": "ถนน",
        "category": "ถนนสายหลัก",
        "highway": "residential",
        "waterway": null,
        "ref": null
      },
      "geometry": {
        "type": "LineString",
        "coordinates": [
          [
            100.2904545,
            18.2341204
          ],
          [
            100.2904424,
            18.2344477
          ]
        ]
      }
    },
    {
      "type": "Feature",
      "id": 970879061,
      "properties": {
        "id": 970879061,
        "name": "ถนน",
        "category": "ถนนสายหลัก",
        "highway": "residential",
        "waterway": null,
        "ref": null
      },
      "geometry": {
        "type": "LineString",
        "coordinates": [
          [
            100.2905715,
            18.233297
          ],
          [
            100.2905296,
            18.233835
          ],
          [
            100.2905202,
            18.2338911
          ],
          [
            100.2905028,
            18.2339459
          ],
          [
            100.2904733,
            18.2339968
          ],
          [
            100.2904612,
            18.2340427
          ],
          [
            100.2904545,
            18.2341204
          ]
        ]
      }
    },
    {
      "type": "Feature",
      "id": 970879062,
      "properties": {
        "id": 970879062,
        "name": "ถนน",
        "category": "ถนนสายหลัก",
        "highway": "residential",
        "waterway": null,
        "ref": null
      },
      "geometry": {
        "type": "LineString",
        "coordinates": [
          [
            100.2904424,
            18.2344477
          ],
          [
            100.2904384,
            18.2344936
          ],
          [
            100.2904236,
            18.2345496
          ],
          [
            100.2904049,
            18.2345789
          ],
          [
            100.2903713,
            18.2346235
          ],
          [
            100.2903485,
            18.234663
          ],
          [
            100.2903351,
            18.2347063
          ],
          [
            100.2903056,
            18.2348273
          ]
        ]
      }
    },
    {
      "type": "Feature",
      "id": 970883308,
      "properties": {
        "id": 970883308,
        "name": "ถนน",
        "category": "ถนนสายหลัก",
        "highway": "residential",
        "waterway": null,
        "ref": null
      },
      "geometry": {
        "type": "LineString",
        "coordinates": [
          [
            100.2860878,
            18.234933
          ],
          [
            100.2864104,
            18.2348362
          ],
          [
            100.2867007,
            18.2347139
          ]
        ]
      }
    },
    {
      "type": "Feature",
      "id": 970884069,
      "properties": {
        "id": 970884069,
        "name": "ถนน",
        "category": "ถนนสายหลัก",
        "highway": "residential",
        "waterway": null,
        "ref": null
      },
      "geometry": {
        "type": "LineString",
        "coordinates": [
          [
            100.3091481,
            18.2590458
          ],
          [
            100.309018,
            18.2592359
          ],
          [
            100.3089523,
            18.2593288
          ],
          [
            100.3088303,
            18.2594779
          ],
          [
            100.3087579,
            18.2595428
          ],
          [
            100.3086922,
            18.2595797
          ],
          [
            100.3086647,
            18.2596039
          ],
          [
            100.3086365,
            18.2596421
          ],
          [
            100.3085661,
            18.259772
          ],
          [
            100.3085594,
            18.2598179
          ],
          [
            100.3085621,
            18.2598631
          ],
          [
            100.3085741,
            18.2598943
          ],
          [
            100.3086036,
            18.2599236
          ],
          [
            100.3086754,
            18.2599682
          ],
          [
            100.3087579,
            18.2600083
          ],
          [
            100.3088571,
            18.2600573
          ],
          [
            100.3088973,
            18.260072
          ],
          [
            100.3089275,
            18.2600745
          ],
          [
            100.3089463,
            18.2600701
          ],
          [
            100.3089711,
            18.2600535
          ],
          [
            100.3090348,
            18.2599924
          ],
          [
            100.3091897,
            18.2598485
          ],
          [
            100.3093842,
            18.2596549
          ],
          [
            100.3095344,
            18.2594995
          ],
          [
            100.3096891,
            18.2593508
          ]
        ]
      }
    },
    {
      "type": "Feature",
      "id": 970901026,
      "properties": {
        "id": 970901026,
        "name": "ถนน",
        "category": "ถนนสายหลัก",
        "highway": "residential",
        "waterway": null,
        "ref": null
      },
      "geometry": {
        "type": "LineString",
        "coordinates": [
          [
            100.3099493,
            18.2319211
          ],
          [
            100.3099645,
            18.2320422
          ],
          [
            100.3099953,
            18.2321008
          ],
          [
            100.3100597,
            18.2321632
          ],
          [
            100.3101469,
            18.2322065
          ],
          [
            100.3102086,
            18.2322537
          ],
          [
            100.3102676,
            18.2323212
          ],
          [
            100.3103306,
            18.2323989
          ],
          [
            100.3104191,
            18.2324931
          ],
          [
            100.3104513,
            18.2325568
          ],
          [
            100.3104822,
            18.2326651
          ],
          [
            100.3105693,
            18.2330612
          ],
          [
            100.3106686,
            18.2334765
          ],
          [
            100.3106659,
            18.2334994
          ],
          [
            100.3106518,
            18.2335198
          ],
          [
            100.3106337,
            18.2335363
          ],
          [
            100.3103145,
            18.2336319
          ],
          [
            100.3102723,
            18.2336612
          ],
          [
            100.3102274,
            18.2337007
          ],
          [
            100.3101804,
            18.2337643
          ],
          [
            100.3100691,
            18.2339172
          ],
          [
            100.309994,
            18.2340497
          ],
          [
            100.309931,
            18.2341465
          ],
          [
            100.3098478,
            18.2342573
          ],
          [
            100.3097754,
            18.2343248
          ],
          [
            100.3096762,
            18.2344242
          ],
          [
            100.3096279,
            18.2344878
          ],
          [
            100.3096131,
            18.2345299
          ],
          [
            100.3096158,
            18.2345808
          ],
          [
            100.3096621,
            18.2346267
          ],
          [
            100.3097781,
            18.2346738
          ],
          [
            100.3100798,
            18.2347974
          ],
          [
            100.3101147,
            18.2348413
          ],
          [
            100.3101254,
            18.2348776
          ],
          [
            100.3101227,
            18.2349279
          ],
          [
            100.310116,
            18.2349687
          ],
          [
            100.3101154,
            18.2350241
          ],
          [
            100.3101248,
            18.2350878
          ],
          [
            100.3101536,
            18.2351502
          ],
          [
            100.3102354,
            18.2353222
          ],
          [
            100.3103092,
            18.2354304
          ],
          [
            100.3104218,
            18.2355476
          ],
          [
            100.310513,
            18.2356597
          ],
          [
            100.3105693,
            18.2357769
          ],
          [
            100.3106109,
            18.235903
          ],
          [
            100.3106458,
            18.2359921
          ],
          [
            100.3106887,
            18.2360456
          ],
          [
            100.3107517,
            18.2360826
          ],
          [
            100.3108885,
            18.2361424
          ],
          [
            100.3110173,
            18.2361845
          ],
          [
            100.3111058,
            18.236201
          ],
          [
            100.3111916,
            18.2362049
          ],
          [
            100.3114692,
            18.23621
          ],
          [
            100.31172,
            18.2362252
          ],
          [
            100.3121679,
            18.2362571
          ],
          [
            100.3122336,
            18.2362584
          ],
          [
            100.3123154,
            18.2362443
          ],
          [
            100.312404,
            18.2361998
          ],
          [
            100.3125273,
            18.2361412
          ],
          [
            100.3126641,
            18.2361132
          ],
          [
            100.3128948,
            18.2360928
          ],
          [
            100.3131362,
            18.2360928
          ],
          [
            100.3134554,
            18.2360953
          ],
          [
            100.3138148,
            18.2360851
          ],
          [
            100.3140214,
            18.2360718
          ],
          [
            100.3142536,
            18.2360293
          ],
          [
            100.3143656,
            18.2360346
          ],
          [
            100.3144691,
            18.2360691
          ],
          [
            100.3146566,
            18.2361568
          ],
          [
            100.3149364,
            18.2363109
          ],
          [
            100.3150875,
            18.2364199
          ],
          [
            100.315177,
            18.2365209
          ],
          [
            100.3152833,
            18.2367813
          ],
          [
            100.3153449,
            18.236877
          ],
          [
            100.3155799,
            18.2371029
          ],
          [
            100.3156526,
            18.2371693
          ],
          [
            100.3156862,
            18.2372171
          ],
          [
            100.3156722,
            18.2373394
          ],
          [
            100.315675,
            18.2375786
          ],
          [
            100.3157394,
            18.237924
          ],
          [
            100.3157394,
            18.2380436
          ],
          [
            100.3157142,
            18.2381366
          ],
          [
            100.3156638,
            18.2382456
          ],
          [
            100.3156722,
            18.2383094
          ],
          [
            100.3157002,
            18.2383758
          ],
          [
            100.3157506,
            18.2384236
          ],
          [
            100.3158065,
            18.2384316
          ],
          [
            100.3158933,
            18.2384103
          ],
          [
            100.3161647,
            18.2382668
          ]
        ]
      }
    },
    {
      "type": "Feature",
      "id": 970903156,
      "properties": {
        "id": 970903156,
        "name": "ถนน",
        "category": "ถนนสายหลัก",
        "highway": "residential",
        "waterway": null,
        "ref": null
      },
      "geometry": {
        "type": "LineString",
        "coordinates": [
          [
            100.3153856,
            18.2579564
          ],
          [
            100.3153279,
            18.2581571
          ],
          [
            100.3152823,
            18.258245
          ],
          [
            100.3152314,
            18.2582947
          ],
          [
            100.3151482,
            18.2583469
          ],
          [
            100.3150855,
            18.2583867
          ],
          [
            100.3150661,
            18.2583979
          ],
          [
            100.3150477,
            18.2584182
          ]
        ]
      }
    },
    {
      "type": "Feature",
      "id": 1023157899,
      "properties": {
        "id": 1023157899,
        "name": "ถนน",
        "category": "ถนนสายหลัก",
        "highway": "residential",
        "waterway": null,
        "ref": null
      },
      "geometry": {
        "type": "LineString",
        "coordinates": [
          [
            100.3307964,
            18.2502646
          ],
          [
            100.3308764,
            18.2504164
          ],
          [
            100.3308872,
            18.2505922
          ],
          [
            100.330914,
            18.2506966
          ],
          [
            100.3309462,
            18.250796
          ],
          [
            100.3310186,
            18.2508724
          ],
          [
            100.3311849,
            18.2509819
          ],
          [
            100.3313083,
            18.2510634
          ],
          [
            100.3313968,
            18.2511806
          ],
          [
            100.3314424,
            18.2513487
          ],
          [
            100.3314947,
            18.2516885
          ],
          [
            100.331519,
            18.2518002
          ],
          [
            100.3315483,
            18.2518841
          ],
          [
            100.3316339,
            18.2520072
          ],
          [
            100.331763,
            18.2522082
          ],
          [
            100.3318957,
            18.252388
          ],
          [
            100.3320189,
            18.2525463
          ],
          [
            100.3320665,
            18.2526525
          ],
          [
            100.3320701,
            18.2527389
          ],
          [
            100.3320493,
            18.2528011
          ],
          [
            100.3320028,
            18.2528731
          ],
          [
            100.3318393,
            18.2531573
          ],
          [
            100.3318152,
            18.2532299
          ],
          [
            100.3318061,
            18.2533121
          ],
          [
            100.3318206,
            18.2533789
          ],
          [
            100.3319341,
            18.2535487
          ],
          [
            100.3320672,
            18.2537327
          ],
          [
            100.3322229,
            18.2539215
          ],
          [
            100.3322969,
            18.25399
          ],
          [
            100.3325588,
            18.2541727
          ],
          [
            100.332597,
            18.2542137
          ],
          [
            100.3326065,
            18.2542653
          ],
          [
            100.3326038,
            18.2542934
          ],
          [
            100.332579,
            18.2543687
          ],
          [
            100.3325317,
            18.2544297
          ],
          [
            100.3324856,
            18.2544722
          ],
          [
            100.3323595,
            18.2545362
          ],
          [
            100.3323532,
            18.2545698
          ],
          [
            100.3323716,
            18.2546019
          ],
          [
            100.332577,
            18.2547213
          ],
          [
            100.3328854,
            18.2548614
          ],
          [
            100.3330329,
            18.2549964
          ],
          [
            100.3332159,
            18.2551103
          ],
          [
            100.3332679,
            18.2551191
          ],
          [
            100.3333199,
            18.2551161
          ],
          [
            100.3335078,
            18.2550263
          ],
          [
            100.3335551,
            18.2550019
          ],
          [
            100.3336099,
            18.2550073
          ],
          [
            100.333663,
            18.2550377
          ],
          [
            100.3338303,
            18.2551471
          ],
          [
            100.3338862,
            18.2551696
          ],
          [
            100.3341755,
            18.2552453
          ],
          [
            100.3345891,
            18.2552818
          ],
          [
            100.3347972,
            18.2553408
          ],
          [
            100.3350473,
            18.2554167
          ],
          [
            100.3351174,
            18.2554561
          ],
          [
            100.3351537,
            18.2554582
          ],
          [
            100.3352102,
            18.2554154
          ],
          [
            100.3352793,
            18.2553441
          ],
          [
            100.3355802,
            18.2551191
          ],
          [
            100.3358247,
            18.2550117
          ],
          [
            100.3359004,
            18.2549536
          ],
          [
            100.3360373,
            18.2548231
          ],
          [
            100.3361671,
            18.2547528
          ],
          [
            100.3363145,
            18.2547014
          ],
          [
            100.3364227,
            18.2546331
          ],
          [
            100.336507,
            18.2546127
          ],
          [
            100.336603,
            18.2546041
          ],
          [
            100.336725,
            18.2545608
          ],
          [
            100.3368416,
            18.2545463
          ],
          [
            100.3369609,
            18.2545627
          ],
          [
            100.3371312,
            18.2545964
          ],
          [
            100.337235,
            18.2545992
          ],
          [
            100.3373007,
            18.2545936
          ],
          [
            100.3373523,
            18.2545631
          ],
          [
            100.3373952,
            18.2545242
          ]
        ]
      }
    },
    {
      "type": "Feature",
      "id": 1206046313,
      "properties": {
        "id": 1206046313,
        "name": "ถนน",
        "category": "ถนนสายหลัก",
        "highway": "unclassified",
        "waterway": null,
        "ref": null
      },
      "geometry": {
        "type": "LineString",
        "coordinates": [
          [
            100.2994894,
            18.2244883
          ],
          [
            100.2993912,
            18.2247289
          ],
          [
            100.2993463,
            18.2248036
          ],
          [
            100.2993164,
            18.224864
          ],
          [
            100.2992416,
            18.2249528
          ],
          [
            100.299062,
            18.2251553
          ],
          [
            100.2990246,
            18.2252406
          ],
          [
            100.2990171,
            18.2252975
          ],
          [
            100.2990283,
            18.2254005
          ],
          [
            100.2990433,
            18.2254787
          ],
          [
            100.2990865,
            18.2255553
          ],
          [
            100.299215,
            18.2257383
          ],
          [
            100.299226,
            18.2257888
          ],
          [
            100.2992238,
            18.2258246
          ],
          [
            100.2991972,
            18.2258646
          ],
          [
            100.2991751,
            18.2259045
          ],
          [
            100.2991219,
            18.2259508
          ],
          [
            100.2984862,
            18.2263695
          ],
          [
            100.298433,
            18.2263843
          ],
          [
            100.2983333,
            18.2263969
          ],
          [
            100.2980143,
            18.2264095
          ],
          [
            100.2979457,
            18.2264263
          ],
          [
            100.2978992,
            18.2264474
          ],
          [
            100.2978549,
            18.2264874
          ],
          [
            100.2978128,
            18.2265252
          ],
          [
            100.2977419,
            18.2266094
          ],
          [
            100.2976643,
            18.2267461
          ],
          [
            100.2976333,
            18.2268093
          ],
          [
            100.297589,
            18.2268682
          ],
          [
            100.2975425,
            18.2269082
          ],
          [
            100.297352,
            18.2269755
          ],
          [
            100.2972966,
            18.2270028
          ],
          [
            100.2972257,
            18.2270597
          ],
          [
            100.297084,
            18.2271754
          ],
          [
            100.2970219,
            18.227209
          ],
          [
            100.2968049,
            18.2272953
          ],
          [
            100.296765,
            18.2273248
          ],
          [
            100.2967428,
            18.2273479
          ],
          [
            100.2966875,
            18.227573
          ],
          [
            100.2966587,
            18.2276277
          ],
          [
            100.2966343,
            18.2276782
          ],
          [
            100.29657,
            18.2277708
          ],
          [
            100.2962821,
            18.2280843
          ],
          [
            100.2962378,
            18.2281474
          ],
          [
            100.296209,
            18.2281937
          ],
          [
            100.2961802,
            18.2282884
          ],
          [
            100.296158,
            18.2283747
          ],
          [
            100.2961381,
            18.2284188
          ],
          [
            100.296096,
            18.2284525
          ],
          [
            100.2959276,
            18.2285493
          ],
          [
            100.2958856,
            18.2285851
          ],
          [
            100.2958413,
            18.2286419
          ],
          [
            100.295746,
            18.2288018
          ],
          [
            100.2956618,
            18.228989
          ],
          [
            100.2956352,
            18.2290795
          ],
          [
            100.2956264,
            18.2291342
          ],
          [
            100.2956153,
            18.2293741
          ],
          [
            100.2955909,
            18.229433
          ],
          [
            100.2955666,
            18.2295024
          ],
          [
            100.2955201,
            18.2295824
          ],
          [
            100.2954979,
            18.229635
          ],
          [
            100.2954868,
            18.2297296
          ],
          [
            100.2954979,
            18.2299926
          ],
          [
            100.2954846,
            18.2300705
          ],
          [
            100.2954625,
            18.2301336
          ],
          [
            100.2952808,
            18.2304597
          ],
          [
            100.2952329,
            18.2305116
          ],
          [
            100.2950049,
            18.2305817
          ]
        ]
      }
    },
    {
      "type": "Feature",
      "id": 1206046314,
      "properties": {
        "id": 1206046314,
        "name": "ถนน",
        "category": "ถนนสายหลัก",
        "highway": "unclassified",
        "waterway": null,
        "ref": null
      },
      "geometry": {
        "type": "LineString",
        "coordinates": [
          [
            100.2962378,
            18.2281474
          ],
          [
            100.2964065,
            18.2281568
          ],
          [
            100.2965002,
            18.2281702
          ],
          [
            100.2965627,
            18.2281791
          ],
          [
            100.2968969,
            18.228326
          ],
          [
            100.2969344,
            18.2283541
          ],
          [
            100.2971125,
            18.2285797
          ],
          [
            100.2971297,
            18.2286257
          ],
          [
            100.2971234,
            18.2286954
          ],
          [
            100.2970453,
            18.2292161
          ],
          [
            100.2970485,
            18.2292414
          ],
          [
            100.2970547,
            18.2292681
          ],
          [
            100.2970781,
            18.2292903
          ],
          [
            100.2973296,
            18.2294164
          ],
          [
            100.297414,
            18.2294921
          ],
          [
            100.2974733,
            18.2295247
          ],
          [
            100.2975358,
            18.2295544
          ],
          [
            100.2975811,
            18.2295707
          ],
          [
            100.2976373,
            18.2295781
          ],
          [
            100.297717,
            18.2295781
          ],
          [
            100.2978966,
            18.2295722
          ],
          [
            100.297931,
            18.2295826
          ],
          [
            100.2979529,
            18.2296019
          ],
          [
            100.2979841,
            18.2296271
          ],
          [
            100.2981606,
            18.2299505
          ],
          [
            100.2983887,
            18.2303585
          ],
          [
            100.2984824,
            18.2305573
          ],
          [
            100.2985199,
            18.2306671
          ],
          [
            100.2985355,
            18.2307472
          ],
          [
            100.2985636,
            18.230814
          ],
          [
            100.2986027,
            18.2308897
          ],
          [
            100.2987511,
            18.2311093
          ],
          [
            100.2989338,
            18.2313956
          ],
          [
            100.2989573,
            18.2314223
          ],
          [
            100.2989885,
            18.2314282
          ],
          [
            100.2990229,
            18.2314149
          ],
          [
            100.2990541,
            18.2313837
          ],
          [
            100.2991119,
            18.2313125
          ],
          [
            100.2991275,
            18.2313051
          ],
          [
            100.2991603,
            18.2312947
          ],
          [
            100.3006126,
            18.2320728
          ]
        ]
      }
    },
    {
      "type": "Feature",
      "id": 1206072489,
      "properties": {
        "id": 1206072489,
        "name": "ถนน",
        "category": "ถนนสายหลัก",
        "highway": "track",
        "waterway": null,
        "ref": null
      },
      "geometry": {
        "type": "LineString",
        "coordinates": [
          [
            100.2867797,
            18.2321543
          ],
          [
            100.2867622,
            18.2321388
          ],
          [
            100.286716,
            18.232087
          ],
          [
            100.2866879,
            18.2320556
          ],
          [
            100.2866499,
            18.2320384
          ],
          [
            100.2866053,
            18.2320289
          ],
          [
            100.2860783,
            18.2320227
          ],
          [
            100.2859544,
            18.2320258
          ],
          [
            100.2859147,
            18.2320227
          ],
          [
            100.2858965,
            18.2320007
          ],
          [
            100.2858701,
            18.2319615
          ],
          [
            100.2858404,
            18.2319364
          ],
          [
            100.285804,
            18.231916
          ],
          [
            100.2857611,
            18.2319144
          ],
          [
            100.2857346,
            18.231916
          ],
          [
            100.285652,
            18.2319269
          ],
          [
            100.2855133,
            18.2319222
          ],
          [
            100.2854753,
            18.2319285
          ],
          [
            100.2854538,
            18.2319411
          ],
          [
            100.2854373,
            18.2319615
          ],
          [
            100.285429,
            18.2319834
          ],
          [
            100.2854108,
            18.2320117
          ],
          [
            100.2853965,
            18.2320179
          ]
        ]
      }
    },
    {
      "type": "Feature",
      "id": 1207915901,
      "properties": {
        "id": 1207915901,
        "name": "ถนน",
        "category": "ถนนสายหลัก",
        "highway": "track",
        "waterway": null,
        "ref": null
      },
      "geometry": {
        "type": "LineString",
        "coordinates": [
          [
            100.2783312,
            18.2393758
          ],
          [
            100.2783384,
            18.2394247
          ],
          [
            100.2783757,
            18.2394652
          ],
          [
            100.2795894,
            18.2400428
          ],
          [
            100.2796587,
            18.240058
          ],
          [
            100.279688,
            18.2400631
          ],
          [
            100.2797787,
            18.2400682
          ],
          [
            100.2801628,
            18.2400555
          ],
          [
            100.2802242,
            18.240058
          ],
          [
            100.2802695,
            18.2400707
          ],
          [
            100.2805816,
            18.2401746
          ],
          [
            100.2806776,
            18.2402075
          ],
          [
            100.280763,
            18.2402227
          ],
          [
            100.2810271,
            18.2402126
          ],
          [
            100.2810751,
            18.2402126
          ],
          [
            100.2811204,
            18.2402404
          ],
          [
            100.2812138,
            18.2403418
          ],
          [
            100.2812885,
            18.2403772
          ],
          [
            100.2813312,
            18.2404178
          ],
          [
            100.2813632,
            18.2404659
          ],
          [
            100.2814485,
            18.2406306
          ],
          [
            100.2814805,
            18.2406584
          ],
          [
            100.2815152,
            18.2406914
          ],
          [
            100.2816086,
            18.2407294
          ],
          [
            100.2816752,
            18.240775
          ],
          [
            100.2817114,
            18.2408597
          ]
        ]
      }
    },
    {
      "type": "Feature",
      "id": 1207915902,
      "properties": {
        "id": 1207915902,
        "name": "ถนน",
        "category": "ถนนสายหลัก",
        "highway": "track",
        "waterway": null,
        "ref": null
      },
      "geometry": {
        "type": "LineString",
        "coordinates": [
          [
            100.2811204,
            18.2402404
          ],
          [
            100.2811101,
            18.2401879
          ],
          [
            100.2811138,
            18.240154
          ],
          [
            100.2811157,
            18.2401236
          ],
          [
            100.2811514,
            18.2400557
          ],
          [
            100.2812173,
            18.2399789
          ],
          [
            100.2812982,
            18.2399075
          ],
          [
            100.2813076,
            18.2398735
          ],
          [
            100.2813113,
            18.2398449
          ],
          [
            100.2812888,
            18.2397931
          ],
          [
            100.2811684,
            18.2396324
          ],
          [
            100.2811251,
            18.2395966
          ],
          [
            100.2810198,
            18.2395448
          ],
          [
            100.280717,
            18.2394609
          ],
          [
            100.2806323,
            18.2394573
          ],
          [
            100.2805759,
            18.2394448
          ],
          [
            100.2804329,
            18.2394269
          ],
          [
            100.2803539,
            18.2394108
          ],
          [
            100.2802317,
            18.2393733
          ],
          [
            100.2798856,
            18.2393394
          ],
          [
            100.2791502,
            18.2392483
          ]
        ]
      }
    },
    {
      "type": "Feature",
      "id": 1207926507,
      "properties": {
        "id": 1207926507,
        "name": "ถนน",
        "category": "ถนนสายหลัก",
        "highway": "track",
        "waterway": null,
        "ref": null
      },
      "geometry": {
        "type": "LineString",
        "coordinates": [
          [
            100.2860911,
            18.2371638
          ],
          [
            100.2858884,
            18.2371801
          ],
          [
            100.2858052,
            18.2371513
          ],
          [
            100.2857258,
            18.2371118
          ],
          [
            100.2855366,
            18.236986
          ],
          [
            100.2854194,
            18.2369537
          ],
          [
            100.2851508,
            18.2368639
          ],
          [
            100.2850638,
            18.236792
          ],
          [
            100.2847158,
            18.2363932
          ],
          [
            100.2845947,
            18.2363358
          ],
          [
            100.2844888,
            18.2362783
          ],
          [
            100.2840879,
            18.2362028
          ],
          [
            100.283789,
            18.2360951
          ],
          [
            100.2833918,
            18.2359406
          ],
          [
            100.2829657,
            18.2357612
          ],
          [
            100.2824955,
            18.2355594
          ],
          [
            100.2819226,
            18.2353629
          ],
          [
            100.2816982,
            18.2352807
          ],
          [
            100.2816607,
            18.2352526
          ],
          [
            100.2816273,
            18.2352177
          ],
          [
            100.2815972,
            18.2351807
          ],
          [
            100.2815883,
            18.2351426
          ],
          [
            100.2816028,
            18.2350802
          ],
          [
            100.2816395,
            18.2349934
          ],
          [
            100.2816919,
            18.2347777
          ],
          [
            100.2817765,
            18.2345597
          ],
          [
            100.2817821,
            18.2345195
          ],
          [
            100.281781,
            18.2344963
          ],
          [
            100.2817698,
            18.2344645
          ],
          [
            100.2817175,
            18.2344455
          ],
          [
            100.2814858,
            18.2343397
          ],
          [
            100.2814333,
            18.234315
          ],
          [
            100.2814111,
            18.2342833
          ],
          [
            100.2813108,
            18.2340928
          ],
          [
            100.2812652,
            18.2339416
          ],
          [
            100.2812429,
            18.2338178
          ],
          [
            100.2812039,
            18.2335047
          ],
          [
            100.2811861,
            18.2334433
          ],
          [
            100.2811192,
            18.2333465
          ],
          [
            100.2810603,
            18.2332382
          ],
          [
            100.2810445,
            18.2331797
          ],
          [
            100.2810271,
            18.2330462
          ],
          [
            100.2810113,
            18.2330222
          ],
          [
            100.2809039,
            18.2328196
          ],
          [
            100.2808992,
            18.2327821
          ],
          [
            100.2809071,
            18.2326066
          ],
          [
            100.2809103,
            18.2325481
          ],
          [
            100.2809071,
            18.2324896
          ],
          [
            100.2808897,
            18.2324431
          ],
          [
            100.2808708,
            18.2324011
          ],
          [
            100.2808344,
            18.2323546
          ],
          [
            100.2807934,
            18.2323381
          ],
          [
            100.2807476,
            18.2323306
          ],
          [
            100.2806671,
            18.2323377
          ],
          [
            100.280577,
            18.2323456
          ],
          [
            100.2805501,
            18.2323441
          ],
          [
            100.2805028,
            18.2323156
          ],
          [
            100.2804901,
            18.2322916
          ],
          [
            100.2804712,
            18.2322616
          ],
          [
            100.2804791,
            18.2322091
          ],
          [
            100.2804917,
            18.2321461
          ],
          [
            100.2804743,
            18.2321131
          ],
          [
            100.2804459,
            18.2320921
          ],
          [
            100.2804048,
            18.2320711
          ],
          [
            100.2802974,
            18.2320711
          ],
          [
            100.2802722,
            18.2320621
          ],
          [
            100.2802422,
            18.2320321
          ],
          [
            100.28019,
            18.2319661
          ],
          [
            100.28016,
            18.2319526
          ],
          [
            100.2800889,
            18.2319181
          ],
          [
            100.279852,
            18.2317395
          ],
          [
            100.2796815,
            18.231627
          ],
          [
            100.2796262,
            18.2315685
          ],
          [
            100.2795993,
            18.231537
          ],
          [
            100.2795662,
            18.2314755
          ],
          [
            100.2795235,
            18.231378
          ],
          [
            100.279473,
            18.2312295
          ],
          [
            100.2794351,
            18.2311245
          ],
          [
            100.2793798,
            18.231027
          ],
          [
            100.2793371,
            18.2309789
          ],
          [
            100.2792045,
            18.2307104
          ],
          [
            100.2791555,
            18.2306504
          ],
          [
            100.2791018,
            18.2306174
          ],
          [
            100.2790465,
            18.2305754
          ],
          [
            100.2790118,
            18.2305409
          ],
          [
            100.2787654,
            18.2302694
          ],
          [
            100.2787433,
            18.2302184
          ],
          [
            100.278699,
            18.2301314
          ],
          [
            100.2786548,
            18.2300608
          ],
          [
            100.2785411,
            18.2299138
          ],
          [
            100.2785269,
            18.2298778
          ]
        ]
      }
    },
    {
      "type": "Feature",
      "id": 1207926508,
      "properties": {
        "id": 1207926508,
        "name": "ถนน",
        "category": "ถนนสายหลัก",
        "highway": "track",
        "waterway": null,
        "ref": null
      },
      "geometry": {
        "type": "LineString",
        "coordinates": [
          [
            100.2811192,
            18.2333465
          ],
          [
            100.280925,
            18.2334383
          ],
          [
            100.2808918,
            18.2334488
          ],
          [
            100.2808397,
            18.2334533
          ],
          [
            100.2807891,
            18.2334413
          ],
          [
            100.2805917,
            18.2333032
          ],
          [
            100.2802505,
            18.2333197
          ],
          [
            100.2799457,
            18.2333047
          ],
          [
            100.2799204,
            18.2332987
          ],
          [
            100.2799094,
            18.2332852
          ],
          [
            100.2798936,
            18.2332672
          ],
          [
            100.2798825,
            18.2332192
          ],
          [
            100.279862,
            18.2330272
          ],
          [
            100.2798892,
            18.2329748
          ],
          [
            100.2799223,
            18.2329598
          ],
          [
            100.2800392,
            18.2329133
          ],
          [
            100.2801498,
            18.2328893
          ],
          [
            100.2802224,
            18.2328548
          ],
          [
            100.2802793,
            18.2327648
          ],
          [
            100.2803093,
            18.2327483
          ],
          [
            100.2804514,
            18.2326763
          ],
          [
            100.2805162,
            18.2325998
          ],
          [
            100.2806505,
            18.2324093
          ],
          [
            100.2806671,
            18.2323377
          ]
        ]
      }
    },
    {
      "type": "Feature",
      "id": 1207926509,
      "properties": {
        "id": 1207926509,
        "name": "ถนน",
        "category": "ถนนสายหลัก",
        "highway": "track",
        "waterway": null,
        "ref": null
      },
      "geometry": {
        "type": "LineString",
        "coordinates": [
          [
            100.2814858,
            18.2343397
          ],
          [
            100.2813828,
            18.2344129
          ],
          [
            100.2811812,
            18.234549
          ],
          [
            100.28089,
            18.2346894
          ],
          [
            100.2808363,
            18.2347171
          ],
          [
            100.2805966,
            18.2349554
          ],
          [
            100.2805473,
            18.2350022
          ],
          [
            100.2804107,
            18.2350256
          ],
          [
            100.2803502,
            18.2350234
          ],
          [
            100.2803211,
            18.2350043
          ],
          [
            100.2802046,
            18.2348511
          ],
          [
            100.2801486,
            18.2348192
          ],
          [
            100.2799112,
            18.2347277
          ],
          [
            100.2798462,
            18.2347001
          ],
          [
            100.2797163,
            18.2344831
          ],
          [
            100.2796334,
            18.2342916
          ],
          [
            100.2795595,
            18.2340725
          ]
        ]
      }
    },
    {
      "type": "Feature",
      "id": 1207926510,
      "properties": {
        "id": 1207926510,
        "name": "ถนน",
        "category": "ถนนสายหลัก",
        "highway": "track",
        "waterway": null,
        "ref": null
      },
      "geometry": {
        "type": "LineString",
        "coordinates": [
          [
            100.28126,
            18.2410159
          ],
          [
            100.2812669,
            18.2411434
          ],
          [
            100.2813478,
            18.2417775
          ],
          [
            100.2814004,
            18.2419312
          ],
          [
            100.2814362,
            18.2423599
          ]
        ]
      }
    },
    {
      "type": "Feature",
      "id": 1207937188,
      "properties": {
        "id": 1207937188,
        "name": "ถนน",
        "category": "ถนนสายหลัก",
        "highway": "track",
        "waterway": null,
        "ref": null
      },
      "geometry": {
        "type": "LineString",
        "coordinates": [
          [
            100.2860911,
            18.2371638
          ],
          [
            100.286394,
            18.2374393
          ],
          [
            100.2868204,
            18.2377894
          ],
          [
            100.2870627,
            18.2379734
          ],
          [
            100.287139,
            18.2380856
          ],
          [
            100.287183,
            18.2381869
          ],
          [
            100.287249,
            18.2383412
          ],
          [
            100.2873579,
            18.2384843
          ],
          [
            100.287498,
            18.2387056
          ],
          [
            100.2875514,
            18.2387806
          ],
          [
            100.2876412,
            18.2388745
          ],
          [
            100.2877551,
            18.2389617
          ],
          [
            100.2879159,
            18.2390614
          ],
          [
            100.2880682,
            18.2391852
          ],
          [
            100.2881237,
            18.2392223
          ],
          [
            100.2881598,
            18.2392668
          ],
          [
            100.2881924,
            18.2393089
          ],
          [
            100.2882057,
            18.2393692
          ],
          [
            100.2882135,
            18.2394168
          ],
          [
            100.2881946,
            18.2394972
          ]
        ]
      }
    },
    {
      "type": "Feature",
      "id": 1207937189,
      "properties": {
        "id": 1207937189,
        "name": "ถนน",
        "category": "ถนนสายหลัก",
        "highway": "track",
        "waterway": null,
        "ref": null
      },
      "geometry": {
        "type": "LineString",
        "coordinates": [
          [
            100.2853035,
            18.2388665
          ],
          [
            100.2853731,
            18.2390218
          ],
          [
            100.2854858,
            18.2393851
          ],
          [
            100.2855067,
            18.2394523
          ],
          [
            100.2855763,
            18.2397346
          ],
          [
            100.2856252,
            18.2398811
          ],
          [
            100.2856797,
            18.2399615
          ],
          [
            100.2858038,
            18.2401187
          ],
          [
            100.2858264,
            18.2401794
          ],
          [
            100.2859449,
            18.2405778
          ],
          [
            100.2860107,
            18.2407653
          ],
          [
            100.2860615,
            18.2409315
          ],
          [
            100.2861499,
            18.2410565
          ],
          [
            100.2862553,
            18.241228
          ],
          [
            100.2862703,
            18.2412941
          ],
          [
            100.2862741,
            18.2413656
          ],
          [
            100.2862665,
            18.2414513
          ],
          [
            100.2862421,
            18.2415656
          ],
          [
            100.2862175,
            18.2419071
          ]
        ]
      }
    },
    {
      "type": "Feature",
      "id": 1207937190,
      "properties": {
        "id": 1207937190,
        "name": "ถนน",
        "category": "ถนนสายหลัก",
        "highway": "track",
        "waterway": null,
        "ref": null
      },
      "geometry": {
        "type": "LineString",
        "coordinates": [
          [
            100.2862665,
            18.2414513
          ],
          [
            100.2864765,
            18.2414186
          ],
          [
            100.2865945,
            18.2413985
          ],
          [
            100.2869473,
            18.2413456
          ],
          [
            100.2871608,
            18.2413065
          ],
          [
            100.2876012,
            18.2412536
          ],
          [
            100.2876224,
            18.2412473
          ],
          [
            100.2876476,
            18.2412284
          ],
          [
            100.2876648,
            18.2411932
          ],
          [
            100.287641,
            18.2411554
          ],
          [
            100.2875388,
            18.2410067
          ],
          [
            100.2875136,
            18.2409677
          ],
          [
            100.2874672,
            18.2408354
          ],
          [
            100.2874672,
            18.24078
          ],
          [
            100.2874831,
            18.2407485
          ],
          [
            100.2876569,
            18.2406238
          ],
          [
            100.2876675,
            18.2406036
          ],
          [
            100.2876701,
            18.2405709
          ],
          [
            100.2876078,
            18.2404877
          ],
          [
            100.2876038,
            18.2404663
          ],
          [
            100.2876847,
            18.2403857
          ]
        ]
      }
    },
    {
      "type": "Feature",
      "id": 1207937191,
      "properties": {
        "id": 1207937191,
        "name": "ถนน",
        "category": "ถนนสายหลัก",
        "highway": "track",
        "waterway": null,
        "ref": null
      },
      "geometry": {
        "type": "LineString",
        "coordinates": [
          [
            100.2861499,
            18.2410565
          ],
          [
            100.2866518,
            18.2409581
          ],
          [
            100.2867022,
            18.2409581
          ],
          [
            100.286742,
            18.2409581
          ],
          [
            100.2867818,
            18.2409682
          ],
          [
            100.2868282,
            18.2409934
          ],
          [
            100.286872,
            18.2410249
          ],
          [
            100.2868879,
            18.2410551
          ],
          [
            100.2869473,
            18.2413456
          ]
        ]
      }
    },
    {
      "type": "Feature",
      "id": 1207937192,
      "properties": {
        "id": 1207937192,
        "name": "ถนน",
        "category": "ถนนสายหลัก",
        "highway": "track",
        "waterway": null,
        "ref": null
      },
      "geometry": {
        "type": "LineString",
        "coordinates": [
          [
            100.2886931,
            18.2415586
          ],
          [
            100.2886348,
            18.2413306
          ],
          [
            100.2885963,
            18.2412235
          ],
          [
            100.2885791,
            18.2411895
          ],
          [
            100.2885565,
            18.2411694
          ],
          [
            100.28853,
            18.2411593
          ],
          [
            100.2885035,
            18.2411568
          ],
          [
            100.2883695,
            18.2411795
          ],
          [
            100.2882541,
            18.2411782
          ],
          [
            100.288205,
            18.2411832
          ],
          [
            100.2881162,
            18.2412084
          ],
          [
            100.288083,
            18.2412072
          ],
          [
            100.2880446,
            18.2411983
          ],
          [
            100.2880087,
            18.2411757
          ],
          [
            100.2879636,
            18.2411354
          ],
          [
            100.2879278,
            18.2410912
          ],
          [
            100.2878695,
            18.2408935
          ],
          [
            100.2878201,
            18.2407051
          ],
          [
            100.2877731,
            18.2405753
          ],
          [
            100.2876847,
            18.2403857
          ],
          [
            100.2875916,
            18.2401754
          ],
          [
            100.2874819,
            18.2399435
          ],
          [
            100.287455,
            18.2398776
          ],
          [
            100.2874752,
            18.2398371
          ],
          [
            100.2875088,
            18.2397967
          ],
          [
            100.2878082,
            18.2396889
          ],
          [
            100.2878515,
            18.2396733
          ],
          [
            100.2880239,
            18.2396095
          ],
          [
            100.2880598,
            18.239567
          ],
          [
            100.2881946,
            18.2394972
          ],
          [
            100.2883645,
            18.2394677
          ],
          [
            100.2884182,
            18.2394592
          ],
          [
            100.2885145,
            18.2394656
          ],
          [
            100.2885705,
            18.239489
          ],
          [
            100.2886176,
            18.2395422
          ],
          [
            100.2886848,
            18.239706
          ],
          [
            100.288696,
            18.2397996
          ],
          [
            100.2887027,
            18.2399038
          ],
          [
            100.2886982,
            18.2399868
          ],
          [
            100.2886713,
            18.2400634
          ],
          [
            100.2886198,
            18.2402038
          ],
          [
            100.2886131,
            18.2403485
          ],
          [
            100.2886512,
            18.2404612
          ],
          [
            100.288743,
            18.2405846
          ],
          [
            100.2888102,
            18.2407122
          ],
          [
            100.2889065,
            18.2409547
          ]
        ]
      }
    },
    {
      "type": "Feature",
      "id": 1207937194,
      "properties": {
        "id": 1207937194,
        "name": "ถนน",
        "category": "ถนนสายหลัก",
        "highway": "track",
        "waterway": null,
        "ref": null
      },
      "geometry": {
        "type": "LineString",
        "coordinates": [
          [
            100.2854858,
            18.2393851
          ],
          [
            100.2856993,
            18.2393633
          ],
          [
            100.2858916,
            18.2393596
          ],
          [
            100.2861595,
            18.2393129
          ],
          [
            100.2862285,
            18.2392852
          ],
          [
            100.2863041,
            18.2392487
          ],
          [
            100.2866078,
            18.2391794
          ],
          [
            100.2866635,
            18.239153
          ],
          [
            100.2867444,
            18.2390988
          ],
          [
            100.2870123,
            18.2389955
          ],
          [
            100.2871688,
            18.2389376
          ],
          [
            100.2872086,
            18.2389514
          ],
          [
            100.2875521,
            18.2392915
          ],
          [
            100.2877047,
            18.2394238
          ],
          [
            100.2877312,
            18.2394528
          ],
          [
            100.2877804,
            18.2396037
          ],
          [
            100.2878082,
            18.2396889
          ]
        ]
      }
    },
    {
      "type": "Feature",
      "id": 1207937195,
      "properties": {
        "id": 1207937195,
        "name": "ถนน",
        "category": "ถนนสายหลัก",
        "highway": "track",
        "waterway": null,
        "ref": null
      },
      "geometry": {
        "type": "LineString",
        "coordinates": [
          [
            100.2856993,
            18.2393633
          ],
          [
            100.285739,
            18.2394897
          ],
          [
            100.285739,
            18.2395312
          ],
          [
            100.2857284,
            18.2395791
          ],
          [
            100.2857178,
            18.2396093
          ],
          [
            100.2856899,
            18.2396408
          ],
          [
            100.2856621,
            18.2396622
          ],
          [
            100.2856475,
            18.2397051
          ],
          [
            100.2856515,
            18.2397655
          ],
          [
            100.2856687,
            18.2398436
          ],
          [
            100.2857218,
            18.2399293
          ],
          [
            100.2857496,
            18.2399608
          ],
          [
            100.2857775,
            18.2399608
          ],
          [
            100.2864406,
            18.239792
          ],
          [
            100.2864698,
            18.2397756
          ],
          [
            100.2866077,
            18.2396522
          ],
          [
            100.2866369,
            18.2396383
          ],
          [
            100.2867059,
            18.2396194
          ],
          [
            100.2867563,
            18.239598
          ],
          [
            100.2869804,
            18.2394116
          ],
          [
            100.2869937,
            18.2394053
          ],
          [
            100.2870123,
            18.2394116
          ],
          [
            100.287117,
            18.2395476
          ],
          [
            100.2871794,
            18.2396144
          ],
          [
            100.2872099,
            18.2396307
          ],
          [
            100.2875335,
            18.2396433
          ],
          [
            100.2877804,
            18.2396037
          ]
        ]
      }
    },
    {
      "type": "Feature",
      "id": 1207937196,
      "properties": {
        "id": 1207937196,
        "name": "ถนน",
        "category": "ถนนสายหลัก",
        "highway": "track",
        "waterway": null,
        "ref": null
      },
      "geometry": {
        "type": "LineString",
        "coordinates": [
          [
            100.2951029,
            18.2405932
          ],
          [
            100.2951452,
            18.2405176
          ],
          [
            100.2951775,
            18.2404372
          ],
          [
            100.2951975,
            18.2403643
          ],
          [
            100.2952065,
            18.2402902
          ],
          [
            100.2951964,
            18.2402003
          ],
          [
            100.2951886,
            18.2401305
          ],
          [
            100.2951797,
            18.2400882
          ],
          [
            100.2951853,
            18.2400596
          ],
          [
            100.2952621,
            18.2399496
          ],
          [
            100.2954348,
            18.2397603
          ],
          [
            100.2954849,
            18.239719
          ],
          [
            100.2955473,
            18.2396799
          ],
          [
            100.2957221,
            18.2396079
          ],
          [
            100.2957578,
            18.2396016
          ],
          [
            100.2957867,
            18.2395995
          ],
          [
            100.2958368,
            18.2396175
          ],
          [
            100.2959259,
            18.2396894
          ],
          [
            100.2959738,
            18.2397105
          ],
          [
            100.2960184,
            18.2397127
          ],
          [
            100.2960518,
            18.239701
          ],
          [
            100.2961698,
            18.2396111
          ],
          [
            100.2965184,
            18.2394101
          ],
          [
            100.2965474,
            18.2393869
          ],
          [
            100.296563,
            18.2393668
          ],
          [
            100.296563,
            18.2393414
          ],
          [
            100.2965418,
            18.239262
          ],
          [
            100.2965418,
            18.2392293
          ],
          [
            100.2965552,
            18.2391986
          ],
          [
            100.2965864,
            18.2391764
          ],
          [
            100.2968336,
            18.2390346
          ],
          [
            100.2970029,
            18.2388876
          ],
          [
            100.2971187,
            18.2387812
          ],
          [
            100.2971724,
            18.238762
          ],
          [
            100.2972419,
            18.238762
          ],
          [
            100.2976294,
            18.2388875
          ],
          [
            100.2976562,
            18.2389194
          ],
          [
            100.2977033,
            18.2391364
          ],
          [
            100.2977212,
            18.2391747
          ],
          [
            100.2978332,
            18.2393087
          ],
          [
            100.2978645,
            18.2393236
          ],
          [
            100.2982274,
            18.2394194
          ],
          [
            100.2986328,
            18.2395045
          ],
          [
            100.298971,
            18.2395895
          ],
          [
            100.2989934,
            18.2396108
          ],
          [
            100.2990181,
            18.239647
          ],
          [
            100.299027,
            18.239698
          ],
          [
            100.2990338,
            18.2399257
          ],
          [
            100.299101,
            18.2402065
          ],
          [
            100.2990942,
            18.2402426
          ],
          [
            100.299083,
            18.2402767
          ],
          [
            100.2990629,
            18.2403086
          ],
          [
            100.2990427,
            18.2403277
          ],
          [
            100.2990091,
            18.2403533
          ],
          [
            100.2989374,
            18.2403767
          ],
          [
            100.2988837,
            18.2403809
          ],
          [
            100.2988053,
            18.2403809
          ],
          [
            100.2987426,
            18.240366
          ],
          [
            100.2986933,
            18.2403596
          ],
          [
            100.2986507,
            18.2403511
          ],
          [
            100.2986144,
            18.2403563
          ],
          [
            100.2985676,
            18.2403785
          ],
          [
            100.2984105,
            18.240398
          ],
          [
            100.2982422,
            18.2404282
          ],
          [
            100.2981804,
            18.2404558
          ],
          [
            100.2981477,
            18.2404762
          ],
          [
            100.2979616,
            18.2406476
          ],
          [
            100.2978727,
            18.2408226
          ],
          [
            100.2978643,
            18.2408555
          ],
          [
            100.2978634,
            18.2408972
          ],
          [
            100.2978662,
            18.2409257
          ],
          [
            100.2978727,
            18.2409523
          ],
          [
            100.2978868,
            18.2409727
          ],
          [
            100.2980571,
            18.2410956
          ],
          [
            100.2981888,
            18.2411616
          ],
          [
            100.2984182,
            18.2412295
          ],
          [
            100.2985931,
            18.2412956
          ],
          [
            100.2986251,
            18.2413278
          ],
          [
            100.2986872,
            18.2413778
          ],
          [
            100.2988696,
            18.2414868
          ],
          [
            100.298975,
            18.2415779
          ],
          [
            100.299022,
            18.2416404
          ]
        ]
      }
    },
    {
      "type": "Feature",
      "id": 1207937197,
      "properties": {
        "id": 1207937197,
        "name": "ถนน",
        "category": "ถนนสายหลัก",
        "highway": "track",
        "waterway": null,
        "ref": null
      },
      "geometry": {
        "type": "LineString",
        "coordinates": [
          [
            100.2947188,
            18.2424607
          ],
          [
            100.2943959,
            18.2428697
          ],
          [
            100.294342,
            18.2428921
          ],
          [
            100.2941816,
            18.2428873
          ]
        ]
      }
    },
    {
      "type": "Feature",
      "id": 1207937198,
      "properties": {
        "id": 1207937198,
        "name": "ถนน",
        "category": "ถนนสายหลัก",
        "highway": "track",
        "waterway": null,
        "ref": null
      },
      "geometry": {
        "type": "LineString",
        "coordinates": [
          [
            100.2879278,
            18.2410912
          ],
          [
            100.287865,
            18.2411181
          ],
          [
            100.2878383,
            18.2411367
          ],
          [
            100.2878242,
            18.2411613
          ],
          [
            100.2878194,
            18.2412053
          ],
          [
            100.2878126,
            18.2412647
          ],
          [
            100.287785,
            18.2413463
          ],
          [
            100.2877166,
            18.2414817
          ],
          [
            100.2876727,
            18.2415484
          ],
          [
            100.2876168,
            18.2415903
          ],
          [
            100.2875616,
            18.2416495
          ],
          [
            100.2875079,
            18.2417242
          ],
          [
            100.2874633,
            18.2417869
          ],
          [
            100.2874369,
            18.2418787
          ],
          [
            100.2874089,
            18.2419877
          ],
          [
            100.2873795,
            18.2422739
          ],
          [
            100.2873622,
            18.2423499
          ],
          [
            100.2873369,
            18.2423943
          ],
          [
            100.2873035,
            18.2424259
          ]
        ]
      }
    },
    {
      "type": "Feature",
      "id": 1207937199,
      "properties": {
        "id": 1207937199,
        "name": "ถนน",
        "category": "ถนนสายหลัก",
        "highway": "track",
        "waterway": null,
        "ref": null
      },
      "geometry": {
        "type": "LineString",
        "coordinates": [
          [
            100.2860342,
            18.2426786
          ],
          [
            100.2860649,
            18.2426985
          ],
          [
            100.2860929,
            18.242706
          ],
          [
            100.2867185,
            18.242596
          ],
          [
            100.2869685,
            18.2425426
          ],
          [
            100.2873035,
            18.2424259
          ],
          [
            100.2873514,
            18.2424356
          ],
          [
            100.2874077,
            18.2424634
          ],
          [
            100.2875094,
            18.2425586
          ],
          [
            100.2875729,
            18.2426295
          ],
          [
            100.2876078,
            18.2426898
          ],
          [
            100.2877428,
            18.2428889
          ],
          [
            100.2877921,
            18.2429583
          ],
          [
            100.2878381,
            18.242987
          ],
          [
            100.2878794,
            18.2430096
          ]
        ]
      }
    },
    {
      "type": "Feature",
      "id": 1207937200,
      "properties": {
        "id": 1207937200,
        "name": "ถนน",
        "category": "ถนนสายหลัก",
        "highway": "track",
        "waterway": null,
        "ref": null
      },
      "geometry": {
        "type": "LineString",
        "coordinates": [
          [
            100.2860826,
            18.2428504
          ],
          [
            100.2860502,
            18.2428933
          ],
          [
            100.2859939,
            18.2429233
          ],
          [
            100.2858565,
            18.2429447
          ],
          [
            100.2856628,
            18.2429639
          ],
          [
            100.2847754,
            18.2428035
          ],
          [
            100.2846313,
            18.2427607
          ],
          [
            100.2844556,
            18.2427137
          ],
          [
            100.2843362,
            18.2426666
          ],
          [
            100.2842191,
            18.2426003
          ],
          [
            100.284183,
            18.2425853
          ],
          [
            100.2841447,
            18.2425853
          ],
          [
            100.284111,
            18.242611
          ],
          [
            100.2840929,
            18.2426409
          ],
          [
            100.2840524,
            18.2428056
          ],
          [
            100.2840366,
            18.2428356
          ],
          [
            100.2839961,
            18.2428698
          ],
          [
            100.2839375,
            18.2428741
          ],
          [
            100.2838069,
            18.2428591
          ],
          [
            100.2837033,
            18.2428099
          ],
          [
            100.2834082,
            18.2427457
          ],
          [
            100.2833542,
            18.2427457
          ],
          [
            100.2832708,
            18.2427564
          ],
          [
            100.2831605,
            18.2427564
          ]
        ]
      }
    },
    {
      "type": "Feature",
      "id": 1207937201,
      "properties": {
        "id": 1207937201,
        "name": "ถนน",
        "category": "ถนนสายหลัก",
        "highway": "track",
        "waterway": null,
        "ref": null
      },
      "geometry": {
        "type": "LineString",
        "coordinates": [
          [
            100.2841447,
            18.2425853
          ],
          [
            100.2840654,
            18.2424173
          ],
          [
            100.2840068,
            18.2422504
          ],
          [
            100.2839956,
            18.2421585
          ],
          [
            100.2840248,
            18.2420729
          ],
          [
            100.2840248,
            18.2419852
          ],
          [
            100.2839685,
            18.2417435
          ],
          [
            100.2838672,
            18.2414632
          ]
        ]
      }
    },
    {
      "type": "Feature",
      "id": 1207937202,
      "properties": {
        "id": 1207937202,
        "name": "ถนน",
        "category": "ถนนสายหลัก",
        "highway": "track",
        "waterway": null,
        "ref": null
      },
      "geometry": {
        "type": "LineString",
        "coordinates": [
          [
            100.2858565,
            18.2429447
          ],
          [
            100.2857643,
            18.2432064
          ],
          [
            100.2856919,
            18.2434764
          ],
          [
            100.285657,
            18.2435376
          ],
          [
            100.2855444,
            18.2436904
          ],
          [
            100.2854424,
            18.2437974
          ],
          [
            100.2854237,
            18.2438458
          ],
          [
            100.2853834,
            18.2439655
          ],
          [
            100.2853137,
            18.2442508
          ],
          [
            100.2852858,
            18.2445586
          ],
          [
            100.2852791,
            18.2447663
          ],
          [
            100.2852885,
            18.2448119
          ],
          [
            100.2853191,
            18.2448689
          ],
          [
            100.2853565,
            18.2449234
          ],
          [
            100.2855032,
            18.245064
          ],
          [
            100.2856179,
            18.2452033
          ],
          [
            100.2856979,
            18.2453313
          ],
          [
            100.2857446,
            18.2453984
          ],
          [
            100.2858046,
            18.2455149
          ],
          [
            100.2858713,
            18.2456049
          ],
          [
            100.2859084,
            18.2456322
          ],
          [
            100.2859486,
            18.2456986
          ],
          [
            100.285982,
            18.2458012
          ],
          [
            100.2860193,
            18.2458975
          ],
          [
            100.2860113,
            18.245938
          ],
          [
            100.285998,
            18.2459988
          ],
          [
            100.2859673,
            18.2460811
          ],
          [
            100.2859673,
            18.2461254
          ],
          [
            100.2859673,
            18.2461634
          ],
          [
            100.2860126,
            18.2462217
          ],
          [
            100.286034,
            18.2462534
          ],
          [
            100.2860593,
            18.2462977
          ],
          [
            100.286074,
            18.2463636
          ],
          [
            100.28611,
            18.2465004
          ],
          [
            100.2861487,
            18.2466144
          ],
          [
            100.286206,
            18.2467347
          ],
          [
            100.286266,
            18.246831
          ],
          [
            100.2862887,
            18.2468753
          ],
          [
            100.2863021,
            18.2469602
          ],
          [
            100.2864031,
            18.2475403
          ]
        ]
      }
    },
    {
      "type": "Feature",
      "id": 1207937203,
      "properties": {
        "id": 1207937203,
        "name": "ถนน",
        "category": "ถนนสายหลัก",
        "highway": "track",
        "waterway": null,
        "ref": null
      },
      "geometry": {
        "type": "LineString",
        "coordinates": [
          [
            100.2850179,
            18.2473737
          ],
          [
            100.284964,
            18.2476038
          ],
          [
            100.2848862,
            18.2478636
          ],
          [
            100.2848352,
            18.2479451
          ],
          [
            100.2847011,
            18.2481311
          ],
          [
            100.2846367,
            18.248238
          ],
          [
            100.284618,
            18.2483017
          ],
          [
            100.2846046,
            18.2484087
          ],
          [
            100.2845911,
            18.2485055
          ],
          [
            100.2845536,
            18.2485998
          ],
          [
            100.2844865,
            18.248666
          ],
          [
            100.2843685,
            18.2487934
          ],
          [
            100.2841781,
            18.248964
          ],
          [
            100.2841271,
            18.2490328
          ],
          [
            100.2840949,
            18.2491092
          ],
          [
            100.2840627,
            18.2491755
          ],
          [
            100.2840547,
            18.2492519
          ],
          [
            100.2840976,
            18.24996
          ],
          [
            100.2840976,
            18.2500313
          ],
          [
            100.2839823,
            18.250146
          ],
          [
            100.2838374,
            18.2503166
          ],
          [
            100.2838106,
            18.2503599
          ],
          [
            100.2838026,
            18.2504134
          ],
          [
            100.2838003,
            18.2504943
          ],
          [
            100.2837978,
            18.2505808
          ],
          [
            100.2837307,
            18.2508291
          ],
          [
            100.283712,
            18.2510024
          ],
          [
            100.2836543,
            18.2512749
          ],
          [
            100.2836181,
            18.251508
          ],
          [
            100.2836181,
            18.2515513
          ],
          [
            100.2836892,
            18.2516124
          ],
          [
            100.28372,
            18.2516596
          ],
          [
            100.2837428,
            18.251722
          ],
          [
            100.2838045,
            18.2519092
          ]
        ]
      }
    },
    {
      "type": "Feature",
      "id": 1207937204,
      "properties": {
        "id": 1207937204,
        "name": "ถนน",
        "category": "ถนนสายหลัก",
        "highway": "track",
        "waterway": null,
        "ref": null
      },
      "geometry": {
        "type": "LineString",
        "coordinates": [
          [
            100.2838026,
            18.2504134
          ],
          [
            100.2841631,
            18.2504052
          ],
          [
            100.2842331,
            18.2503836
          ],
          [
            100.2848818,
            18.2502884
          ],
          [
            100.2853452,
            18.2502058
          ],
          [
            100.2857462,
            18.2501591
          ],
          [
            100.2859259,
            18.2501034
          ],
          [
            100.2868719,
            18.2499527
          ]
        ]
      }
    },
    {
      "type": "Feature",
      "id": 1207937205,
      "properties": {
        "id": 1207937205,
        "name": "ถนน",
        "category": "ถนนสายหลัก",
        "highway": "track",
        "waterway": null,
        "ref": null
      },
      "geometry": {
        "type": "LineString",
        "coordinates": [
          [
            100.2834764,
            18.2474508
          ],
          [
            100.2835494,
            18.2474842
          ],
          [
            100.2836415,
            18.2475082
          ],
          [
            100.2837605,
            18.2475547
          ],
          [
            100.2838738,
            18.2475962
          ],
          [
            100.2839896,
            18.2476376
          ],
          [
            100.2840175,
            18.247646
          ],
          [
            100.2840455,
            18.2476457
          ],
          [
            100.284071,
            18.2476402
          ],
          [
            100.2840904,
            18.247624
          ],
          [
            100.284108,
            18.2475959
          ],
          [
            100.2841254,
            18.247552
          ],
          [
            100.2842091,
            18.2473303
          ],
          [
            100.2842405,
            18.2472233
          ],
          [
            100.2842338,
            18.2471912
          ],
          [
            100.2842158,
            18.2471741
          ],
          [
            100.2839049,
            18.2470265
          ],
          [
            100.2838576,
            18.2469837
          ],
          [
            100.2836729,
            18.2465923
          ],
          [
            100.2836031,
            18.2463463
          ],
          [
            100.2833644,
            18.2457965
          ],
          [
            100.2832788,
            18.2455591
          ],
          [
            100.2832563,
            18.2455185
          ],
          [
            100.2826279,
            18.2455099
          ],
          [
            100.282392,
            18.2454957
          ],
          [
            100.2823572,
            18.245488
          ],
          [
            100.2823277,
            18.2454677
          ],
          [
            100.2822968,
            18.2454129
          ],
          [
            100.2821739,
            18.244674
          ],
          [
            100.2822283,
            18.2441685
          ],
          [
            100.2822691,
            18.2437383
          ],
          [
            100.2822532,
            18.2436909
          ],
          [
            100.2821762,
            18.2436114
          ],
          [
            100.2817436,
            18.2431037
          ],
          [
            100.2817255,
            18.2430456
          ],
          [
            100.2817368,
            18.2429488
          ]
        ]
      }
    },
    {
      "type": "Feature",
      "id": 1207937206,
      "properties": {
        "id": 1207937206,
        "name": "ถนน",
        "category": "ถนนสายหลัก",
        "highway": "track",
        "waterway": null,
        "ref": null
      },
      "geometry": {
        "type": "LineString",
        "coordinates": [
          [
            100.2826154,
            18.246033
          ],
          [
            100.2826279,
            18.2455099
          ]
        ]
      }
    },
    {
      "type": "Feature",
      "id": 1208760166,
      "properties": {
        "id": 1208760166,
        "name": "ถนน",
        "category": "ถนนสายหลัก",
        "highway": "track",
        "waterway": null,
        "ref": null
      },
      "geometry": {
        "type": "LineString",
        "coordinates": [
          [
            100.4009425,
            18.2705497
          ],
          [
            100.4009968,
            18.2704395
          ],
          [
            100.401193,
            18.2703665
          ],
          [
            100.4013823,
            18.2703224
          ],
          [
            100.4018202,
            18.2701189
          ],
          [
            100.4020444,
            18.2701174
          ],
          [
            100.4022535,
            18.2701222
          ],
          [
            100.4024037,
            18.2700339
          ],
          [
            100.4026577,
            18.2698632
          ],
          [
            100.4031349,
            18.2698525
          ],
          [
            100.4034563,
            18.2699579
          ],
          [
            100.4037576,
            18.2701054
          ],
          [
            100.4039779,
            18.2702396
          ],
          [
            100.4044145,
            18.2703937
          ],
          [
            100.4047613,
            18.2703721
          ],
          [
            100.4056393,
            18.2701681
          ],
          [
            100.4065144,
            18.2700918
          ],
          [
            100.4068099,
            18.2695166
          ],
          [
            100.4072669,
            18.2687595
          ],
          [
            100.4081641,
            18.267952
          ],
          [
            100.4082804,
            18.2680571
          ],
          [
            100.4084482,
            18.2681376
          ],
          [
            100.4091867,
            18.2685621
          ],
          [
            100.4093861,
            18.2685584
          ],
          [
            100.4100802,
            18.2691354
          ],
          [
            100.4107061,
            18.2693012
          ],
          [
            100.4115571,
            18.2699355
          ],
          [
            100.4117127,
            18.2699291
          ],
          [
            100.4118596,
            18.2698959
          ],
          [
            100.4120489,
            18.2697843
          ],
          [
            100.4121517,
            18.2692909
          ],
          [
            100.4126055,
            18.2689723
          ],
          [
            100.4132098,
            18.2688668
          ],
          [
            100.4138011,
            18.2691248
          ],
          [
            100.4143859,
            18.2696776
          ],
          [
            100.4146469,
            18.2696277
          ],
          [
            100.4147835,
            18.269502
          ],
          [
            100.4151043,
            18.2688167
          ],
          [
            100.4151525,
            18.2684994
          ],
          [
            100.4151155,
            18.2682064
          ],
          [
            100.4156196,
            18.267343
          ],
          [
            100.4167938,
            18.2666592
          ],
          [
            100.4172051,
            18.2665206
          ],
          [
            100.4175606,
            18.2664051
          ],
          [
            100.4182257,
            18.2662358
          ],
          [
            100.4184186,
            18.26669
          ],
          [
            100.4184616,
            18.2673197
          ],
          [
            100.4184775,
            18.2674424
          ],
          [
            100.4188718,
            18.2674471
          ],
          [
            100.4189802,
            18.2675139
          ],
          [
            100.4191694,
            18.2680427
          ],
          [
            100.4194908,
            18.2690392
          ],
          [
            100.419392,
            18.270081
          ]
        ]
      }
    },
    {
      "type": "Feature",
      "id": 1210674516,
      "properties": {
        "id": 1210674516,
        "name": "ถนน",
        "category": "ถนนสายหลัก",
        "highway": "track",
        "waterway": null,
        "ref": null
      },
      "geometry": {
        "type": "LineString",
        "coordinates": [
          [
            100.3374329,
            18.2915479
          ],
          [
            100.3376448,
            18.2911941
          ],
          [
            100.3378647,
            18.2908375
          ],
          [
            100.3381007,
            18.290537
          ],
          [
            100.3383475,
            18.2901703
          ],
          [
            100.3384172,
            18.290048
          ]
        ]
      }
    },
    {
      "type": "Feature",
      "id": 1211969797,
      "properties": {
        "id": 1211969797,
        "name": "ถนน",
        "category": "ถนนสายหลัก",
        "highway": "track",
        "waterway": null,
        "ref": null
      },
      "geometry": {
        "type": "LineString",
        "coordinates": [
          [
            100.3117571,
            18.2732387
          ],
          [
            100.3118017,
            18.2731517
          ],
          [
            100.3119215,
            18.2729595
          ],
          [
            100.3120414,
            18.2726887
          ],
          [
            100.3121621,
            18.2724213
          ],
          [
            100.3122149,
            18.2723042
          ],
          [
            100.312281,
            18.272159
          ],
          [
            100.3122934,
            18.2720492
          ],
          [
            100.3123099,
            18.2718412
          ],
          [
            100.3122686,
            18.271649
          ],
          [
            100.3121571,
            18.2714332
          ],
          [
            100.3120331,
            18.2712802
          ],
          [
            100.3119794,
            18.2711742
          ],
          [
            100.3119835,
            18.2710526
          ],
          [
            100.3120579,
            18.2709584
          ],
          [
            100.3121653,
            18.2708878
          ],
          [
            100.3124918,
            18.2707936
          ]
        ]
      }
    },
    {
      "type": "Feature",
      "id": 1211969798,
      "properties": {
        "id": 1211969798,
        "name": "ถนน",
        "category": "ถนนสายหลัก",
        "highway": "track",
        "waterway": null,
        "ref": null
      },
      "geometry": {
        "type": "LineString",
        "coordinates": [
          [
            100.3173725,
            18.2745226
          ],
          [
            100.3173548,
            18.2744603
          ],
          [
            100.3165221,
            18.27353
          ],
          [
            100.315967,
            18.272848
          ],
          [
            100.3158682,
            18.2726848
          ],
          [
            100.3156361,
            18.2722361
          ],
          [
            100.3156073,
            18.2721483
          ],
          [
            100.3156094,
            18.2720761
          ],
          [
            100.3156258,
            18.2720449
          ],
          [
            100.3156761,
            18.2719947
          ],
          [
            100.3158117,
            18.2718874
          ],
          [
            100.3158528,
            18.2718308
          ],
          [
            100.3158836,
            18.2717665
          ],
          [
            100.3159165,
            18.2716631
          ],
          [
            100.3159617,
            18.2710544
          ],
          [
            100.3159391,
            18.2706251
          ],
          [
            100.3159062,
            18.2701433
          ],
          [
            100.3159062,
            18.2693824
          ]
        ]
      }
    },
    {
      "type": "Feature",
      "id": 1211969800,
      "properties": {
        "id": 1211969800,
        "name": "ถนน",
        "category": "ถนนสายหลัก",
        "highway": "track",
        "waterway": null,
        "ref": null
      },
      "geometry": {
        "type": "LineString",
        "coordinates": [
          [
            100.3156094,
            18.2720761
          ],
          [
            100.3155159,
            18.271952
          ],
          [
            100.3154376,
            18.2719079
          ],
          [
            100.3153397,
            18.2718963
          ],
          [
            100.315259,
            18.2718684
          ],
          [
            100.3151734,
            18.271808
          ],
          [
            100.3150877,
            18.2717034
          ],
          [
            100.3150584,
            18.2715826
          ],
          [
            100.3150241,
            18.2715083
          ],
          [
            100.3149972,
            18.2714432
          ],
          [
            100.314936,
            18.2714153
          ],
          [
            100.314777,
            18.2712364
          ],
          [
            100.3146963,
            18.2711621
          ],
          [
            100.3146277,
            18.2710947
          ],
          [
            100.3144736,
            18.2710273
          ],
          [
            100.3143829,
            18.2710124
          ],
          [
            100.3142948,
            18.2710426
          ],
          [
            100.3139401,
            18.2713493
          ],
          [
            100.3138911,
            18.2713911
          ],
          [
            100.3138006,
            18.2714189
          ],
          [
            100.3134978,
            18.2714523
          ],
          [
            100.3134162,
            18.2714772
          ],
          [
            100.313288,
            18.271538
          ],
          [
            100.3131686,
            18.2716266
          ],
          [
            100.3131074,
            18.2717151
          ],
          [
            100.3130899,
            18.2718396
          ],
          [
            100.3130607,
            18.2719115
          ],
          [
            100.3129937,
            18.272025
          ],
          [
            100.3127606,
            18.272274
          ],
          [
            100.312682,
            18.2723155
          ],
          [
            100.3123323,
            18.2722989
          ],
          [
            100.3122537,
            18.2723321
          ],
          [
            100.3121621,
            18.2724213
          ]
        ]
      }
    },
    {
      "type": "Feature",
      "id": 1211969803,
      "properties": {
        "id": 1211969803,
        "name": "ถนน",
        "category": "ถนนสายหลัก",
        "highway": "track",
        "waterway": null,
        "ref": null
      },
      "geometry": {
        "type": "LineString",
        "coordinates": [
          [
            100.3173548,
            18.2744603
          ],
          [
            100.317507,
            18.2743218
          ],
          [
            100.3181016,
            18.2738757
          ],
          [
            100.3181554,
            18.2738246
          ],
          [
            100.3182215,
            18.2737224
          ],
          [
            100.3183683,
            18.2733994
          ],
          [
            100.3186815,
            18.2729673
          ],
          [
            100.3187157,
            18.2728744
          ],
          [
            100.3187549,
            18.2727164
          ],
          [
            100.3187989,
            18.2726536
          ],
          [
            100.3188992,
            18.272577
          ],
          [
            100.3189677,
            18.2725375
          ],
          [
            100.3190166,
            18.2724701
          ],
          [
            100.3192662,
            18.2720333
          ],
          [
            100.3193029,
            18.2719148
          ],
          [
            100.3193298,
            18.2717871
          ],
          [
            100.31932,
            18.2716848
          ],
          [
            100.3192417,
            18.2714432
          ],
          [
            100.319046,
            18.2709576
          ],
          [
            100.3190044,
            18.2709042
          ],
          [
            100.3188087,
            18.2705162
          ],
          [
            100.318586,
            18.2699888
          ],
          [
            100.3185347,
            18.2698308
          ],
          [
            100.3185028,
            18.2698029
          ],
          [
            100.318471,
            18.269789
          ],
          [
            100.3179939,
            18.2699609
          ]
        ]
      }
    },
    {
      "type": "Feature",
      "id": 1211969808,
      "properties": {
        "id": 1211969808,
        "name": "ถนน",
        "category": "ถนนสายหลัก",
        "highway": "track",
        "waterway": null,
        "ref": null
      },
      "geometry": {
        "type": "LineString",
        "coordinates": [
          [
            100.311962,
            18.2666986
          ],
          [
            100.3120484,
            18.2665627
          ],
          [
            100.3121372,
            18.266484
          ],
          [
            100.3122065,
            18.2663925
          ],
          [
            100.3122578,
            18.2663553
          ],
          [
            100.3123225,
            18.2663395
          ],
          [
            100.3123963,
            18.2663481
          ],
          [
            100.3125169,
            18.266434
          ],
          [
            100.3125681,
            18.266454
          ],
          [
            100.3126163,
            18.2664511
          ],
          [
            100.3128076,
            18.2663453
          ],
          [
            100.3128784,
            18.2662881
          ],
          [
            100.3130411,
            18.2661421
          ]
        ]
      }
    },
    {
      "type": "Feature",
      "id": 1211969809,
      "properties": {
        "id": 1211969809,
        "name": "ถนน",
        "category": "ถนนสายหลัก",
        "highway": "residential",
        "waterway": null,
        "ref": null
      },
      "geometry": {
        "type": "LineString",
        "coordinates": [
          [
            100.3120693,
            18.2625225
          ],
          [
            100.3120799,
            18.2626047
          ],
          [
            100.3120719,
            18.2627366
          ],
          [
            100.3120032,
            18.2631051
          ]
        ]
      }
    },
    {
      "type": "Feature",
      "id": 1211969810,
      "properties": {
        "id": 1211969810,
        "name": "ถนน",
        "category": "ถนนสายหลัก",
        "highway": "residential",
        "waterway": null,
        "ref": null
      },
      "geometry": {
        "type": "LineString",
        "coordinates": [
          [
            100.3121987,
            18.2623319
          ],
          [
            100.3122332,
            18.2624287
          ],
          [
            100.3123434,
            18.2627821
          ]
        ]
      }
    },
    {
      "type": "Feature",
      "id": 1211969820,
      "properties": {
        "id": 1211969820,
        "name": "ถนน",
        "category": "ถนนสายหลัก",
        "highway": "track",
        "waterway": null,
        "ref": null
      },
      "geometry": {
        "type": "LineString",
        "coordinates": [
          [
            100.318575,
            18.2654898
          ],
          [
            100.318715,
            18.265638
          ],
          [
            100.3188026,
            18.2656911
          ],
          [
            100.3191652,
            18.2661047
          ],
          [
            100.3192567,
            18.2662073
          ],
          [
            100.3193404,
            18.2663011
          ],
          [
            100.3193769,
            18.2663358
          ],
          [
            100.3194937,
            18.266412
          ],
          [
            100.3196445,
            18.2664906
          ],
          [
            100.3198165,
            18.2666086
          ],
          [
            100.3199341,
            18.2666893
          ],
          [
            100.3200557,
            18.2667563
          ],
          [
            100.3201141,
            18.2667979
          ],
          [
            100.3201896,
            18.2668626
          ],
          [
            100.3203161,
            18.2670243
          ],
          [
            100.3203404,
            18.2670821
          ],
          [
            100.3204256,
            18.2674795
          ],
          [
            100.3205108,
            18.2677892
          ],
          [
            100.3205327,
            18.2679301
          ],
          [
            100.3206421,
            18.2683021
          ]
        ]
      }
    },
    {
      "type": "Feature",
      "id": 1211969821,
      "properties": {
        "id": 1211969821,
        "name": "ถนน",
        "category": "ถนนสายหลัก",
        "highway": "track",
        "waterway": null,
        "ref": null
      },
      "geometry": {
        "type": "LineString",
        "coordinates": [
          [
            100.3198165,
            18.2666086
          ],
          [
            100.3195642,
            18.2668835
          ],
          [
            100.319535,
            18.266969
          ],
          [
            100.3195277,
            18.2670337
          ],
          [
            100.3195983,
            18.2671885
          ],
          [
            100.319608,
            18.2672416
          ],
          [
            100.3195107,
            18.2673456
          ],
          [
            100.3193623,
            18.2675952
          ]
        ]
      }
    },
    {
      "type": "Feature",
      "id": 1211969822,
      "properties": {
        "id": 1211969822,
        "name": "ถนน",
        "category": "ถนนสายหลัก",
        "highway": "track",
        "waterway": null,
        "ref": null
      },
      "geometry": {
        "type": "LineString",
        "coordinates": [
          [
            100.3196381,
            18.2646533
          ],
          [
            100.3199288,
            18.2650519
          ],
          [
            100.3199268,
            18.265081
          ],
          [
            100.3199145,
            18.2651004
          ],
          [
            100.3197184,
            18.2652052
          ],
          [
            100.3197,
            18.2652382
          ],
          [
            100.3197082,
            18.2652809
          ],
          [
            100.3200453,
            18.265667
          ],
          [
            100.3200412,
            18.2657
          ],
          [
            100.3200106,
            18.2657485
          ],
          [
            100.3198757,
            18.2658377
          ],
          [
            100.319604,
            18.2659813
          ],
          [
            100.3192567,
            18.2662073
          ]
        ]
      }
    },
    {
      "type": "Feature",
      "id": 1211969823,
      "properties": {
        "id": 1211969823,
        "name": "ถนน",
        "category": "ถนนสายหลัก",
        "highway": "track",
        "waterway": null,
        "ref": null
      },
      "geometry": {
        "type": "LineString",
        "coordinates": [
          [
            100.3191652,
            18.2661047
          ],
          [
            100.3187647,
            18.2669532
          ],
          [
            100.3187671,
            18.2669879
          ],
          [
            100.3187817,
            18.2670364
          ],
          [
            100.3190469,
            18.2672513
          ],
          [
            100.3191905,
            18.2673368
          ],
          [
            100.3192367,
            18.2674431
          ],
          [
            100.3192805,
            18.2674985
          ],
          [
            100.3193623,
            18.2675952
          ]
        ]
      }
    },
    {
      "type": "Feature",
      "id": 1211969830,
      "properties": {
        "id": 1211969830,
        "name": "ถนน",
        "category": "ถนนสายหลัก",
        "highway": "track",
        "waterway": null,
        "ref": null
      },
      "geometry": {
        "type": "LineString",
        "coordinates": [
          [
            100.3087322,
            18.2583052
          ],
          [
            100.3087902,
            18.258295
          ],
          [
            100.3090152,
            18.2583329
          ],
          [
            100.3090999,
            18.2583341
          ],
          [
            100.3092136,
            18.2583191
          ],
          [
            100.3093697,
            18.2582835
          ],
          [
            100.3095451,
            18.2582261
          ],
          [
            100.3098553,
            18.2580608
          ],
          [
            100.3099807,
            18.257991
          ],
          [
            100.3100469,
            18.2579431
          ],
          [
            100.3100959,
            18.2578774
          ],
          [
            100.310142,
            18.2578022
          ],
          [
            100.3101694,
            18.2577132
          ],
          [
            100.3101838,
            18.2574711
          ],
          [
            100.3102083,
            18.2574095
          ],
          [
            100.3102458,
            18.2573862
          ]
        ]
      }
    },
    {
      "type": "Feature",
      "id": 1211970272,
      "properties": {
        "id": 1211970272,
        "name": "ถนน",
        "category": "ถนนสายหลัก",
        "highway": "track",
        "waterway": null,
        "ref": null
      },
      "geometry": {
        "type": "LineString",
        "coordinates": [
          [
            100.3174049,
            18.2568843
          ],
          [
            100.3172982,
            18.2566833
          ],
          [
            100.3172425,
            18.2565907
          ],
          [
            100.317127,
            18.256413
          ],
          [
            100.3170315,
            18.2562126
          ],
          [
            100.316928,
            18.2559555
          ],
          [
            100.3169001,
            18.255861
          ],
          [
            100.3168902,
            18.2557665
          ],
          [
            100.3168981,
            18.2557325
          ],
          [
            100.3169738,
            18.2556909
          ],
          [
            100.3170972,
            18.2556304
          ],
          [
            100.3172544,
            18.255517
          ],
          [
            100.31735,
            18.25543
          ],
          [
            100.3174992,
            18.2552902
          ],
          [
            100.3175291,
            18.2552618
          ],
          [
            100.3175848,
            18.2552618
          ],
          [
            100.3178894,
            18.2554527
          ],
          [
            100.3179272,
            18.2554603
          ],
          [
            100.317967,
            18.2554452
          ],
          [
            100.3180108,
            18.2554092
          ],
          [
            100.3180406,
            18.2553979
          ],
          [
            100.3180705,
            18.2554092
          ],
          [
            100.3181004,
            18.2554546
          ],
          [
            100.3181282,
            18.2555831
          ],
          [
            100.3181501,
            18.2557457
          ],
          [
            100.318176,
            18.2558629
          ],
          [
            100.3183173,
            18.2562484
          ]
        ]
      }
    },
    {
      "type": "Feature",
      "id": 1211970274,
      "properties": {
        "id": 1211970274,
        "name": "ถนน",
        "category": "ถนนสายหลัก",
        "highway": "track",
        "waterway": null,
        "ref": null
      },
      "geometry": {
        "type": "LineString",
        "coordinates": [
          [
            100.3175291,
            18.2552618
          ],
          [
            100.317154,
            18.2548179
          ],
          [
            100.3171361,
            18.2547763
          ],
          [
            100.31716,
            18.2547347
          ],
          [
            100.3172834,
            18.2544777
          ],
          [
            100.3173152,
            18.2544606
          ],
          [
            100.3173729,
            18.2544588
          ],
          [
            100.3178148,
            18.2546478
          ],
          [
            100.3182308,
            18.2549219
          ],
          [
            100.3188359,
            18.2552905
          ],
          [
            100.3190708,
            18.2553831
          ],
          [
            100.3191345,
            18.2553926
          ],
          [
            100.3191882,
            18.2553944
          ],
          [
            100.3192201,
            18.2553812
          ],
          [
            100.3193133,
            18.2552911
          ]
        ]
      }
    },
    {
      "type": "Feature",
      "id": 1211970276,
      "properties": {
        "id": 1211970276,
        "name": "ถนน",
        "category": "ถนนสายหลัก",
        "highway": "track",
        "waterway": null,
        "ref": null
      },
      "geometry": {
        "type": "LineString",
        "coordinates": [
          [
            100.3154032,
            18.2555499
          ],
          [
            100.3153505,
            18.2555563
          ],
          [
            100.3152072,
            18.2556205
          ],
          [
            100.3148967,
            18.2558077
          ]
        ]
      }
    },
    {
      "type": "Feature",
      "id": 1211970277,
      "properties": {
        "id": 1211970277,
        "name": "ถนน",
        "category": "ถนนสายหลัก",
        "highway": "residential",
        "waterway": null,
        "ref": null
      },
      "geometry": {
        "type": "LineString",
        "coordinates": [
          [
            100.3147899,
            18.2575179
          ],
          [
            100.3145809,
            18.257632
          ],
          [
            100.3145308,
            18.257687
          ],
          [
            100.3144883,
            18.2578821
          ],
          [
            100.3144378,
            18.2579591
          ],
          [
            100.3142864,
            18.2581359
          ],
          [
            100.3142087,
            18.2581745
          ]
        ]
      }
    },
    {
      "type": "Feature",
      "id": 1211970278,
      "properties": {
        "id": 1211970278,
        "name": "ถนน",
        "category": "ถนนสายหลัก",
        "highway": "unclassified",
        "waterway": null,
        "ref": null
      },
      "geometry": {
        "type": "LineString",
        "coordinates": [
          [
            100.3153755,
            18.2573763
          ],
          [
            100.3151951,
            18.2573059
          ],
          [
            100.3151026,
            18.2572911
          ],
          [
            100.3150267,
            18.2573074
          ],
          [
            100.3149604,
            18.2573676
          ],
          [
            100.3147899,
            18.2575179
          ]
        ]
      }
    },
    {
      "type": "Feature",
      "id": 1211970279,
      "properties": {
        "id": 1211970279,
        "name": "ถนน",
        "category": "ถนนสายหลัก",
        "highway": "unclassified",
        "waterway": null,
        "ref": null
      },
      "geometry": {
        "type": "LineString",
        "coordinates": [
          [
            100.3158299,
            18.2574596
          ],
          [
            100.3153755,
            18.2573763
          ]
        ]
      }
    },
    {
      "type": "Feature",
      "id": 1211979792,
      "properties": {
        "id": 1211979792,
        "name": "ถนน",
        "category": "ถนนสายหลัก",
        "highway": "track",
        "waterway": null,
        "ref": null
      },
      "geometry": {
        "type": "LineString",
        "coordinates": [
          [
            100.3396159,
            18.2786292
          ],
          [
            100.3396152,
            18.2784677
          ],
          [
            100.3395868,
            18.2782714
          ],
          [
            100.3394594,
            18.2778437
          ],
          [
            100.3394282,
            18.2776259
          ],
          [
            100.3394424,
            18.2775802
          ],
          [
            100.3395104,
            18.277529
          ],
          [
            100.3395755,
            18.2775048
          ],
          [
            100.3396775,
            18.2774779
          ],
          [
            100.3401619,
            18.2774753
          ],
          [
            100.3407822,
            18.2773596
          ],
          [
            100.3409323,
            18.2773193
          ],
          [
            100.3410229,
            18.2772574
          ],
          [
            100.3410994,
            18.2772036
          ],
          [
            100.3411787,
            18.2771848
          ],
          [
            100.3413345,
            18.2771444
          ],
          [
            100.3413628,
            18.2771041
          ],
          [
            100.3413968,
            18.2769777
          ]
        ]
      }
    },
    {
      "type": "Feature",
      "id": 1211979795,
      "properties": {
        "id": 1211979795,
        "name": "ถนน",
        "category": "ถนนสายหลัก",
        "highway": "track",
        "waterway": null,
        "ref": null
      },
      "geometry": {
        "type": "LineString",
        "coordinates": [
          [
            100.3281717,
            18.2711568
          ],
          [
            100.328195,
            18.2712098
          ],
          [
            100.328195,
            18.27125
          ],
          [
            100.3281661,
            18.2713093
          ],
          [
            100.3279632,
            18.2715971
          ],
          [
            100.327911,
            18.2717403
          ],
          [
            100.3278986,
            18.2727338
          ],
          [
            100.3278718,
            18.2727825
          ],
          [
            100.3278518,
            18.2728058
          ],
          [
            100.3278005,
            18.2728185
          ],
          [
            100.3275932,
            18.2727952
          ],
          [
            100.3270047,
            18.2727846
          ],
          [
            100.326969,
            18.2728291
          ],
          [
            100.3269021,
            18.272918
          ],
          [
            100.3268152,
            18.2731402
          ],
          [
            100.3267528,
            18.2732863
          ],
          [
            100.3267528,
            18.2733582
          ],
          [
            100.3267885,
            18.2735128
          ],
          [
            100.3267923,
            18.2735498
          ],
          [
            100.3268005,
            18.2736281
          ],
          [
            100.326808,
            18.2737756
          ],
          [
            100.3267911,
            18.2740049
          ],
          [
            100.3267855,
            18.2740742
          ],
          [
            100.326763,
            18.2741453
          ],
          [
            100.3267331,
            18.2742093
          ],
          [
            100.3266751,
            18.2743249
          ],
          [
            100.3266264,
            18.2745239
          ],
          [
            100.3266002,
            18.2745613
          ],
          [
            100.326559,
            18.2746128
          ],
          [
            100.3263681,
            18.274755
          ],
          [
            100.3261828,
            18.2748545
          ],
          [
            100.3260817,
            18.2748848
          ],
          [
            100.3259488,
            18.2749096
          ],
          [
            100.325829,
            18.2749256
          ],
          [
            100.3256249,
            18.2749167
          ],
          [
            100.3253741,
            18.2748723
          ],
          [
            100.3250035,
            18.274915
          ],
          [
            100.3245,
            18.2749914
          ]
        ]
      }
    },
    {
      "type": "Feature",
      "id": 1211979796,
      "properties": {
        "id": 1211979796,
        "name": "ถนน",
        "category": "ถนนสายหลัก",
        "highway": "track",
        "waterway": null,
        "ref": null
      },
      "geometry": {
        "type": "LineString",
        "coordinates": [
          [
            100.328195,
            18.27125
          ],
          [
            100.3282619,
            18.2712602
          ],
          [
            100.3288815,
            18.2711852
          ],
          [
            100.3291502,
            18.2711792
          ],
          [
            100.3294853,
            18.2711882
          ],
          [
            100.3295801,
            18.2712152
          ],
          [
            100.3298646,
            18.2713142
          ],
          [
            100.330048,
            18.2713593
          ],
          [
            100.3303514,
            18.2714103
          ],
          [
            100.3304747,
            18.2714073
          ],
          [
            100.3308446,
            18.2713593
          ],
          [
            100.3310659,
            18.2713353
          ],
          [
            100.3312018,
            18.2713383
          ],
          [
            100.3314642,
            18.2713653
          ],
          [
            100.3323525,
            18.2714103
          ],
          [
            100.3326275,
            18.2713743
          ],
          [
            100.3329247,
            18.2713593
          ],
          [
            100.3339204,
            18.2714463
          ],
          [
            100.3341702,
            18.2714583
          ],
          [
            100.3342587,
            18.2714493
          ],
          [
            100.3347898,
            18.2713563
          ],
          [
            100.3349573,
            18.2713323
          ],
          [
            100.3356433,
            18.2713353
          ],
          [
            100.3357,
            18.2713172
          ],
          [
            100.3357557,
            18.2712601
          ],
          [
            100.3360076,
            18.2708621
          ],
          [
            100.336128,
            18.2706864
          ],
          [
            100.3362684,
            18.2703435
          ],
          [
            100.3364088,
            18.2700577
          ],
          [
            100.3365224,
            18.269868
          ]
        ]
      }
    },
    {
      "type": "Feature",
      "id": 1211979797,
      "properties": {
        "id": 1211979797,
        "name": "ถนน",
        "category": "ถนนสายหลัก",
        "highway": "track",
        "waterway": null,
        "ref": null
      },
      "geometry": {
        "type": "LineString",
        "coordinates": [
          [
            100.3339204,
            18.2714463
          ],
          [
            100.3339133,
            18.2715707
          ],
          [
            100.3340262,
            18.2721141
          ],
          [
            100.3341392,
            18.2726789
          ],
          [
            100.334222,
            18.2731937
          ],
          [
            100.3343462,
            18.2740552
          ],
          [
            100.3344027,
            18.274166
          ],
          [
            100.334493,
            18.2742017
          ],
          [
            100.3351405,
            18.2741767
          ],
          [
            100.3351895,
            18.274191
          ],
          [
            100.3352309,
            18.2742375
          ],
          [
            100.3353551,
            18.2747844
          ],
          [
            100.3353815,
            18.2748237
          ],
          [
            100.3356977,
            18.2748988
          ]
        ]
      }
    },
    {
      "type": "Feature",
      "id": 1211979798,
      "properties": {
        "id": 1211979798,
        "name": "ถนน",
        "category": "ถนนสายหลัก",
        "highway": "track",
        "waterway": null,
        "ref": null
      },
      "geometry": {
        "type": "LineString",
        "coordinates": [
          [
            100.336128,
            18.2706864
          ],
          [
            100.3365492,
            18.2713385
          ],
          [
            100.3368429,
            18.2717174
          ],
          [
            100.3368768,
            18.2717817
          ],
          [
            100.3368768,
            18.2718532
          ],
          [
            100.3368052,
            18.271964
          ],
          [
            100.3367977,
            18.2720105
          ],
          [
            100.3369144,
            18.2721928
          ],
          [
            100.337129,
            18.2725753
          ],
          [
            100.3372231,
            18.2726861
          ],
          [
            100.3372532,
            18.2727648
          ],
          [
            100.3372946,
            18.2728649
          ],
          [
            100.3373549,
            18.2729328
          ],
          [
            100.3374716,
            18.273015
          ],
          [
            100.3375431,
            18.2731151
          ],
          [
            100.3376221,
            18.2732724
          ],
          [
            100.337656,
            18.2733832
          ],
          [
            100.3376523,
            18.2734618
          ],
          [
            100.3376146,
            18.2734976
          ],
          [
            100.3375318,
            18.2735405
          ],
          [
            100.3374,
            18.2735798
          ],
          [
            100.337257,
            18.2735977
          ],
          [
            100.3370951,
            18.2736584
          ],
          [
            100.3366622,
            18.2738551
          ]
        ]
      }
    },
    {
      "type": "Feature",
      "id": 1211979799,
      "properties": {
        "id": 1211979799,
        "name": "ถนน",
        "category": "ถนนสายหลัก",
        "highway": "track",
        "waterway": null,
        "ref": null
      },
      "geometry": {
        "type": "LineString",
        "coordinates": [
          [
            100.3365492,
            18.2713385
          ],
          [
            100.3366504,
            18.2713681
          ],
          [
            100.337057,
            18.2713431
          ],
          [
            100.3377873,
            18.271386
          ],
          [
            100.3378476,
            18.2713645
          ],
          [
            100.337889,
            18.2713038
          ],
          [
            100.3379266,
            18.2711393
          ],
          [
            100.3379417,
            18.2710964
          ],
          [
            100.3379793,
            18.2710714
          ],
          [
            100.338117,
            18.2710562
          ],
          [
            100.3382998,
            18.2710498
          ],
          [
            100.3385204,
            18.2710837
          ],
          [
            100.3386074,
            18.2711154
          ],
          [
            100.3386453,
            18.2711514
          ],
          [
            100.3386631,
            18.2712276
          ],
          [
            100.3387189,
            18.2719416
          ],
          [
            100.3387378,
            18.2722812
          ],
          [
            100.3387293,
            18.2724266
          ],
          [
            100.3387371,
            18.2725385
          ],
          [
            100.3387513,
            18.2726475
          ],
          [
            100.3387717,
            18.2727146
          ],
          [
            100.3388189,
            18.2727504
          ],
          [
            100.3390829,
            18.2728773
          ],
          [
            100.3391332,
            18.2729415
          ],
          [
            100.3391678,
            18.2730684
          ],
          [
            100.339204,
            18.2731609
          ],
          [
            100.3392433,
            18.2731952
          ],
          [
            100.3393266,
            18.2731908
          ],
          [
            100.3397192,
            18.2730035
          ],
          [
            100.3397832,
            18.2729845
          ],
          [
            100.3398225,
            18.2729881
          ],
          [
            100.339888,
            18.2730165
          ],
          [
            100.340064,
            18.2731143
          ],
          [
            100.3404233,
            18.2733898
          ],
          [
            100.3407846,
            18.2735853
          ],
          [
            100.3411141,
            18.2738128
          ],
          [
            100.3411421,
            18.2738466
          ],
          [
            100.3411721,
            18.2740457
          ],
          [
            100.341217,
            18.2742021
          ],
          [
            100.341275,
            18.2744616
          ],
          [
            100.3412732,
            18.2745398
          ],
          [
            100.341247,
            18.2749042
          ],
          [
            100.3412255,
            18.276151
          ],
          [
            100.3411856,
            18.2766274
          ],
          [
            100.3412005,
            18.2767282
          ],
          [
            100.3412454,
            18.2768082
          ],
          [
            100.3413968,
            18.2769777
          ],
          [
            100.3414607,
            18.2770304
          ],
          [
            100.3414663,
            18.2771122
          ],
          [
            100.3415243,
            18.2771584
          ],
          [
            100.341588,
            18.2771886
          ],
          [
            100.3416722,
            18.2771904
          ],
          [
            100.341792,
            18.277169
          ],
          [
            100.3418444,
            18.2771815
          ],
          [
            100.3420372,
            18.2772792
          ],
          [
            100.3422205,
            18.2773459
          ],
          [
            100.3425746,
            18.2774059
          ],
          [
            100.3426599,
            18.2774629
          ],
          [
            100.3427706,
            18.277523
          ],
          [
            100.3428496,
            18.277607
          ],
          [
            100.3428679,
            18.2776552
          ],
          [
            100.3428493,
            18.2777333
          ],
          [
            100.3427538,
            18.2780383
          ],
          [
            100.3425971,
            18.278366
          ],
          [
            100.3425573,
            18.2786231
          ],
          [
            100.3424856,
            18.2788474
          ],
          [
            100.3424485,
            18.279039
          ]
        ]
      }
    },
    {
      "type": "Feature",
      "id": 1211979802,
      "properties": {
        "id": 1211979802,
        "name": "ถนน",
        "category": "ถนนสายหลัก",
        "highway": "track",
        "waterway": null,
        "ref": null
      },
      "geometry": {
        "type": "LineString",
        "coordinates": [
          [
            100.327911,
            18.2717403
          ],
          [
            100.3270891,
            18.2717048
          ],
          [
            100.3270305,
            18.2717336
          ],
          [
            100.326994,
            18.2717855
          ],
          [
            100.3269779,
            18.2723561
          ],
          [
            100.3269677,
            18.2727288
          ],
          [
            100.3270047,
            18.2727846
          ]
        ]
      }
    },
    {
      "type": "Feature",
      "id": 1211979803,
      "properties": {
        "id": 1211979803,
        "name": "ถนน",
        "category": "ถนนสายหลัก",
        "highway": "track",
        "waterway": null,
        "ref": null
      },
      "geometry": {
        "type": "LineString",
        "coordinates": [
          [
            100.3574118,
            18.2821586
          ],
          [
            100.3573539,
            18.2822158
          ],
          [
            100.3569951,
            18.282378
          ],
          [
            100.3569268,
            18.2824397
          ],
          [
            100.3565099,
            18.2828322
          ],
          [
            100.356322,
            18.2830042
          ],
          [
            100.3561306,
            18.2831405
          ],
          [
            100.3559188,
            18.2832767
          ],
          [
            100.3556283,
            18.2836077
          ],
          [
            100.3555429,
            18.2837958
          ],
          [
            100.3554848,
            18.2838445
          ],
          [
            100.3552183,
            18.2838899
          ],
          [
            100.3551329,
            18.2839386
          ],
          [
            100.3550031,
            18.2840197
          ]
        ]
      }
    },
    {
      "type": "Feature",
      "id": 1211979804,
      "properties": {
        "id": 1211979804,
        "name": "ถนน",
        "category": "ถนนสายหลัก",
        "highway": "track",
        "waterway": null,
        "ref": null
      },
      "geometry": {
        "type": "LineString",
        "coordinates": [
          [
            100.3590502,
            18.2854828
          ],
          [
            100.3592029,
            18.2854835
          ],
          [
            100.3593349,
            18.2854644
          ],
          [
            100.3596218,
            18.2853772
          ],
          [
            100.3597596,
            18.2853473
          ],
          [
            100.3601584,
            18.28529
          ],
          [
            100.3602301,
            18.285271
          ],
          [
            100.3602904,
            18.2852356
          ],
          [
            100.3604339,
            18.2851048
          ],
          [
            100.3604884,
            18.2850748
          ],
          [
            100.3605572,
            18.2850585
          ],
          [
            100.3607437,
            18.2850666
          ],
          [
            100.3608413,
            18.2850503
          ],
          [
            100.3609991,
            18.2850149
          ],
          [
            100.3610995,
            18.2849468
          ],
          [
            100.3612946,
            18.284767
          ],
          [
            100.3613492,
            18.2847016
          ],
          [
            100.3614094,
            18.2846661
          ],
          [
            100.3615644,
            18.2846335
          ],
          [
            100.3617107,
            18.2846171
          ],
          [
            100.3618025,
            18.2845844
          ],
          [
            100.3619173,
            18.2844918
          ],
          [
            100.3619661,
            18.2844046
          ],
          [
            100.3619747,
            18.2842956
          ],
          [
            100.3620321,
            18.2842221
          ],
          [
            100.3622817,
            18.2838924
          ],
          [
            100.3623764,
            18.2837834
          ],
          [
            100.3625485,
            18.2836799
          ],
          [
            100.3627379,
            18.2835164
          ],
          [
            100.3628412,
            18.2834456
          ],
          [
            100.3629244,
            18.2834129
          ],
          [
            100.3630105,
            18.283402
          ],
          [
            100.3631052,
            18.2834075
          ],
          [
            100.3631912,
            18.2834293
          ],
          [
            100.3632773,
            18.283481
          ],
          [
            100.363395,
            18.2836581
          ],
          [
            100.3634524,
            18.2837153
          ],
          [
            100.3636503,
            18.2838543
          ],
          [
            100.3637909,
            18.2839905
          ],
          [
            100.3639057,
            18.2840368
          ],
          [
            100.3640176,
            18.2840504
          ],
          [
            100.3641639,
            18.2840423
          ],
          [
            100.3643045,
            18.284015
          ],
          [
            100.3646431,
            18.2838815
          ],
          [
            100.3647493,
            18.2838624
          ],
          [
            100.3655957,
            18.2839088
          ],
          [
            100.3658195,
            18.2839415
          ],
          [
            100.3658826,
            18.2839496
          ],
          [
            100.3659687,
            18.283936
          ],
          [
            100.3661667,
            18.2838597
          ],
          [
            100.3662241,
            18.2838161
          ],
          [
            100.3662384,
            18.2837753
          ]
        ]
      }
    },
    {
      "type": "Feature",
      "id": 1211979805,
      "properties": {
        "id": 1211979805,
        "name": "ถนน",
        "category": "ถนนสายหลัก",
        "highway": "track",
        "waterway": null,
        "ref": null
      },
      "geometry": {
        "type": "LineString",
        "coordinates": [
          [
            100.3411421,
            18.2738466
          ],
          [
            100.3417752,
            18.2738667
          ],
          [
            100.3419768,
            18.2738862
          ],
          [
            100.3423014,
            18.2739933
          ],
          [
            100.3426089,
            18.2741296
          ],
          [
            100.3427354,
            18.2741685
          ],
          [
            100.3431215,
            18.274308
          ],
          [
            100.3433606,
            18.2743632
          ],
          [
            100.3436921,
            18.2744248
          ],
          [
            100.3442084,
            18.2744696
          ]
        ]
      }
    },
    {
      "type": "Feature",
      "id": 1212049851,
      "properties": {
        "id": 1212049851,
        "name": "ถนน",
        "category": "ถนนสายหลัก",
        "highway": "track",
        "waterway": null,
        "ref": null
      },
      "geometry": {
        "type": "LineString",
        "coordinates": [
          [
            100.3267804,
            18.2804781
          ],
          [
            100.326781,
            18.2804176
          ],
          [
            100.3267732,
            18.2803728
          ],
          [
            100.3267234,
            18.2802957
          ],
          [
            100.3265478,
            18.2802036
          ],
          [
            100.3264534,
            18.2801389
          ],
          [
            100.3263303,
            18.2800244
          ],
          [
            100.326215,
            18.2798826
          ],
          [
            100.3262071,
            18.2798378
          ],
          [
            100.3263041,
            18.279258
          ],
          [
            100.3264875,
            18.2788076
          ]
        ]
      }
    },
    {
      "type": "Feature",
      "id": 1212049852,
      "properties": {
        "id": 1212049852,
        "name": "ถนน",
        "category": "ถนนสายหลัก",
        "highway": "track",
        "waterway": null,
        "ref": null
      },
      "geometry": {
        "type": "LineString",
        "coordinates": [
          [
            100.3267923,
            18.2735498
          ],
          [
            100.3271699,
            18.2737071
          ],
          [
            100.3277882,
            18.2741441
          ],
          [
            100.3280326,
            18.2742977
          ],
          [
            100.3284928,
            18.27454
          ],
          [
            100.3285575,
            18.2746083
          ],
          [
            100.3285755,
            18.2746971
          ],
          [
            100.3286258,
            18.2748575
          ],
          [
            100.3286761,
            18.2749394
          ],
          [
            100.328784,
            18.275035
          ],
          [
            100.3290859,
            18.2752193
          ],
          [
            100.3294958,
            18.2754924
          ],
          [
            100.3297186,
            18.2755948
          ],
          [
            100.3298229,
            18.2756324
          ],
          [
            100.3302435,
            18.2756734
          ],
          [
            100.3304232,
            18.2756836
          ],
          [
            100.3306066,
            18.2756699
          ],
          [
            100.3311782,
            18.2755539
          ],
          [
            100.3313795,
            18.2755027
          ],
          [
            100.3316455,
            18.275472
          ],
          [
            100.3319259,
            18.2754583
          ],
          [
            100.3320122,
            18.2754856
          ],
          [
            100.3321092,
            18.2755436
          ],
          [
            100.33244,
            18.2758884
          ],
          [
            100.3325622,
            18.2759567
          ],
          [
            100.3328354,
            18.2759908
          ],
          [
            100.3329612,
            18.275984
          ],
          [
            100.3330655,
            18.2759669
          ],
          [
            100.3332018,
            18.2759728
          ],
          [
            100.3332706,
            18.2759964
          ],
          [
            100.3333337,
            18.2760254
          ],
          [
            100.3333661,
            18.2760563
          ],
          [
            100.3334368,
            18.276147
          ],
          [
            100.3335362,
            18.2762957
          ],
          [
            100.3335782,
            18.2763411
          ],
          [
            100.3336336,
            18.2763701
          ],
          [
            100.3337769,
            18.2764136
          ],
          [
            100.3338801,
            18.2764263
          ],
          [
            100.3340596,
            18.2764155
          ],
          [
            100.3342278,
            18.2763774
          ],
          [
            100.3343691,
            18.2763501
          ],
          [
            100.3344509,
            18.276343
          ],
          [
            100.3345536,
            18.2763647
          ],
          [
            100.3346923,
            18.2764143
          ],
          [
            100.3348146,
            18.2764809
          ],
          [
            100.3349321,
            18.2766234
          ],
          [
            100.3351229,
            18.2769177
          ],
          [
            100.3352239,
            18.2770495
          ],
          [
            100.335547,
            18.277355
          ],
          [
            100.3358284,
            18.2776486
          ],
          [
            100.3358381,
            18.2776869
          ],
          [
            100.3358448,
            18.2777157
          ]
        ]
      }
    },
    {
      "type": "Feature",
      "id": 1212049853,
      "properties": {
        "id": 1212049853,
        "name": "ถนน",
        "category": "ถนนสายหลัก",
        "highway": "track",
        "waterway": null,
        "ref": null
      },
      "geometry": {
        "type": "LineString",
        "coordinates": [
          [
            100.3441511,
            18.2707223
          ],
          [
            100.3443438,
            18.2708306
          ],
          [
            100.3447213,
            18.2709603
          ],
          [
            100.3449621,
            18.2710081
          ],
          [
            100.345203,
            18.2710354
          ],
          [
            100.345469,
            18.2710695
          ],
          [
            100.345789,
            18.2711378
          ],
          [
            100.3460082,
            18.2712129
          ],
          [
            100.3461844,
            18.271346
          ],
          [
            100.3463533,
            18.2714553
          ],
          [
            100.3464684,
            18.2714689
          ],
          [
            100.3468782,
            18.2713665
          ],
          [
            100.347022,
            18.2713529
          ],
          [
            100.3472269,
            18.2714177
          ],
          [
            100.3479099,
            18.2713221
          ],
          [
            100.3482838,
            18.271329
          ],
          [
            100.3489776,
            18.2714109
          ],
          [
            100.3490819,
            18.2713972
          ],
          [
            100.349258,
            18.2713494
          ],
          [
            100.3493012,
            18.2713119
          ],
          [
            100.349409,
            18.2710968
          ],
          [
            100.34956,
            18.2708749
          ],
          [
            100.3499806,
            18.2704482
          ],
          [
            100.3504839,
            18.2697757
          ],
          [
            100.3506528,
            18.2696187
          ],
          [
            100.3507355,
            18.2695709
          ],
          [
            100.3508434,
            18.2695334
          ],
          [
            100.3510734,
            18.2695368
          ],
          [
            100.3511885,
            18.26953
          ],
          [
            100.3512963,
            18.2695231
          ],
          [
            100.3514329,
            18.2695812
          ],
          [
            100.3516378,
            18.2697006
          ],
          [
            100.3518248,
            18.2698201
          ],
          [
            100.3519146,
            18.269885
          ],
          [
            100.3520153,
            18.2700113
          ],
          [
            100.3520564,
            18.2701613
          ],
          [
            100.3520766,
            18.2702187
          ],
          [
            100.3521146,
            18.2703186
          ],
          [
            100.3521527,
            18.2703908
          ],
          [
            100.3522198,
            18.270446
          ],
          [
            100.3523138,
            18.2704779
          ],
          [
            100.3524816,
            18.2705055
          ],
          [
            100.3525823,
            18.2705034
          ],
          [
            100.3527255,
            18.2704439
          ],
          [
            100.3529291,
            18.270344
          ],
          [
            100.3530432,
            18.2703207
          ],
          [
            100.353314,
            18.2702846
          ]
        ]
      }
    },
    {
      "type": "Feature",
      "id": 1212049854,
      "properties": {
        "id": 1212049854,
        "name": "ถนน",
        "category": "ถนนสายหลัก",
        "highway": "track",
        "waterway": null,
        "ref": null
      },
      "geometry": {
        "type": "LineString",
        "coordinates": [
          [
            100.3469309,
            18.2756824
          ],
          [
            100.3469921,
            18.2762348
          ],
          [
            100.347009,
            18.2763987
          ],
          [
            100.3471058,
            18.2766985
          ],
          [
            100.3471437,
            18.2770464
          ],
          [
            100.3471521,
            18.2774182
          ],
          [
            100.34711,
            18.277826
          ],
          [
            100.3470778,
            18.2779725
          ],
          [
            100.3470845,
            18.2780341
          ],
          [
            100.3471136,
            18.2780851
          ],
          [
            100.3473687,
            18.2782849
          ],
          [
            100.3476193,
            18.2784888
          ],
          [
            100.3477088,
            18.2786057
          ],
          [
            100.3478945,
            18.2787353
          ],
          [
            100.3479616,
            18.278799
          ],
          [
            100.3479929,
            18.2788628
          ],
          [
            100.3480041,
            18.2789711
          ],
          [
            100.3480377,
            18.2792261
          ],
          [
            100.3480556,
            18.2792877
          ],
          [
            100.3481272,
            18.2794237
          ],
          [
            100.3482078,
            18.2794832
          ],
          [
            100.3482503,
            18.2795618
          ],
          [
            100.348427,
            18.279906
          ],
          [
            100.3485306,
            18.2801692
          ],
          [
            100.3485731,
            18.280321
          ],
          [
            100.3486024,
            18.2804496
          ],
          [
            100.3486073,
            18.280575
          ],
          [
            100.3485959,
            18.2807113
          ],
          [
            100.3486399,
            18.2809251
          ],
          [
            100.3487492,
            18.2813433
          ],
          [
            100.3487721,
            18.2814672
          ],
          [
            100.3488031,
            18.2815369
          ],
          [
            100.3488308,
            18.2815555
          ],
          [
            100.3488699,
            18.2815555
          ],
          [
            100.3493984,
            18.2814052
          ],
          [
            100.3501096,
            18.2809479
          ],
          [
            100.3501511,
            18.2809269
          ],
          [
            100.3501873,
            18.2809202
          ],
          [
            100.3503155,
            18.2810181
          ],
          [
            100.3506093,
            18.2813104
          ],
          [
            100.3506706,
            18.2813487
          ],
          [
            100.3507403,
            18.2813633
          ],
          [
            100.3510522,
            18.2815273
          ],
          [
            100.3512472,
            18.2816502
          ],
          [
            100.3513099,
            18.2816727
          ],
          [
            100.3514422,
            18.281682
          ],
          [
            100.3518486,
            18.2817568
          ],
          [
            100.3521614,
            18.2818524
          ],
          [
            100.352262,
            18.2818673
          ],
          [
            100.3527454,
            18.2819417
          ],
          [
            100.352808,
            18.2819417
          ],
          [
            100.3531638,
            18.2817334
          ]
        ]
      }
    },
    {
      "type": "Feature",
      "id": 1212100500,
      "properties": {
        "id": 1212100500,
        "name": "ถนน",
        "category": "ถนนสายหลัก",
        "highway": "track",
        "waterway": null,
        "ref": null
      },
      "geometry": {
        "type": "LineString",
        "coordinates": [
          [
            100.3090048,
            18.231786
          ],
          [
            100.308961,
            18.2319265
          ],
          [
            100.3089028,
            18.2321205
          ],
          [
            100.3088798,
            18.2322835
          ],
          [
            100.3088786,
            18.2323317
          ],
          [
            100.3088856,
            18.2323733
          ],
          [
            100.3089155,
            18.232428
          ],
          [
            100.3089697,
            18.2324827
          ],
          [
            100.3091529,
            18.2326337
          ],
          [
            100.3091874,
            18.2326764
          ],
          [
            100.3092128,
            18.2327278
          ],
          [
            100.309237,
            18.2328471
          ],
          [
            100.3092796,
            18.233054
          ],
          [
            100.3092808,
            18.233159
          ],
          [
            100.309275,
            18.2332061
          ],
          [
            100.3092508,
            18.2332783
          ],
          [
            100.3091102,
            18.2336318
          ],
          [
            100.3090618,
            18.2336723
          ],
          [
            100.3090008,
            18.2337007
          ],
          [
            100.3089386,
            18.2337248
          ],
          [
            100.3086735,
            18.2337762
          ],
          [
            100.308624,
            18.2337948
          ],
          [
            100.3085768,
            18.23382
          ],
          [
            100.3083636,
            18.2339732
          ],
          [
            100.3083002,
            18.2340082
          ],
          [
            100.3081723,
            18.234075
          ],
          [
            100.3080848,
            18.2341275
          ],
          [
            100.3079949,
            18.2341976
          ],
          [
            100.307905,
            18.2343026
          ],
          [
            100.3076507,
            18.2346783
          ],
          [
            100.3074434,
            18.2349332
          ],
          [
            100.3073749,
            18.2350158
          ],
          [
            100.307349,
            18.2350844
          ],
          [
            100.3072046,
            18.2356453
          ],
          [
            100.3071639,
            18.2358633
          ],
          [
            100.3071046,
            18.2360514
          ],
          [
            100.3070732,
            18.236076
          ],
          [
            100.3066373,
            18.2360304
          ],
          [
            100.3065741,
            18.2360034
          ],
          [
            100.3064872,
            18.2359223
          ]
        ]
      }
    },
    {
      "type": "Feature",
      "id": 1212107333,
      "properties": {
        "id": 1212107333,
        "name": "ถนน",
        "category": "ถนนสายหลัก",
        "highway": "track",
        "waterway": null,
        "ref": null
      },
      "geometry": {
        "type": "LineString",
        "coordinates": [
          [
            100.3106686,
            18.2334765
          ],
          [
            100.3107148,
            18.2336545
          ],
          [
            100.3107736,
            18.233939
          ],
          [
            100.3108658,
            18.234368
          ],
          [
            100.3108819,
            18.2345015
          ],
          [
            100.3108773,
            18.2345879
          ],
          [
            100.3108646,
            18.234623
          ],
          [
            100.3108197,
            18.2346449
          ],
          [
            100.3106503,
            18.2346875
          ],
          [
            100.3104913,
            18.234705
          ]
        ]
      }
    },
    {
      "type": "Feature",
      "id": 1212107334,
      "properties": {
        "id": 1212107334,
        "name": "ถนน",
        "category": "ถนนสายหลัก",
        "highway": "track",
        "waterway": null,
        "ref": null
      },
      "geometry": {
        "type": "LineString",
        "coordinates": [
          [
            100.3142784,
            18.2312735
          ],
          [
            100.3146295,
            18.2318127
          ],
          [
            100.3146397,
            18.2318706
          ],
          [
            100.3146168,
            18.231955
          ],
          [
            100.3144975,
            18.2323915
          ],
          [
            100.3144746,
            18.232541
          ],
          [
            100.3144823,
            18.232664
          ]
        ]
      }
    },
    {
      "type": "Feature",
      "id": 1212107335,
      "properties": {
        "id": 1212107335,
        "name": "ถนน",
        "category": "ถนนสายหลัก",
        "highway": "track",
        "waterway": null,
        "ref": null
      },
      "geometry": {
        "type": "LineString",
        "coordinates": [
          [
            100.3146397,
            18.2318706
          ],
          [
            100.3149317,
            18.2319719
          ],
          [
            100.3151095,
            18.232037
          ],
          [
            100.3154167,
            18.2322082
          ],
          [
            100.3154929,
            18.2322372
          ],
          [
            100.3155538,
            18.232254
          ],
          [
            100.3156351,
            18.2322468
          ],
          [
            100.3160109,
            18.2321527
          ],
          [
            100.3163537,
            18.232037
          ],
          [
            100.3164324,
            18.2320153
          ],
          [
            100.3164984,
            18.2320249
          ],
          [
            100.3165746,
            18.2320563
          ],
          [
            100.3166457,
            18.2321045
          ],
          [
            100.3166762,
            18.2321479
          ],
          [
            100.3166813,
            18.2322323
          ],
          [
            100.3166635,
            18.2323626
          ],
          [
            100.3166762,
            18.2324156
          ],
          [
            100.3167244,
            18.2325772
          ],
          [
            100.3168108,
            18.2327364
          ],
          [
            100.3169352,
            18.2328763
          ],
          [
            100.3172069,
            18.2331367
          ],
          [
            100.3172526,
            18.2332043
          ],
          [
            100.3172704,
            18.2332839
          ],
          [
            100.3172881,
            18.2334334
          ],
          [
            100.3174684,
            18.2338024
          ],
          [
            100.3175243,
            18.2338989
          ],
          [
            100.3177884,
            18.2341135
          ],
          [
            100.3178493,
            18.2341859
          ],
          [
            100.3180169,
            18.2344053
          ],
          [
            100.3180651,
            18.2345042
          ],
          [
            100.3181235,
            18.2347454
          ],
          [
            100.3181616,
            18.2347936
          ],
          [
            100.3182099,
            18.2348322
          ],
          [
            100.3182835,
            18.2348491
          ],
          [
            100.3183851,
            18.2348539
          ],
          [
            100.3184562,
            18.2348636
          ],
          [
            100.3185247,
            18.234907
          ],
          [
            100.3185832,
            18.2349817
          ],
          [
            100.3186416,
            18.235071
          ],
          [
            100.3186593,
            18.2351771
          ],
          [
            100.3186441,
            18.2352567
          ],
          [
            100.3186111,
            18.2354038
          ],
          [
            100.3186111,
            18.2355051
          ],
          [
            100.3186492,
            18.2356257
          ],
          [
            100.3188765,
            18.2361151
          ]
        ]
      }
    },
    {
      "type": "Feature",
      "id": 1212107336,
      "properties": {
        "id": 1212107336,
        "name": "ถนน",
        "category": "ถนนสายหลัก",
        "highway": "track",
        "waterway": null,
        "ref": null
      },
      "geometry": {
        "type": "LineString",
        "coordinates": [
          [
            100.3144823,
            18.232664
          ],
          [
            100.3157012,
            18.2324922
          ],
          [
            100.3158445,
            18.2325285
          ],
          [
            100.3159974,
            18.2326011
          ],
          [
            100.3161073,
            18.2327327
          ],
          [
            100.316179,
            18.2328779
          ],
          [
            100.3163749,
            18.2339035
          ],
          [
            100.3165182,
            18.2345116
          ],
          [
            100.3167715,
            18.2354283
          ],
          [
            100.3167596,
            18.2354889
          ],
          [
            100.3167269,
            18.235537
          ],
          [
            100.3166882,
            18.2355652
          ],
          [
            100.3157871,
            18.2357206
          ],
          [
            100.3157068,
            18.235698
          ],
          [
            100.3156592,
            18.235681
          ],
          [
            100.3156027,
            18.2356104
          ],
          [
            100.3153469,
            18.2346218
          ],
          [
            100.3152934,
            18.2345794
          ],
          [
            100.3152161,
            18.2345568
          ],
          [
            100.3151447,
            18.2345511
          ],
          [
            100.31419,
            18.2346924
          ],
          [
            100.3136071,
            18.2347941
          ],
          [
            100.3135596,
            18.2347799
          ],
          [
            100.3135209,
            18.2347319
          ],
          [
            100.3134406,
            18.234006
          ],
          [
            100.3134228,
            18.2339721
          ],
          [
            100.3133781,
            18.2339467
          ],
          [
            100.3112428,
            18.2342009
          ],
          [
            100.3111833,
            18.2341896
          ],
          [
            100.3111506,
            18.2341444
          ],
          [
            100.3108235,
            18.2327151
          ],
          [
            100.3108265,
            18.2326643
          ],
          [
            100.3108651,
            18.2326219
          ],
          [
            100.3117662,
            18.23241
          ],
          [
            100.3125454,
            18.2322462
          ],
          [
            100.3133127,
            18.23204
          ],
          [
            100.313396,
            18.2320457
          ],
          [
            100.3134525,
            18.2320796
          ],
          [
            100.3134882,
            18.2321445
          ],
          [
            100.3136042,
            18.2326953
          ],
          [
            100.3136428,
            18.2327405
          ],
          [
            100.3136934,
            18.2327688
          ],
          [
            100.3144823,
            18.232664
          ]
        ]
      }
    },
    {
      "type": "Feature",
      "id": 1212107337,
      "properties": {
        "id": 1212107337,
        "name": "ถนน",
        "category": "ถนนสายหลัก",
        "highway": "track",
        "waterway": null,
        "ref": null
      },
      "geometry": {
        "type": "LineString",
        "coordinates": [
          [
            100.3165182,
            18.2345116
          ],
          [
            100.3166137,
            18.2346028
          ],
          [
            100.316659,
            18.2346988
          ],
          [
            100.3167043,
            18.234851
          ],
          [
            100.3167391,
            18.2349304
          ],
          [
            100.3168053,
            18.2349767
          ],
          [
            100.3168819,
            18.2349469
          ],
          [
            100.3169655,
            18.2348675
          ],
          [
            100.3171048,
            18.2346095
          ]
        ]
      }
    },
    {
      "type": "Feature",
      "id": 1212107339,
      "properties": {
        "id": 1212107339,
        "name": "ถนน",
        "category": "ถนนสายหลัก",
        "highway": "track",
        "waterway": null,
        "ref": null
      },
      "geometry": {
        "type": "LineString",
        "coordinates": [
          [
            100.3101154,
            18.2350241
          ],
          [
            100.3099011,
            18.2350725
          ],
          [
            100.3098243,
            18.2351053
          ],
          [
            100.3096209,
            18.2352401
          ],
          [
            100.3094059,
            18.2353094
          ],
          [
            100.3093368,
            18.2353313
          ],
          [
            100.3092562,
            18.2354261
          ],
          [
            100.3091603,
            18.2355245
          ],
          [
            100.3091027,
            18.235601
          ],
          [
            100.3088417,
            18.2362645
          ],
          [
            100.308788,
            18.2364322
          ],
          [
            100.3085347,
            18.237081
          ],
          [
            100.3083466,
            18.237544
          ],
          [
            100.308243,
            18.2376607
          ],
          [
            100.3081777,
            18.2377554
          ],
          [
            100.308147,
            18.2378575
          ],
          [
            100.3081278,
            18.2380142
          ],
          [
            100.3081701,
            18.2381418
          ],
          [
            100.3081816,
            18.2382439
          ],
          [
            100.3081662,
            18.2383788
          ],
          [
            100.3080438,
            18.2386583
          ]
        ]
      }
    },
    {
      "type": "Feature",
      "id": 1212107340,
      "properties": {
        "id": 1212107340,
        "name": "ถนน",
        "category": "ถนนสายหลัก",
        "highway": "track",
        "waterway": null,
        "ref": null
      },
      "geometry": {
        "type": "LineString",
        "coordinates": [
          [
            100.3156862,
            18.2372171
          ],
          [
            100.3161368,
            18.2372637
          ],
          [
            100.3162037,
            18.2372569
          ],
          [
            100.3162945,
            18.2372342
          ],
          [
            100.3170805,
            18.2368439
          ],
          [
            100.3171115,
            18.2368008
          ],
          [
            100.3172477,
            18.2362676
          ],
          [
            100.3173218,
            18.2360316
          ],
          [
            100.3173457,
            18.2359999
          ],
          [
            100.3173815,
            18.2359908
          ],
          [
            100.317997,
            18.2360641
          ]
        ]
      }
    },
    {
      "type": "Feature",
      "id": 1212107341,
      "properties": {
        "id": 1212107341,
        "name": "ถนน",
        "category": "ถนนสายหลัก",
        "highway": "track",
        "waterway": null,
        "ref": null
      },
      "geometry": {
        "type": "LineString",
        "coordinates": [
          [
            100.3090048,
            18.231786
          ],
          [
            100.3090613,
            18.2315764
          ],
          [
            100.3091269,
            18.2313803
          ],
          [
            100.3091465,
            18.2313087
          ],
          [
            100.30914,
            18.2311686
          ],
          [
            100.3089565,
            18.2302629
          ],
          [
            100.3089368,
            18.2300699
          ],
          [
            100.3089368,
            18.2295906
          ],
          [
            100.3089391,
            18.2295344
          ],
          [
            100.3089629,
            18.2294878
          ],
          [
            100.3089971,
            18.2294468
          ],
          [
            100.3090803,
            18.2293903
          ],
          [
            100.3091681,
            18.229307
          ],
          [
            100.3092216,
            18.2292434
          ],
          [
            100.3093004,
            18.2291022
          ],
          [
            100.3093569,
            18.2289807
          ],
          [
            100.3093837,
            18.228872
          ],
          [
            100.3093971,
            18.2288381
          ],
          [
            100.3094179,
            18.2288042
          ],
          [
            100.3094818,
            18.2287364
          ],
          [
            100.3095175,
            18.2286644
          ],
          [
            100.3095577,
            18.2285528
          ],
          [
            100.3097688,
            18.2282294
          ],
          [
            100.3099517,
            18.2280217
          ],
          [
            100.3100082,
            18.2279144
          ],
          [
            100.3101212,
            18.2276828
          ],
          [
            100.3102744,
            18.2274723
          ],
          [
            100.310322,
            18.2273593
          ],
          [
            100.3104826,
            18.2271404
          ],
          [
            100.3105926,
            18.2270218
          ],
          [
            100.3107636,
            18.2268848
          ],
          [
            100.3109644,
            18.2267435
          ],
          [
            100.3111993,
            18.2265938
          ],
          [
            100.3115101,
            18.226454
          ],
          [
            100.3119205,
            18.2263127
          ],
          [
            100.3121569,
            18.2262068
          ],
          [
            100.3122447,
            18.2261546
          ],
          [
            100.312319,
            18.2260952
          ],
          [
            100.3123904,
            18.2260034
          ],
          [
            100.3124499,
            18.2258989
          ],
          [
            100.3124692,
            18.2257944
          ],
          [
            100.3124915,
            18.2256814
          ],
          [
            100.3125257,
            18.2256037
          ],
          [
            100.3125941,
            18.2254568
          ],
          [
            100.3126551,
            18.225334
          ],
          [
            100.3126893,
            18.2253057
          ],
          [
            100.3128439,
            18.2252365
          ],
          [
            100.3129882,
            18.2251857
          ],
          [
            100.3130222,
            18.2251374
          ],
          [
            100.3130099,
            18.224994
          ],
          [
            100.3130467,
            18.2249049
          ],
          [
            100.3131425,
            18.2247983
          ],
          [
            100.31322,
            18.2247596
          ],
          [
            100.3132771,
            18.2247906
          ],
          [
            100.3136749,
            18.2249902
          ],
          [
            100.3137259,
            18.2250037
          ],
          [
            100.3138197,
            18.2249805
          ],
          [
            100.3141339,
            18.2249049
          ],
          [
            100.314251,
            18.2248236
          ]
        ]
      }
    },
    {
      "type": "Feature",
      "id": 1212107345,
      "properties": {
        "id": 1212107345,
        "name": "ถนน (1134)",
        "category": "ถนนสายหลัก",
        "highway": "secondary",
        "waterway": null,
        "ref": "1134"
      },
      "geometry": {
        "type": "LineString",
        "coordinates": [
          [
            100.2916946,
            18.2347099
          ],
          [
            100.2915198,
            18.2343276
          ]
        ]
      }
    },
    {
      "type": "Feature",
      "id": 1212107346,
      "properties": {
        "id": 1212107346,
        "name": "ถนน",
        "category": "ถนนสายหลัก",
        "highway": "unclassified",
        "waterway": null,
        "ref": null
      },
      "geometry": {
        "type": "LineString",
        "coordinates": [
          [
            100.2862965,
            18.2358224
          ],
          [
            100.2862206,
            18.2353086
          ],
          [
            100.2860878,
            18.234933
          ],
          [
            100.2859914,
            18.2345952
          ],
          [
            100.2859577,
            18.2343807
          ],
          [
            100.2859453,
            18.2342342
          ],
          [
            100.2859506,
            18.2339943
          ],
          [
            100.2859269,
            18.2338366
          ],
          [
            100.2858054,
            18.2335047
          ],
          [
            100.2856921,
            18.2333334
          ],
          [
            100.2856556,
            18.2332279
          ],
          [
            100.2856131,
            18.2330811
          ],
          [
            100.2855982,
            18.232998
          ],
          [
            100.2855974,
            18.232874
          ],
          [
            100.285607,
            18.2328056
          ],
          [
            100.2856268,
            18.2327451
          ],
          [
            100.2857238,
            18.2325289
          ],
          [
            100.2858591,
            18.2322611
          ]
        ]
      }
    },
    {
      "type": "Feature",
      "id": 1212108367,
      "properties": {
        "id": 1212108367,
        "name": "ถนน",
        "category": "ถนนสายหลัก",
        "highway": "track",
        "waterway": null,
        "ref": null
      },
      "geometry": {
        "type": "LineString",
        "coordinates": [
          [
            100.2854574,
            18.2462726
          ],
          [
            100.2852813,
            18.2461747
          ],
          [
            100.2846117,
            18.2455828
          ],
          [
            100.2841177,
            18.2451515
          ],
          [
            100.2840249,
            18.2450508
          ]
        ]
      }
    },
    {
      "type": "Feature",
      "id": 1212109877,
      "properties": {
        "id": 1212109877,
        "name": "ถนน",
        "category": "ถนนสายหลัก",
        "highway": "track",
        "waterway": null,
        "ref": null
      },
      "geometry": {
        "type": "LineString",
        "coordinates": [
          [
            100.2793701,
            18.2525268
          ],
          [
            100.279519,
            18.2526791
          ],
          [
            100.279582,
            18.2526887
          ],
          [
            100.2796429,
            18.2526907
          ],
          [
            100.2798052,
            18.252681
          ],
          [
            100.2801361,
            18.252602
          ],
          [
            100.2803188,
            18.2525808
          ],
          [
            100.2805643,
            18.2525789
          ],
          [
            100.2805968,
            18.2525885
          ],
          [
            100.2806394,
            18.2526348
          ],
          [
            100.2807328,
            18.252735
          ],
          [
            100.2807876,
            18.2527523
          ],
          [
            100.2808505,
            18.2527388
          ],
          [
            100.2809256,
            18.2527041
          ],
          [
            100.2809804,
            18.252629
          ],
          [
            100.2810048,
            18.2525576
          ],
          [
            100.2810555,
            18.2522396
          ],
          [
            100.2811144,
            18.2519948
          ],
          [
            100.2812037,
            18.2514608
          ],
          [
            100.281298,
            18.2513277
          ]
        ]
      }
    },
    {
      "type": "Feature",
      "id": 1212111292,
      "properties": {
        "id": 1212111292,
        "name": "ถนน",
        "category": "ถนนสายหลัก",
        "highway": "track",
        "waterway": null,
        "ref": null
      },
      "geometry": {
        "type": "LineString",
        "coordinates": [
          [
            100.2833807,
            18.2559224
          ],
          [
            100.2840282,
            18.2551799
          ],
          [
            100.2848629,
            18.2541786
          ],
          [
            100.2856503,
            18.2533827
          ],
          [
            100.2863971,
            18.2525804
          ],
          [
            100.287325,
            18.2514875
          ],
          [
            100.2875325,
            18.2512433
          ],
          [
            100.2880304,
            18.2505264
          ]
        ]
      }
    },
    {
      "type": "Feature",
      "id": 1212111298,
      "properties": {
        "id": 1212111298,
        "name": "ถนน",
        "category": "ถนนสายหลัก",
        "highway": "track",
        "waterway": null,
        "ref": null
      },
      "geometry": {
        "type": "LineString",
        "coordinates": [
          [
            100.2823392,
            18.2579883
          ],
          [
            100.2825753,
            18.2578093
          ],
          [
            100.2830023,
            18.2575784
          ],
          [
            100.283119,
            18.2575596
          ],
          [
            100.2831743,
            18.2575521
          ],
          [
            100.2831961,
            18.2575183
          ],
          [
            100.2832159,
            18.2572761
          ],
          [
            100.2832574,
            18.2571972
          ],
          [
            100.2834057,
            18.2569231
          ],
          [
            100.2835164,
            18.2567748
          ],
          [
            100.2835579,
            18.256756
          ],
          [
            100.2839197,
            18.2567204
          ]
        ]
      }
    },
    {
      "type": "Feature",
      "id": 1212126326,
      "properties": {
        "id": 1212126326,
        "name": "ถนน",
        "category": "ถนนสายหลัก",
        "highway": "track",
        "waterway": null,
        "ref": null
      },
      "geometry": {
        "type": "LineString",
        "coordinates": [
          [
            100.3852606,
            18.2472691
          ],
          [
            100.3852111,
            18.2473217
          ],
          [
            100.3851362,
            18.2473312
          ],
          [
            100.3850239,
            18.2473146
          ],
          [
            100.384969,
            18.2473004
          ],
          [
            100.3848667,
            18.2472293
          ],
          [
            100.3847095,
            18.2471084
          ],
          [
            100.3846047,
            18.2470728
          ],
          [
            100.3844949,
            18.2470657
          ],
          [
            100.384415,
            18.24708
          ],
          [
            100.3843127,
            18.2471297
          ],
          [
            100.3842478,
            18.2471866
          ],
          [
            100.3842403,
            18.2473265
          ],
          [
            100.3842503,
            18.2475469
          ],
          [
            100.3842727,
            18.2476843
          ],
          [
            100.3843451,
            18.2477863
          ],
          [
            100.3843601,
            18.2478669
          ],
          [
            100.3843476,
            18.2479427
          ],
          [
            100.3842952,
            18.2480209
          ],
          [
            100.384148,
            18.2481276
          ],
          [
            100.3840956,
            18.2481916
          ],
          [
            100.3840706,
            18.2482864
          ],
          [
            100.3840856,
            18.2486134
          ],
          [
            100.3841105,
            18.248668
          ],
          [
            100.3842328,
            18.248758
          ],
          [
            100.3842603,
            18.2487983
          ],
          [
            100.3842578,
            18.2488576
          ],
          [
            100.3841455,
            18.2490519
          ],
          [
            100.384128,
            18.2491373
          ],
          [
            100.3841505,
            18.2492297
          ],
          [
            100.3842453,
            18.2494951
          ],
          [
            100.3842653,
            18.2496587
          ],
          [
            100.3842827,
            18.2498459
          ],
          [
            100.3842664,
            18.2499897
          ],
          [
            100.3842118,
            18.250147
          ],
          [
            100.3841845,
            18.2501902
          ],
          [
            100.384139,
            18.2502247
          ],
          [
            100.3839189,
            18.250318
          ],
          [
            100.383837,
            18.2503284
          ],
          [
            100.3837697,
            18.2503129
          ],
          [
            100.3835314,
            18.2501936
          ],
          [
            100.3834877,
            18.250185
          ],
          [
            100.3834204,
            18.2501884
          ],
          [
            100.3832403,
            18.2502472
          ],
          [
            100.3826017,
            18.250363
          ],
          [
            100.3825398,
            18.2503647
          ],
          [
            100.3823706,
            18.2503267
          ],
          [
            100.3823051,
            18.2503249
          ],
          [
            100.3822506,
            18.2503301
          ],
          [
            100.3820686,
            18.2504649
          ],
          [
            100.3818812,
            18.2506982
          ],
          [
            100.3818212,
            18.2507396
          ],
          [
            100.3817393,
            18.2507725
          ],
          [
            100.381461,
            18.2508329
          ],
          [
            100.3813846,
            18.2508277
          ],
          [
            100.3812517,
            18.2507811
          ],
          [
            100.3811844,
            18.2507828
          ],
          [
            100.3807369,
            18.2508779
          ],
          [
            100.3806772,
            18.2509055
          ],
          [
            100.3806688,
            18.2509453
          ],
          [
            100.3806859,
            18.2509878
          ],
          [
            100.3807711,
            18.2510526
          ],
          [
            100.3808734,
            18.2511477
          ],
          [
            100.3809203,
            18.2511983
          ],
          [
            100.3809927,
            18.2512246
          ],
          [
            100.3810524,
            18.2512367
          ],
          [
            100.3810907,
            18.2512651
          ],
          [
            100.3811184,
            18.2513237
          ],
          [
            100.3811163,
            18.2513662
          ],
          [
            100.3810971,
            18.2514229
          ],
          [
            100.3809799,
            18.2516516
          ],
          [
            100.3809245,
            18.2518074
          ],
          [
            100.3808819,
            18.2520118
          ],
          [
            100.3808606,
            18.2522121
          ],
          [
            100.3808713,
            18.2523275
          ],
          [
            100.3808563,
            18.2524084
          ],
          [
            100.3808223,
            18.2524853
          ],
          [
            100.380769,
            18.2525582
          ],
          [
            100.380671,
            18.2526168
          ],
          [
            100.3805538,
            18.2526533
          ],
          [
            100.3805026,
            18.2526796
          ],
          [
            100.3802022,
            18.2529669
          ],
          [
            100.3801383,
            18.2530499
          ],
          [
            100.3801084,
            18.2531248
          ],
          [
            100.3800338,
            18.253319
          ],
          [
            100.3799614,
            18.2534425
          ],
          [
            100.3798378,
            18.253576
          ],
          [
            100.3797057,
            18.2537642
          ],
          [
            100.3794947,
            18.2541204
          ],
          [
            100.3794564,
            18.2542034
          ],
          [
            100.3793925,
            18.25443
          ],
          [
            100.3793328,
            18.2545899
          ],
          [
            100.3792795,
            18.2547477
          ],
          [
            100.3791133,
            18.2549845
          ]
        ]
      }
    },
    {
      "type": "Feature",
      "id": 1212126327,
      "properties": {
        "id": 1212126327,
        "name": "ถนน",
        "category": "ถนนสายหลัก",
        "highway": "track",
        "waterway": null,
        "ref": null
      },
      "geometry": {
        "type": "LineString",
        "coordinates": [
          [
            100.3842727,
            18.2476843
          ],
          [
            100.3840669,
            18.2478891
          ],
          [
            100.3839895,
            18.2479413
          ],
          [
            100.3838348,
            18.2479887
          ],
          [
            100.3835203,
            18.2481712
          ],
          [
            100.3834205,
            18.2482138
          ],
          [
            100.3833731,
            18.2481972
          ],
          [
            100.3833082,
            18.2481522
          ],
          [
            100.3831984,
            18.2479199
          ],
          [
            100.383131,
            18.2478417
          ],
          [
            100.3830411,
            18.2477848
          ],
          [
            100.3828415,
            18.2476332
          ],
          [
            100.3827492,
            18.2475597
          ],
          [
            100.3826094,
            18.2474364
          ],
          [
            100.3824497,
            18.247325
          ],
          [
            100.3823598,
            18.2472871
          ],
          [
            100.3820579,
            18.2472326
          ],
          [
            100.381948,
            18.2472279
          ],
          [
            100.3816286,
            18.24728
          ],
          [
            100.3814789,
            18.2472824
          ],
          [
            100.3812742,
            18.2473013
          ],
          [
            100.3811295,
            18.2473416
          ],
          [
            100.3808949,
            18.2474506
          ],
          [
            100.3807202,
            18.2475763
          ],
          [
            100.3806203,
            18.2475749
          ],
          [
            100.3804475,
            18.2475058
          ],
          [
            100.3803802,
            18.2474868
          ],
          [
            100.3802892,
            18.2474643
          ],
          [
            100.3802201,
            18.2474315
          ],
          [
            100.3801164,
            18.2473624
          ],
          [
            100.3800545,
            18.2472863
          ],
          [
            100.3800036,
            18.2470151
          ],
          [
            100.3799818,
            18.2469511
          ],
          [
            100.3799363,
            18.2468906
          ],
          [
            100.3798817,
            18.2468371
          ],
          [
            100.3797798,
            18.2467714
          ],
          [
            100.3795906,
            18.2467075
          ],
          [
            100.3795251,
            18.2466833
          ],
          [
            100.379456,
            18.246647
          ],
          [
            100.3792704,
            18.246514
          ],
          [
            100.379194,
            18.246495
          ],
          [
            100.3790939,
            18.246476
          ],
          [
            100.3786009,
            18.2464863
          ],
          [
            100.3781551,
            18.2464276
          ],
          [
            100.3780478,
            18.2463792
          ],
          [
            100.377693,
            18.2461719
          ],
          [
            100.3775547,
            18.2461235
          ],
          [
            100.3773346,
            18.2460699
          ],
          [
            100.3772127,
            18.2460544
          ],
          [
            100.3770817,
            18.2460474
          ],
          [
            100.3769562,
            18.2460716
          ],
          [
            100.3768616,
            18.2461269
          ],
          [
            100.3768197,
            18.2461684
          ],
          [
            100.3767888,
            18.2462669
          ],
          [
            100.3767451,
            18.2463135
          ],
          [
            100.3767033,
            18.2463585
          ],
          [
            100.3766032,
            18.2464103
          ],
          [
            100.376414,
            18.2464881
          ],
          [
            100.3762648,
            18.2465589
          ],
          [
            100.3761447,
            18.2466401
          ],
          [
            100.3760483,
            18.2467351
          ],
          [
            100.3759901,
            18.246806
          ],
          [
            100.3759574,
            18.2468751
          ],
          [
            100.3759464,
            18.24692
          ]
        ]
      }
    },
    {
      "type": "Feature",
      "id": 1212126330,
      "properties": {
        "id": 1212126330,
        "name": "ถนน",
        "category": "ถนนสายหลัก",
        "highway": "track",
        "waterway": null,
        "ref": null
      },
      "geometry": {
        "type": "LineString",
        "coordinates": [
          [
            100.3909182,
            18.2553199
          ],
          [
            100.3907486,
            18.2552964
          ],
          [
            100.3906838,
            18.2552951
          ],
          [
            100.3906029,
            18.2553003
          ],
          [
            100.390526,
            18.2553285
          ],
          [
            100.3904397,
            18.2553695
          ],
          [
            100.3903295,
            18.2554238
          ],
          [
            100.3902009,
            18.2555142
          ],
          [
            100.3900835,
            18.2555898
          ],
          [
            100.3900039,
            18.2556795
          ],
          [
            100.3898704,
            18.2558947
          ],
          [
            100.3898393,
            18.2559767
          ],
          [
            100.3898258,
            18.2560895
          ],
          [
            100.3898569,
            18.2563816
          ],
          [
            100.3898704,
            18.2565609
          ],
          [
            100.3898919,
            18.2567134
          ],
          [
            100.3898767,
            18.2567562
          ],
          [
            100.3898214,
            18.2567972
          ],
          [
            100.3897418,
            18.2568203
          ],
          [
            100.3896663,
            18.2568088
          ],
          [
            100.3895853,
            18.2567844
          ],
          [
            100.3893708,
            18.2566409
          ],
          [
            100.3892184,
            18.256614
          ],
          [
            100.3889257,
            18.2565103
          ],
          [
            100.3888029,
            18.2564411
          ],
          [
            100.388753,
            18.2564283
          ],
          [
            100.3885803,
            18.256436
          ],
          [
            100.3884791,
            18.256427
          ],
          [
            100.38839,
            18.2564092
          ],
          [
            100.3883279,
            18.2564309
          ],
          [
            100.3882996,
            18.2564643
          ],
          [
            100.3882848,
            18.2565027
          ],
          [
            100.3882861,
            18.2566667
          ],
          [
            100.3882726,
            18.2567026
          ],
          [
            100.3882119,
            18.2567333
          ],
          [
            100.3881539,
            18.2567564
          ],
          [
            100.3881148,
            18.2567833
          ],
          [
            100.3879232,
            18.2568089
          ],
          [
            100.3878949,
            18.2568255
          ],
          [
            100.3878706,
            18.2568524
          ],
          [
            100.3878517,
            18.2568998
          ],
          [
            100.3878382,
            18.2570869
          ],
          [
            100.387791,
            18.2572573
          ],
          [
            100.387721,
            18.2580784
          ],
          [
            100.3876824,
            18.2582082
          ],
          [
            100.3874594,
            18.2585866
          ],
          [
            100.3874415,
            18.2586882
          ],
          [
            100.3874653,
            18.2588124
          ],
          [
            100.3875218,
            18.2588943
          ],
          [
            100.3875724,
            18.2589649
          ],
          [
            100.3877507,
            18.2590694
          ],
          [
            100.3878697,
            18.259123
          ],
          [
            100.3881551,
            18.259346
          ],
          [
            100.3881937,
            18.2594053
          ],
          [
            100.3881997,
            18.2595013
          ],
          [
            100.3881818,
            18.2596792
          ],
          [
            100.3882145,
            18.2600604
          ],
          [
            100.3882375,
            18.2606043
          ],
          [
            100.3882201,
            18.2607233
          ],
          [
            100.3880913,
            18.2612524
          ],
          [
            100.3880808,
            18.2613317
          ]
        ]
      }
    },
    {
      "type": "Feature",
      "id": 1212171902,
      "properties": {
        "id": 1212171902,
        "name": "ถนน",
        "category": "ถนนสายหลัก",
        "highway": "track",
        "waterway": null,
        "ref": null
      },
      "geometry": {
        "type": "LineString",
        "coordinates": [
          [
            100.3898704,
            18.2565609
          ],
          [
            100.3900293,
            18.2566761
          ],
          [
            100.390081,
            18.2567497
          ],
          [
            100.3901693,
            18.2569319
          ],
          [
            100.390206,
            18.2569953
          ],
          [
            100.3903633,
            18.2571447
          ],
          [
            100.3905034,
            18.2572307
          ],
          [
            100.3905982,
            18.2572491
          ],
          [
            100.3908223,
            18.2573085
          ],
          [
            100.3908697,
            18.257331
          ],
          [
            100.3910788,
            18.2575663
          ],
          [
            100.3911391,
            18.2576584
          ],
          [
            100.3913245,
            18.2578467
          ],
          [
            100.3913568,
            18.2579143
          ],
          [
            100.3913784,
            18.2580453
          ],
          [
            100.3913848,
            18.2581046
          ],
          [
            100.3914279,
            18.2581414
          ],
          [
            100.3915745,
            18.2582192
          ],
          [
            100.3917943,
            18.2581701
          ]
        ]
      }
    },
    {
      "type": "Feature",
      "id": 1212171903,
      "properties": {
        "id": 1212171903,
        "name": "ถนน",
        "category": "ถนนสายหลัก",
        "highway": "track",
        "waterway": null,
        "ref": null
      },
      "geometry": {
        "type": "LineString",
        "coordinates": [
          [
            100.38839,
            18.2564092
          ],
          [
            100.3883588,
            18.2563627
          ],
          [
            100.3879508,
            18.256169
          ],
          [
            100.3877794,
            18.2560708
          ],
          [
            100.3876375,
            18.2560202
          ],
          [
            100.3875045,
            18.255936
          ],
          [
            100.3873537,
            18.2558125
          ],
          [
            100.3872029,
            18.255776
          ],
          [
            100.3871172,
            18.2557732
          ],
          [
            100.386996,
            18.2558209
          ],
          [
            100.3868452,
            18.2559164
          ],
          [
            100.3866944,
            18.2560427
          ],
          [
            100.386423,
            18.2562482
          ],
          [
            100.386357,
            18.2563034
          ],
          [
            100.386269,
            18.2563825
          ],
          [
            100.386225,
            18.2564511
          ],
          [
            100.3860773,
            18.2568539
          ],
          [
            100.3860286,
            18.2569569
          ],
          [
            100.3859846,
            18.2570061
          ],
          [
            100.3857804,
            18.2571315
          ],
          [
            100.3857113,
            18.2571896
          ],
          [
            100.3856201,
            18.2572926
          ],
          [
            100.3855777,
            18.2573791
          ],
          [
            100.3855447,
            18.2576059
          ],
          [
            100.3855243,
            18.2576671
          ],
          [
            100.3854709,
            18.2577521
          ],
          [
            100.3853499,
            18.2578834
          ],
          [
            100.3852619,
            18.2579446
          ],
          [
            100.3851787,
            18.257955
          ],
          [
            100.385075,
            18.2579535
          ],
          [
            100.3849917,
            18.2579207
          ],
          [
            100.3849351,
            18.2579162
          ],
          [
            100.384866,
            18.2579401
          ],
          [
            100.384734,
            18.2579714
          ],
          [
            100.3846555,
            18.2579744
          ],
          [
            100.384467,
            18.2579461
          ],
          [
            100.3843994,
            18.2579476
          ],
          [
            100.3843161,
            18.2579655
          ],
          [
            100.384181,
            18.2580013
          ],
          [
            100.3841197,
            18.2580043
          ],
          [
            100.3839422,
            18.2579759
          ],
          [
            100.3838087,
            18.2579729
          ],
          [
            100.383628,
            18.2579625
          ],
          [
            100.383485,
            18.2579341
          ],
          [
            100.3834033,
            18.2578879
          ],
          [
            100.3832871,
            18.2577969
          ],
          [
            100.3832148,
            18.2577835
          ],
          [
            100.3831347,
            18.257782
          ],
          [
            100.3829446,
            18.2578178
          ],
          [
            100.3828393,
            18.2578222
          ],
          [
            100.3827089,
            18.2578118
          ],
          [
            100.3824717,
            18.2577327
          ],
          [
            100.3823617,
            18.2576671
          ],
          [
            100.3822816,
            18.257597
          ],
          [
            100.382236,
            18.2575358
          ],
          [
            100.3822109,
            18.2574746
          ],
          [
            100.3821936,
            18.257306
          ],
          [
            100.3821559,
            18.2572329
          ],
          [
            100.3821088,
            18.2571882
          ],
          [
            100.3820506,
            18.2571717
          ],
          [
            100.3819611,
            18.2571807
          ],
          [
            100.3818747,
            18.2572061
          ],
          [
            100.381782,
            18.2572538
          ],
          [
            100.3816469,
            18.2573896
          ],
          [
            100.3816339,
            18.2574074
          ],
          [
            100.3815133,
            18.2575731
          ],
          [
            100.3814646,
            18.2576059
          ],
          [
            100.3813436,
            18.2576522
          ],
          [
            100.381185,
            18.257679
          ],
          [
            100.3809886,
            18.257679
          ],
          [
            100.3808927,
            18.2576865
          ],
          [
            100.3807938,
            18.2577103
          ],
          [
            100.3806665,
            18.257773
          ],
          [
            100.3806162,
            18.2578014
          ],
          [
            100.3804968,
            18.2579148
          ],
          [
            100.380456,
            18.2579521
          ],
          [
            100.3803853,
            18.2580028
          ],
          [
            100.3802989,
            18.2580923
          ],
          [
            100.3802517,
            18.2581296
          ],
          [
            100.3801999,
            18.258143
          ],
          [
            100.3801622,
            18.2581341
          ],
          [
            100.3800538,
            18.2580371
          ],
          [
            100.3799564,
            18.2578968
          ],
          [
            100.3799014,
            18.2578402
          ],
          [
            100.3798527,
            18.2578133
          ],
          [
            100.3797066,
            18.2577835
          ],
          [
            100.3795275,
            18.2577506
          ],
          [
            100.3793672,
            18.2577432
          ],
          [
            100.3793484,
            18.2577641
          ],
          [
            100.3793327,
            18.2578402
          ],
          [
            100.3792557,
            18.2580505
          ],
          [
            100.3791865,
            18.2581967
          ],
          [
            100.3791708,
            18.2582519
          ],
          [
            100.379185,
            18.2583086
          ],
          [
            100.3792085,
            18.2583907
          ],
          [
            100.3792604,
            18.2584459
          ]
        ]
      }
    },
    {
      "type": "Feature",
      "id": 1212774537,
      "properties": {
        "id": 1212774537,
        "name": "ถนน",
        "category": "ถนนสายหลัก",
        "highway": "track",
        "waterway": null,
        "ref": null
      },
      "geometry": {
        "type": "LineString",
        "coordinates": [
          [
            100.3020002,
            18.2663153
          ],
          [
            100.3018923,
            18.2663456
          ],
          [
            100.3015347,
            18.2663688
          ],
          [
            100.3014485,
            18.2663723
          ],
          [
            100.3013437,
            18.2664168
          ],
          [
            100.3008549,
            18.2666515
          ],
          [
            100.3006696,
            18.2667439
          ],
          [
            100.3006246,
            18.2667777
          ],
          [
            100.3006021,
            18.2668151
          ],
          [
            100.300589,
            18.2668613
          ],
          [
            100.3006078,
            18.2672205
          ],
          [
            100.300604,
            18.2672596
          ],
          [
            100.3005853,
            18.2672934
          ],
          [
            100.3005347,
            18.2673183
          ],
          [
            100.3002951,
            18.2673645
          ],
          [
            100.3002745,
            18.2673698
          ],
          [
            100.3002595,
            18.2673876
          ],
          [
            100.3002295,
            18.2674427
          ],
          [
            100.3001921,
            18.2675121
          ],
          [
            100.3001284,
            18.2676419
          ],
          [
            100.3001041,
            18.2677112
          ],
          [
            100.3000835,
            18.2678037
          ],
          [
            100.3000872,
            18.2678677
          ],
          [
            100.3001209,
            18.2680118
          ],
          [
            100.300134,
            18.2680775
          ],
          [
            100.3001265,
            18.2681398
          ],
          [
            100.3000816,
            18.2684065
          ],
          [
            100.3000086,
            18.2686056
          ],
          [
            100.299988,
            18.2686946
          ],
          [
            100.299988,
            18.2688492
          ],
          [
            100.2999674,
            18.2689115
          ],
          [
            100.2998887,
            18.2690573
          ],
          [
            100.29987,
            18.2691089
          ],
          [
            100.2997932,
            18.2694947
          ],
          [
            100.2996734,
            18.2698681
          ],
          [
            100.2995947,
            18.2700513
          ],
          [
            100.2995592,
            18.2701579
          ],
          [
            100.2994843,
            18.2704069
          ],
          [
            100.2994524,
            18.2704833
          ],
          [
            100.2993232,
            18.2707483
          ]
        ]
      }
    },
    {
      "type": "Feature",
      "id": 1212774542,
      "properties": {
        "id": 1212774542,
        "name": "ถนน",
        "category": "ถนนสายหลัก",
        "highway": "track",
        "waterway": null,
        "ref": null
      },
      "geometry": {
        "type": "LineString",
        "coordinates": [
          [
            100.3020246,
            18.2635449
          ],
          [
            100.302163,
            18.263704
          ],
          [
            100.3022254,
            18.2637875
          ],
          [
            100.3022637,
            18.2638376
          ],
          [
            100.3022717,
            18.2638847
          ],
          [
            100.3022478,
            18.2639545
          ],
          [
            100.3022366,
            18.2639879
          ],
          [
            100.3022462,
            18.2640229
          ],
          [
            100.3022749,
            18.2640532
          ],
          [
            100.3023741,
            18.2641124
          ],
          [
            100.3024268,
            18.2641246
          ],
          [
            100.3025787,
            18.2641185
          ],
          [
            100.3026235,
            18.2641246
          ],
          [
            100.302673,
            18.2641291
          ],
          [
            100.3027226,
            18.2641458
          ],
          [
            100.3027546,
            18.2641595
          ],
          [
            100.3028217,
            18.2642157
          ],
          [
            100.3028505,
            18.2642703
          ],
          [
            100.3028585,
            18.2643144
          ],
          [
            100.3028601,
            18.2643812
          ],
          [
            100.3028265,
            18.2644525
          ],
          [
            100.3027418,
            18.2645482
          ],
          [
            100.3027194,
            18.2645922
          ],
          [
            100.3027242,
            18.2646423
          ],
          [
            100.3027482,
            18.2646985
          ],
          [
            100.3027833,
            18.2647106
          ],
          [
            100.3028745,
            18.2647288
          ],
          [
            100.3029592,
            18.2647653
          ],
          [
            100.3030024,
            18.2647759
          ],
          [
            100.3030471,
            18.2647698
          ],
          [
            100.3031399,
            18.2647349
          ],
          [
            100.303183,
            18.2647319
          ],
          [
            100.303231,
            18.2647395
          ],
          [
            100.3032678,
            18.2647668
          ],
          [
            100.3033014,
            18.2648169
          ],
          [
            100.3033221,
            18.2648609
          ],
          [
            100.3033317,
            18.2649839
          ],
          [
            100.3033317,
            18.2651008
          ],
          [
            100.3033173,
            18.2651798
          ],
          [
            100.3032774,
            18.2652663
          ],
          [
            100.3032374,
            18.2653209
          ],
          [
            100.3031703,
            18.2653741
          ],
          [
            100.30302,
            18.2654561
          ],
          [
            100.3029336,
            18.2655138
          ],
          [
            100.3028521,
            18.2655289
          ],
          [
            100.3027274,
            18.2655244
          ]
        ]
      }
    },
    {
      "type": "Feature",
      "id": 1212774543,
      "properties": {
        "id": 1212774543,
        "name": "ถนน",
        "category": "ถนนสายหลัก",
        "highway": "track",
        "waterway": null,
        "ref": null
      },
      "geometry": {
        "type": "LineString",
        "coordinates": [
          [
            100.3041063,
            18.2586385
          ],
          [
            100.3044915,
            18.258852
          ],
          [
            100.3045249,
            18.258858
          ],
          [
            100.304554,
            18.2588501
          ],
          [
            100.3045811,
            18.2588382
          ],
          [
            100.3046186,
            18.2587888
          ],
          [
            100.3048476,
            18.258417
          ],
          [
            100.3048768,
            18.2583854
          ],
          [
            100.3049059,
            18.2583656
          ],
          [
            100.3049372,
            18.2583616
          ],
          [
            100.3049809,
            18.2583636
          ],
          [
            100.3050392,
            18.2583834
          ],
          [
            100.3061824,
            18.2588125
          ],
          [
            100.3063344,
            18.258858
          ],
          [
            100.3064198,
            18.2588857
          ],
          [
            100.306476,
            18.2588956
          ],
          [
            100.306528,
            18.2588916
          ],
          [
            100.3069861,
            18.2587492
          ]
        ]
      }
    },
    {
      "type": "Feature",
      "id": 1212774544,
      "properties": {
        "id": 1212774544,
        "name": "ถนน",
        "category": "ถนนสายหลัก",
        "highway": "track",
        "waterway": null,
        "ref": null
      },
      "geometry": {
        "type": "LineString",
        "coordinates": [
          [
            100.3080075,
            18.2643467
          ],
          [
            100.3076635,
            18.2641598
          ],
          [
            100.3075763,
            18.2641468
          ],
          [
            100.3074799,
            18.264138
          ],
          [
            100.3073836,
            18.2641642
          ],
          [
            100.3069797,
            18.2643559
          ],
          [
            100.3064061,
            18.2646218
          ],
          [
            100.306296,
            18.2646828
          ],
          [
            100.3062501,
            18.264722
          ],
          [
            100.3061348,
            18.2648946
          ],
          [
            100.3060612,
            18.2649645
          ],
          [
            100.3059642,
            18.2650376
          ],
          [
            100.3053788,
            18.2654061
          ],
          [
            100.3052985,
            18.2654505
          ],
          [
            100.3052517,
            18.2655077
          ],
          [
            100.3051312,
            18.265711
          ],
          [
            100.3049472,
            18.2660224
          ],
          [
            100.3048736,
            18.2661209
          ],
          [
            100.3047967,
            18.2661908
          ],
          [
            100.3043283,
            18.2665593
          ]
        ]
      }
    },
    {
      "type": "Feature",
      "id": 1212776405,
      "properties": {
        "id": 1212776405,
        "name": "ถนน",
        "category": "ถนนสายหลัก",
        "highway": "track",
        "waterway": null,
        "ref": null
      },
      "geometry": {
        "type": "LineString",
        "coordinates": [
          [
            100.3351537,
            18.2554582
          ],
          [
            100.3352921,
            18.2557521
          ],
          [
            100.3353284,
            18.2558154
          ],
          [
            100.335429,
            18.2559109
          ],
          [
            100.3356503,
            18.2560714
          ],
          [
            100.3356946,
            18.2561115
          ],
          [
            100.335773,
            18.256209
          ],
          [
            100.3358374,
            18.2563045
          ],
          [
            100.3358776,
            18.2563503
          ],
          [
            100.335942,
            18.2563904
          ],
          [
            100.3360506,
            18.2564229
          ],
          [
            100.3363303,
            18.2564554
          ],
          [
            100.3363886,
            18.256463
          ],
          [
            100.3364389,
            18.2564802
          ],
          [
            100.336463,
            18.2565108
          ],
          [
            100.3364791,
            18.2565719
          ],
          [
            100.3365013,
            18.2569273
          ],
          [
            100.3365093,
            18.2570228
          ],
          [
            100.3365576,
            18.2572024
          ],
          [
            100.3365777,
            18.2572731
          ],
          [
            100.3365797,
            18.2573399
          ],
          [
            100.3365656,
            18.2577144
          ],
          [
            100.3365435,
            18.2577545
          ],
          [
            100.3365073,
            18.2577965
          ],
          [
            100.3364751,
            18.2578462
          ],
          [
            100.336455,
            18.2579035
          ],
          [
            100.3364449,
            18.2579513
          ],
          [
            100.336453,
            18.2580239
          ],
          [
            100.3365073,
            18.2582607
          ],
          [
            100.3365415,
            18.2585912
          ],
          [
            100.3365495,
            18.258788
          ],
          [
            100.3365495,
            18.2588339
          ],
          [
            100.336449,
            18.2591071
          ],
          [
            100.3364288,
            18.2591777
          ],
          [
            100.3364288,
            18.2592389
          ],
          [
            100.3364771,
            18.2593822
          ],
          [
            100.3365475,
            18.2595713
          ],
          [
            100.3366099,
            18.259812
          ],
          [
            100.3367366,
            18.2600737
          ],
          [
            100.3368654,
            18.2603278
          ],
          [
            100.33698,
            18.260473
          ],
          [
            100.3370887,
            18.2605742
          ],
          [
            100.3371772,
            18.2606315
          ],
          [
            100.3372999,
            18.2606736
          ],
          [
            100.3373562,
            18.260708
          ],
          [
            100.3374246,
            18.2607595
          ],
          [
            100.337489,
            18.2608245
          ],
          [
            100.3375111,
            18.2608875
          ],
          [
            100.3375292,
            18.2609391
          ],
          [
            100.3375151,
            18.2610193
          ],
          [
            100.337491,
            18.2610556
          ],
          [
            100.3374447,
            18.2610977
          ],
          [
            100.3373763,
            18.261134
          ],
          [
            100.3372838,
            18.261176
          ],
          [
            100.3372234,
            18.2612047
          ],
          [
            100.3370947,
            18.2612257
          ],
          [
            100.3370384,
            18.2612295
          ],
          [
            100.3369921,
            18.2612371
          ],
          [
            100.3369116,
            18.2612677
          ],
          [
            100.336807,
            18.2613193
          ],
          [
            100.3366421,
            18.261432
          ],
          [
            100.3365455,
            18.2615141
          ],
          [
            100.3365033,
            18.2615753
          ],
          [
            100.336459,
            18.2616192
          ],
          [
            100.3364228,
            18.2616593
          ],
          [
            100.3363665,
            18.2616708
          ],
          [
            100.3363031,
            18.2616476
          ],
          [
            100.3360401,
            18.2614371
          ],
          [
            100.3358565,
            18.2613272
          ],
          [
            100.3358151,
            18.2613209
          ],
          [
            100.3357771,
            18.2613319
          ],
          [
            100.3357387,
            18.26136
          ],
          [
            100.3353108,
            18.2618228
          ],
          [
            100.3348461,
            18.2623284
          ],
          [
            100.3347925,
            18.262366
          ],
          [
            100.3347628,
            18.2623767
          ],
          [
            100.3347261,
            18.26237
          ],
          [
            100.3346809,
            18.2623378
          ],
          [
            100.3345058,
            18.2621447
          ],
          [
            100.3344436,
            18.2620803
          ],
          [
            100.3344055,
            18.2620575
          ],
          [
            100.3343603,
            18.2620561
          ],
          [
            100.3342854,
            18.2620615
          ],
          [
            100.3341767,
            18.2620575
          ],
          [
            100.3341315,
            18.2620454
          ],
          [
            100.3340736,
            18.2620159
          ],
          [
            100.3340114,
            18.2619783
          ],
          [
            100.3336745,
            18.2617243
          ]
        ]
      }
    },
    {
      "type": "Feature",
      "id": 1214974663,
      "properties": {
        "id": 1214974663,
        "name": "ถนน",
        "category": "ถนนสายหลัก",
        "highway": "track",
        "waterway": null,
        "ref": null
      },
      "geometry": {
        "type": "LineString",
        "coordinates": [
          [
            100.2982959,
            18.2494668
          ],
          [
            100.2983369,
            18.2495915
          ],
          [
            100.2983463,
            18.2496273
          ],
          [
            100.2983275,
            18.2496951
          ],
          [
            100.2982522,
            18.2499238
          ],
          [
            100.298224,
            18.2499631
          ],
          [
            100.2980942,
            18.2500738
          ],
          [
            100.2979043,
            18.2502828
          ],
          [
            100.2978234,
            18.2504168
          ],
          [
            100.2977482,
            18.2506026
          ],
          [
            100.2977218,
            18.2507258
          ],
          [
            100.2976635,
            18.2509152
          ],
          [
            100.2976541,
            18.2509848
          ],
          [
            100.2976466,
            18.251201
          ],
          [
            100.297609,
            18.2513564
          ],
          [
            100.297609,
            18.2513903
          ],
          [
            100.2976221,
            18.2514314
          ],
          [
            100.2976466,
            18.2514707
          ],
          [
            100.2979569,
            18.2516618
          ],
          [
            100.2980529,
            18.2517583
          ],
          [
            100.2982052,
            18.2518958
          ],
          [
            100.2982428,
            18.2519619
          ],
          [
            100.2982654,
            18.2520155
          ],
          [
            100.2982673,
            18.252087
          ],
          [
            100.2982673,
            18.2521548
          ],
          [
            100.298241,
            18.2522942
          ],
          [
            100.2982466,
            18.2523567
          ],
          [
            100.298271,
            18.2524031
          ],
          [
            100.2982993,
            18.2524353
          ],
          [
            100.2983369,
            18.2525067
          ],
          [
            100.2983406,
            18.2525639
          ],
          [
            100.2983218,
            18.2526389
          ],
          [
            100.2983087,
            18.2527693
          ],
          [
            100.2983162,
            18.2528515
          ],
          [
            100.298335,
            18.2529033
          ],
          [
            100.2984159,
            18.2530694
          ],
          [
            100.2984328,
            18.2531176
          ],
          [
            100.298429,
            18.2531587
          ],
          [
            100.2984065,
            18.2532498
          ],
          [
            100.2983538,
            18.2533856
          ],
          [
            100.2983576,
            18.2534284
          ],
          [
            100.2983783,
            18.2534695
          ],
          [
            100.2985701,
            18.2537267
          ],
          [
            100.298683,
            18.253925
          ],
          [
            100.2987149,
            18.2539786
          ],
          [
            100.298762,
            18.254034
          ],
          [
            100.2988071,
            18.2540751
          ],
          [
            100.2989895,
            18.2541233
          ],
          [
            100.2990272,
            18.2541358
          ],
          [
            100.2990591,
            18.2541787
          ],
          [
            100.2990723,
            18.2542537
          ],
          [
            100.2991118,
            18.2544716
          ],
          [
            100.2991438,
            18.2545484
          ],
          [
            100.2992247,
            18.2546717
          ],
          [
            100.2992341,
            18.254727
          ],
          [
            100.299266,
            18.2547788
          ],
          [
            100.2993055,
            18.2548342
          ],
          [
            100.2993356,
            18.254861
          ],
          [
            100.2993526,
            18.2548949
          ],
          [
            100.2993638,
            18.2549396
          ],
          [
            100.2993469,
            18.2550182
          ],
          [
            100.2993112,
            18.2550664
          ],
          [
            100.2993055,
            18.2551057
          ],
          [
            100.2993074,
            18.2551486
          ],
          [
            100.2993676,
            18.2552629
          ],
          [
            100.2994222,
            18.2552986
          ],
          [
            100.2995068,
            18.2553415
          ],
          [
            100.2996648,
            18.2553915
          ]
        ]
      }
    },
    {
      "type": "Feature",
      "id": 1214974665,
      "properties": {
        "id": 1214974665,
        "name": "ถนน",
        "category": "ถนนสายหลัก",
        "highway": "track",
        "waterway": null,
        "ref": null
      },
      "geometry": {
        "type": "LineString",
        "coordinates": [
          [
            100.2959649,
            18.2518983
          ],
          [
            100.2958928,
            18.2516591
          ],
          [
            100.2957943,
            18.2512017
          ],
          [
            100.2957562,
            18.2509188
          ],
          [
            100.2957472,
            18.2506636
          ],
          [
            100.2957248,
            18.25037
          ],
          [
            100.2957181,
            18.2501977
          ],
          [
            100.295745,
            18.2500105
          ],
          [
            100.2957786,
            18.2499531
          ],
          [
            100.2958413,
            18.2498893
          ],
          [
            100.2959645,
            18.2497999
          ],
          [
            100.2960967,
            18.2497021
          ],
          [
            100.2961415,
            18.2496361
          ],
          [
            100.2961549,
            18.2495361
          ],
          [
            100.2961437,
            18.2494574
          ],
          [
            100.2961101,
            18.249383
          ],
          [
            100.2960048,
            18.2492575
          ],
          [
            100.2959421,
            18.249166
          ],
          [
            100.2958906,
            18.2490192
          ],
          [
            100.2958189,
            18.2488065
          ]
        ]
      }
    },
    {
      "type": "Feature",
      "id": 1214974666,
      "properties": {
        "id": 1214974666,
        "name": "ถนน",
        "category": "ถนนสายหลัก",
        "highway": "track",
        "waterway": null,
        "ref": null
      },
      "geometry": {
        "type": "LineString",
        "coordinates": [
          [
            100.2961101,
            18.249383
          ],
          [
            100.296263,
            18.2494373
          ],
          [
            100.2963806,
            18.2494796
          ],
          [
            100.2964981,
            18.2495339
          ],
          [
            100.2965934,
            18.2495912
          ],
          [
            100.2966569,
            18.2496666
          ],
          [
            100.2966823,
            18.2497209
          ],
          [
            100.2966664,
            18.2497752
          ],
          [
            100.2965712,
            18.2499019
          ]
        ]
      }
    },
    {
      "type": "Feature",
      "id": 1214974667,
      "properties": {
        "id": 1214974667,
        "name": "ถนน",
        "category": "ถนนสายหลัก",
        "highway": "track",
        "waterway": null,
        "ref": null
      },
      "geometry": {
        "type": "LineString",
        "coordinates": [
          [
            100.2957472,
            18.2506636
          ],
          [
            100.2956199,
            18.2506073
          ],
          [
            100.2955064,
            18.2505857
          ],
          [
            100.2953551,
            18.2505606
          ],
          [
            100.2952227,
            18.2505714
          ],
          [
            100.295113,
            18.2506253
          ],
          [
            100.2949541,
            18.2507258
          ],
          [
            100.2948747,
            18.2507294
          ],
          [
            100.2947877,
            18.2507222
          ],
          [
            100.2947272,
            18.250672
          ],
          [
            100.2945418,
            18.2504169
          ],
          [
            100.2944699,
            18.2503882
          ],
          [
            100.2944019,
            18.250381
          ],
          [
            100.2942241,
            18.2504672
          ],
          [
            100.2941257,
            18.2505534
          ],
          [
            100.2940728,
            18.2506432
          ],
          [
            100.2940576,
            18.250751
          ],
          [
            100.2940387,
            18.2508192
          ],
          [
            100.2939782,
            18.2509234
          ],
          [
            100.2938874,
            18.2510276
          ]
        ]
      }
    },
    {
      "type": "Feature",
      "id": 1214974668,
      "properties": {
        "id": 1214974668,
        "name": "ถนน",
        "category": "ถนนสายหลัก",
        "highway": "track",
        "waterway": null,
        "ref": null
      },
      "geometry": {
        "type": "LineString",
        "coordinates": [
          [
            100.2922686,
            18.2509981
          ],
          [
            100.2923302,
            18.2509573
          ],
          [
            100.2926742,
            18.2508283
          ],
          [
            100.2928073,
            18.2507914
          ],
          [
            100.2929737,
            18.2507045
          ],
          [
            100.293093,
            18.2506544
          ],
          [
            100.2931595,
            18.2506255
          ],
          [
            100.2932122,
            18.2505754
          ],
          [
            100.2933426,
            18.2503621
          ],
          [
            100.293398,
            18.2502488
          ],
          [
            100.2934591,
            18.2500855
          ],
          [
            100.2934951,
            18.2500354
          ],
          [
            100.2935617,
            18.2500144
          ],
          [
            100.2937586,
            18.2499749
          ],
          [
            100.2938973,
            18.2499143
          ],
          [
            100.2939721,
            18.2498563
          ],
          [
            100.2940193,
            18.2497958
          ],
          [
            100.2941053,
            18.2496693
          ],
          [
            100.294194,
            18.2495218
          ],
          [
            100.2942855,
            18.2493585
          ],
          [
            100.2943549,
            18.249161
          ],
          [
            100.2944353,
            18.2488818
          ],
          [
            100.2944631,
            18.2488027
          ],
          [
            100.2945247,
            18.2487262
          ],
          [
            100.2945913,
            18.2486392
          ],
          [
            100.294619,
            18.2485497
          ],
          [
            100.2946801,
            18.2482679
          ],
          [
            100.2947217,
            18.248123
          ],
          [
            100.2947494,
            18.2480677
          ],
          [
            100.2947716,
            18.248044
          ],
          [
            100.2950351,
            18.2479175
          ],
          [
            100.2951682,
            18.2478122
          ],
          [
            100.2952348,
            18.2477674
          ],
          [
            100.2952791,
            18.2477595
          ],
          [
            100.2953235,
            18.2477648
          ],
          [
            100.2953734,
            18.2478464
          ],
          [
            100.2954067,
            18.2479228
          ],
          [
            100.2954234,
            18.2480519
          ],
          [
            100.2955038,
            18.2487341
          ],
          [
            100.2955107,
            18.2488235
          ],
          [
            100.2955341,
            18.2488353
          ],
          [
            100.2955727,
            18.2488484
          ],
          [
            100.2956265,
            18.2488602
          ],
          [
            100.2956706,
            18.2488523
          ],
          [
            100.2956941,
            18.248834
          ],
          [
            100.2957492,
            18.2488078
          ],
          [
            100.2957837,
            18.2488026
          ],
          [
            100.2958189,
            18.2488065
          ],
          [
            100.295881,
            18.2488037
          ],
          [
            100.295925,
            18.2487861
          ],
          [
            100.2959621,
            18.2487531
          ],
          [
            100.2960628,
            18.2486574
          ],
          [
            100.29613,
            18.2486123
          ],
          [
            100.2961728,
            18.2486024
          ],
          [
            100.2962134,
            18.2486024
          ],
          [
            100.2962597,
            18.2485892
          ],
          [
            100.2962632,
            18.248565
          ],
          [
            100.296269,
            18.2484671
          ],
          [
            100.2962608,
            18.2483869
          ],
          [
            100.2962388,
            18.2483407
          ],
          [
            100.2961578,
            18.248223
          ],
          [
            100.2961404,
            18.24819
          ],
          [
            100.2961335,
            18.2481537
          ],
          [
            100.2961416,
            18.2481196
          ],
          [
            100.2961937,
            18.2480294
          ],
          [
            100.2961995,
            18.247981
          ],
          [
            100.2961879,
            18.2479062
          ],
          [
            100.2961694,
            18.2478721
          ],
          [
            100.2961531,
            18.2478413
          ],
          [
            100.2961184,
            18.2478193
          ],
          [
            100.2960744,
            18.2477996
          ],
          [
            100.2959736,
            18.2477831
          ],
          [
            100.2959389,
            18.247771
          ],
          [
            100.295925,
            18.2477479
          ],
          [
            100.2957999,
            18.247386
          ],
          [
            100.2957467,
            18.2472892
          ],
          [
            100.2957455,
            18.2472617
          ],
          [
            100.2957536,
            18.2472375
          ],
          [
            100.2958845,
            18.2471287
          ],
          [
            100.2959042,
            18.2470847
          ],
          [
            100.2959215,
            18.2470484
          ],
          [
            100.295925,
            18.2469978
          ],
          [
            100.2959146,
            18.2469648
          ],
          [
            100.295888,
            18.2469373
          ],
          [
            100.2958521,
            18.2469131
          ],
          [
            100.2957316,
            18.2468427
          ],
          [
            100.2957119,
            18.2468185
          ],
          [
            100.2957015,
            18.246791
          ],
          [
            100.2957015,
            18.2467503
          ],
          [
            100.2957594,
            18.2465579
          ],
          [
            100.2957571,
            18.2465205
          ],
          [
            100.2957444,
            18.2464919
          ],
          [
            100.2957166,
            18.2464677
          ],
          [
            100.2956714,
            18.2464446
          ],
          [
            100.2956216,
            18.2464259
          ],
          [
            100.2955764,
            18.2464061
          ],
          [
            100.295551,
            18.2463665
          ],
          [
            100.2955162,
            18.2463192
          ],
          [
            100.2954849,
            18.2462939
          ],
          [
            100.2954618,
            18.2462906
          ],
          [
            100.295412,
            18.2462906
          ],
          [
            100.295361,
            18.2463027
          ],
          [
            100.2952811,
            18.246339
          ],
          [
            100.2952383,
            18.2463709
          ],
          [
            100.2951607,
            18.2464787
          ],
          [
            100.2951456,
            18.2464919
          ],
          [
            100.2951248,
            18.246504
          ],
          [
            100.2950819,
            18.2465128
          ],
          [
            100.294987,
            18.2465304
          ],
          [
            100.2949534,
            18.2465381
          ],
          [
            100.2949302,
            18.2465568
          ],
          [
            100.2948515,
            18.2466304
          ],
          [
            100.294833,
            18.2466425
          ],
          [
            100.2948156,
            18.2466447
          ],
          [
            100.2947785,
            18.2466348
          ],
          [
            100.2946801,
            18.2465997
          ],
          [
            100.2946361,
            18.246592
          ],
          [
            100.2943512,
            18.2465975
          ],
          [
            100.2943257,
            18.2465898
          ],
          [
            100.2943084,
            18.2465678
          ],
          [
            100.2943061,
            18.2465392
          ],
          [
            100.2943199,
            18.2464193
          ],
          [
            100.2943338,
            18.2463863
          ],
          [
            100.2943547,
            18.246372
          ],
          [
            100.2943894,
            18.2463643
          ],
          [
            100.2944774,
            18.2463412
          ],
          [
            100.2944971,
            18.2463225
          ],
          [
            100.2945168,
            18.246295
          ],
          [
            100.2945261,
            18.2462697
          ],
          [
            100.2945284,
            18.2462312
          ],
          [
            100.2945226,
            18.2462015
          ],
          [
            100.2945029,
            18.2461784
          ],
          [
            100.2944161,
            18.24613
          ],
          [
            100.2943929,
            18.2461091
          ],
          [
            100.2943836,
            18.2460805
          ],
          [
            100.2943883,
            18.2460497
          ],
          [
            100.2944508,
            18.2459057
          ],
          [
            100.2944508,
            18.2458551
          ],
          [
            100.2944404,
            18.245821
          ],
          [
            100.294423,
            18.2457836
          ],
          [
            100.2943883,
            18.2457616
          ],
          [
            100.2942922,
            18.2457253
          ],
          [
            100.2942678,
            18.2457044
          ],
          [
            100.2942609,
            18.2456835
          ],
          [
            100.294262,
            18.2456516
          ],
          [
            100.294291,
            18.24559
          ],
          [
            100.294291,
            18.2455504
          ],
          [
            100.2942887,
            18.2455207
          ],
          [
            100.2942609,
            18.2454536
          ],
          [
            100.2942563,
            18.2453953
          ],
          [
            100.2942481,
            18.2452953
          ],
          [
            100.2942319,
            18.2452546
          ],
          [
            100.2942111,
            18.2452315
          ],
          [
            100.2941821,
            18.2452139
          ],
          [
            100.2941034,
            18.2451886
          ],
          [
            100.2939725,
            18.2451842
          ],
          [
            100.2939465,
            18.2451707
          ],
          [
            100.2939348,
            18.2451522
          ],
          [
            100.2939269,
            18.2451206
          ],
          [
            100.2939093,
            18.2450259
          ],
          [
            100.2938859,
            18.2449961
          ],
          [
            100.2938468,
            18.2449776
          ],
          [
            100.2938037,
            18.2449683
          ],
          [
            100.2937275,
            18.244972
          ],
          [
            100.2936981,
            18.2449887
          ],
          [
            100.2934869,
            18.244907
          ],
          [
            100.2934419,
            18.2449014
          ],
          [
            100.293395,
            18.2449033
          ],
          [
            100.2933559,
            18.2449163
          ],
          [
            100.2932522,
            18.2449776
          ],
          [
            100.2931896,
            18.2450017
          ],
          [
            100.2930899,
            18.2450704
          ],
          [
            100.2930606,
            18.245089
          ],
          [
            100.2930312,
            18.2450909
          ],
          [
            100.292998,
            18.2450872
          ],
          [
            100.2929804,
            18.2450556
          ],
          [
            100.2929569,
            18.2449423
          ],
          [
            100.2929139,
            18.2448698
          ],
          [
            100.2929139,
            18.2448401
          ],
          [
            100.2929217,
            18.2448048
          ],
          [
            100.2929491,
            18.2447714
          ],
          [
            100.2929843,
            18.2446897
          ],
          [
            100.2930312,
            18.2445541
          ],
          [
            100.293084,
            18.2444055
          ],
          [
            100.293086,
            18.2443702
          ]
        ]
      }
    },
    {
      "type": "Feature",
      "id": 1214974671,
      "properties": {
        "id": 1214974671,
        "name": "ถนน",
        "category": "ถนนสายหลัก",
        "highway": "track",
        "waterway": null,
        "ref": null
      },
      "geometry": {
        "type": "LineString",
        "coordinates": [
          [
            100.2917121,
            18.2502754
          ],
          [
            100.2915939,
            18.2505835
          ],
          [
            100.2915828,
            18.2506519
          ],
          [
            100.2915967,
            18.250752
          ],
          [
            100.2915938,
            18.2507998
          ],
          [
            100.291558,
            18.2508797
          ],
          [
            100.2915235,
            18.2509216
          ],
          [
            100.2914821,
            18.2509438
          ],
          [
            100.2913759,
            18.2509491
          ],
          [
            100.2913346,
            18.2509582
          ],
          [
            100.2910643,
            18.2510971
          ],
          [
            100.2909981,
            18.2511154
          ],
          [
            100.290914,
            18.2511154
          ],
          [
            100.2907361,
            18.2511128
          ],
          [
            100.290674,
            18.2511193
          ],
          [
            100.2903899,
            18.2512097
          ],
          [
            100.2903361,
            18.2512149
          ],
          [
            100.2902865,
            18.2512005
          ],
          [
            100.290201,
            18.2511547
          ],
          [
            100.2901044,
            18.2511272
          ],
          [
            100.2900176,
            18.251122
          ],
          [
            100.2899693,
            18.2511076
          ],
          [
            100.2899114,
            18.2510918
          ],
          [
            100.2898576,
            18.2510918
          ],
          [
            100.2898107,
            18.2511154
          ],
          [
            100.2895997,
            18.2512477
          ],
          [
            100.2895289,
            18.251401
          ],
          [
            100.2894235,
            18.251675
          ],
          [
            100.2892793,
            18.2518383
          ],
          [
            100.2891676,
            18.251963
          ],
          [
            100.2890625,
            18.2520285
          ],
          [
            100.2888901,
            18.2521236
          ],
          [
            100.2884432,
            18.2524465
          ],
          [
            100.2879985,
            18.2528487
          ]
        ]
      }
    },
    {
      "type": "Feature",
      "id": 1214974672,
      "properties": {
        "id": 1214974672,
        "name": "ถนน",
        "category": "ถนนสายหลัก",
        "highway": "track",
        "waterway": null,
        "ref": null
      },
      "geometry": {
        "type": "LineString",
        "coordinates": [
          [
            100.2907204,
            18.2488948
          ],
          [
            100.290817,
            18.2488007
          ],
          [
            100.2909468,
            18.2487708
          ],
          [
            100.2911666,
            18.2486828
          ],
          [
            100.2912038,
            18.2486658
          ],
          [
            100.2912479,
            18.2486304
          ],
          [
            100.291281,
            18.2485846
          ],
          [
            100.2913376,
            18.2484772
          ],
          [
            100.2913831,
            18.2483619
          ],
          [
            100.2914107,
            18.24832
          ],
          [
            100.2914713,
            18.2482572
          ],
          [
            100.2914907,
            18.248227
          ],
          [
            100.2916125,
            18.2476781
          ],
          [
            100.2917024,
            18.2474032
          ],
          [
            100.2917298,
            18.2472249
          ],
          [
            100.2917885,
            18.2470726
          ],
          [
            100.2918276,
            18.2468292
          ],
          [
            100.2918413,
            18.246781
          ],
          [
            100.2920056,
            18.2465302
          ],
          [
            100.2920232,
            18.2464671
          ],
          [
            100.2920095,
            18.2464318
          ],
          [
            100.2919821,
            18.2463835
          ],
          [
            100.2918648,
            18.2463185
          ],
          [
            100.2918315,
            18.2462906
          ],
          [
            100.291722,
            18.2460677
          ],
          [
            100.2916516,
            18.2459804
          ],
          [
            100.291634,
            18.2459358
          ],
          [
            100.2916262,
            18.2459005
          ],
          [
            100.2916438,
            18.245856
          ],
          [
            100.2916712,
            18.2458263
          ],
          [
            100.2917631,
            18.2457947
          ],
          [
            100.2918824,
            18.2457687
          ],
          [
            100.2919547,
            18.2457575
          ],
          [
            100.2919684,
            18.2457315
          ],
          [
            100.2919645,
            18.2455681
          ],
          [
            100.2919684,
            18.2455012
          ],
          [
            100.2919841,
            18.2454418
          ],
          [
            100.2920271,
            18.2453712
          ],
          [
            100.2920682,
            18.2453229
          ],
          [
            100.2921347,
            18.2452616
          ],
          [
            100.2921757,
            18.2452059
          ],
          [
            100.2921933,
            18.2451427
          ],
          [
            100.2921894,
            18.2449886
          ],
          [
            100.2921972,
            18.2449254
          ],
          [
            100.2922324,
            18.2448214
          ],
          [
            100.2922481,
            18.2447898
          ],
          [
            100.2922579,
            18.2446134
          ],
          [
            100.2922813,
            18.2445335
          ],
          [
            100.2923459,
            18.2443719
          ],
          [
            100.2923889,
            18.2442902
          ],
          [
            100.2924182,
            18.2442549
          ]
        ]
      }
    },
    {
      "type": "Feature",
      "id": 1214989994,
      "properties": {
        "id": 1214989994,
        "name": "ถนน",
        "category": "ถนนสายหลัก",
        "highway": "track",
        "waterway": null,
        "ref": null
      },
      "geometry": {
        "type": "LineString",
        "coordinates": [
          [
            100.2997094,
            18.2579285
          ],
          [
            100.2998538,
            18.2578807
          ],
          [
            100.3003505,
            18.2576705
          ],
          [
            100.3003728,
            18.2576511
          ],
          [
            100.300397,
            18.257621
          ],
          [
            100.3004082,
            18.2575928
          ],
          [
            100.3004063,
            18.257409
          ],
          [
            100.3004156,
            18.2573278
          ],
          [
            100.3004305,
            18.2572041
          ],
          [
            100.3004807,
            18.2570416
          ],
          [
            100.3006109,
            18.2566795
          ],
          [
            100.3006704,
            18.2564763
          ],
          [
            100.3007151,
            18.2563262
          ],
          [
            100.3007337,
            18.2562096
          ],
          [
            100.3007541,
            18.2561318
          ]
        ]
      }
    },
    {
      "type": "Feature",
      "id": 1214990000,
      "properties": {
        "id": 1214990000,
        "name": "ถนน",
        "category": "ถนนสายหลัก",
        "highway": "track",
        "waterway": null,
        "ref": null
      },
      "geometry": {
        "type": "LineString",
        "coordinates": [
          [
            100.2974942,
            18.2631583
          ],
          [
            100.2969912,
            18.2631171
          ],
          [
            100.2968373,
            18.2631171
          ],
          [
            100.2967808,
            18.2631052
          ],
          [
            100.2966991,
            18.2630754
          ],
          [
            100.2965483,
            18.2630008
          ],
          [
            100.2964949,
            18.2629829
          ],
          [
            100.2964289,
            18.2629948
          ],
          [
            100.2962342,
            18.2630843
          ],
          [
            100.296191,
            18.2630912
          ],
          [
            100.2961556,
            18.2630828
          ],
          [
            100.2961224,
            18.2630491
          ],
          [
            100.295861,
            18.2626179
          ],
          [
            100.2958134,
            18.2625696
          ],
          [
            100.2957799,
            18.2625607
          ],
          [
            100.295739,
            18.2625678
          ],
          [
            100.2957073,
            18.2625819
          ],
          [
            100.2956497,
            18.2626579
          ],
          [
            100.295605,
            18.2626914
          ],
          [
            100.295406,
            18.2627921
          ],
          [
            100.2953632,
            18.2628416
          ],
          [
            100.2953241,
            18.2628999
          ],
          [
            100.2953018,
            18.262944
          ],
          [
            100.2952944,
            18.2630112
          ],
          [
            100.2953037,
            18.2630889
          ],
          [
            100.2953148,
            18.2631419
          ],
          [
            100.2953037,
            18.2631737
          ],
          [
            100.2951307,
            18.2634492
          ],
          [
            100.2950767,
            18.2634952
          ],
          [
            100.2950154,
            18.263534
          ],
          [
            100.2948963,
            18.26361
          ],
          [
            100.294781,
            18.2637036
          ],
          [
            100.294329,
            18.2642724
          ]
        ]
      }
    },
    {
      "type": "Feature",
      "id": 1214990003,
      "properties": {
        "id": 1214990003,
        "name": "ถนน",
        "category": "ถนนสายหลัก",
        "highway": "track",
        "waterway": null,
        "ref": null
      },
      "geometry": {
        "type": "LineString",
        "coordinates": [
          [
            100.2928007,
            18.2632965
          ],
          [
            100.2928352,
            18.263386
          ],
          [
            100.2928981,
            18.2634486
          ],
          [
            100.2930017,
            18.2634546
          ],
          [
            100.2930677,
            18.2634576
          ],
          [
            100.2931588,
            18.2635053
          ],
          [
            100.2932279,
            18.2636127
          ],
          [
            100.2932436,
            18.2636724
          ],
          [
            100.2932719,
            18.263741
          ],
          [
            100.2939033,
            18.2642481
          ],
          [
            100.2939662,
            18.2643108
          ],
          [
            100.2940258,
            18.2644182
          ],
          [
            100.2940792,
            18.2645971
          ],
          [
            100.2941169,
            18.2647732
          ],
          [
            100.2941358,
            18.2648447
          ],
          [
            100.2941955,
            18.2649104
          ],
          [
            100.2945096,
            18.2651132
          ],
          [
            100.2947515,
            18.2652266
          ],
          [
            100.2949745,
            18.2652952
          ],
          [
            100.2950688,
            18.2653757
          ],
          [
            100.2954206,
            18.2657009
          ],
          [
            100.2954583,
            18.2657367
          ],
          [
            100.2955117,
            18.2658829
          ],
          [
            100.295562,
            18.2659962
          ],
          [
            100.2956657,
            18.2665362
          ],
          [
            100.2956938,
            18.2665917
          ],
          [
            100.295765,
            18.2666543
          ],
          [
            100.295831,
            18.2667019
          ],
          [
            100.2960684,
            18.2668397
          ],
          [
            100.296108,
            18.2668647
          ],
          [
            100.2961845,
            18.2669499
          ],
          [
            100.2964972,
            18.2674888
          ]
        ]
      }
    },
    {
      "type": "Feature",
      "id": 1216687482,
      "properties": {
        "id": 1216687482,
        "name": "ถนน",
        "category": "ถนนสายหลัก",
        "highway": "track",
        "waterway": null,
        "ref": null
      },
      "geometry": {
        "type": "LineString",
        "coordinates": [
          [
            100.4097027,
            18.2834465
          ],
          [
            100.4098104,
            18.2835834
          ],
          [
            100.4098916,
            18.2837033
          ],
          [
            100.4099503,
            18.2838426
          ],
          [
            100.410018,
            18.283999
          ],
          [
            100.4101127,
            18.2843096
          ],
          [
            100.410194,
            18.2844767
          ],
          [
            100.4102413,
            18.2845559
          ],
          [
            100.410291,
            18.2846202
          ],
          [
            100.4103384,
            18.2846738
          ],
          [
            100.4104038,
            18.2847166
          ],
          [
            100.4104963,
            18.2847873
          ],
          [
            100.4106058,
            18.2848308
          ],
          [
            100.4106785,
            18.2848407
          ],
          [
            100.4107045,
            18.2848621
          ],
          [
            100.4108223,
            18.2849805
          ],
          [
            100.4109436,
            18.2850825
          ],
          [
            100.4110268,
            18.2851697
          ],
          [
            100.411129,
            18.2853129
          ],
          [
            100.4112035,
            18.2854017
          ],
          [
            100.4112538,
            18.2854495
          ],
          [
            100.4112971,
            18.2855005
          ],
          [
            100.4113595,
            18.2855548
          ],
          [
            100.4114184,
            18.2855844
          ],
          [
            100.4115133,
            18.2856172
          ]
        ]
      }
    },
    {
      "type": "Feature",
      "id": 1216687483,
      "properties": {
        "id": 1216687483,
        "name": "ถนน",
        "category": "ถนนสายหลัก",
        "highway": "track",
        "waterway": null,
        "ref": null
      },
      "geometry": {
        "type": "LineString",
        "coordinates": [
          [
            100.4024263,
            18.2771888
          ],
          [
            100.4021399,
            18.2772529
          ],
          [
            100.4020838,
            18.2772551
          ],
          [
            100.4017565,
            18.2771774
          ],
          [
            100.4014736,
            18.2771108
          ],
          [
            100.4014129,
            18.2770798
          ],
          [
            100.401289,
            18.2769821
          ],
          [
            100.4010084,
            18.2766314
          ],
          [
            100.4009173,
            18.2765226
          ],
          [
            100.4007677,
            18.2764138
          ],
          [
            100.4006905,
            18.2763983
          ],
          [
            100.4006017,
            18.2763916
          ],
          [
            100.4004287,
            18.276405
          ],
          [
            100.4003728,
            18.2764125
          ],
          [
            100.4003055,
            18.2763977
          ],
          [
            100.4002383,
            18.2763744
          ],
          [
            100.4001801,
            18.2763448
          ],
          [
            100.400131,
            18.276302
          ],
          [
            100.3999515,
            18.2761121
          ],
          [
            100.3998213,
            18.276007
          ],
          [
            100.3997369,
            18.2759583
          ],
          [
            100.3996193,
            18.2759084
          ],
          [
            100.3994448,
            18.2758453
          ],
          [
            100.3993576,
            18.2758243
          ],
          [
            100.3991915,
            18.2757993
          ],
          [
            100.3991154,
            18.2758045
          ],
          [
            100.399042,
            18.275773
          ],
          [
            100.3988299,
            18.2756647
          ],
          [
            100.3987858,
            18.275658
          ],
          [
            100.3987427,
            18.2756691
          ],
          [
            100.3986393,
            18.275732
          ],
          [
            100.3984824,
            18.2758567
          ],
          [
            100.3983324,
            18.2759494
          ],
          [
            100.3982755,
            18.275977
          ],
          [
            100.3981586,
            18.2759722
          ],
          [
            100.3981127,
            18.2759824
          ],
          [
            100.3979351,
            18.2761093
          ],
          [
            100.3978707,
            18.2761371
          ],
          [
            100.3975489,
            18.2762035
          ],
          [
            100.3972802,
            18.2762301
          ],
          [
            100.397206,
            18.2762364
          ],
          [
            100.3971549,
            18.2762254
          ],
          [
            100.3967758,
            18.2760767
          ]
        ]
      }
    },
    {
      "type": "Feature",
      "id": 1216687484,
      "properties": {
        "id": 1216687484,
        "name": "ถนน",
        "category": "ถนนสายหลัก",
        "highway": "track",
        "waterway": null,
        "ref": null
      },
      "geometry": {
        "type": "LineString",
        "coordinates": [
          [
            100.3994138,
            18.2691647
          ],
          [
            100.3993412,
            18.2691947
          ],
          [
            100.3991162,
            18.2693402
          ],
          [
            100.398995,
            18.2694412
          ],
          [
            100.398906,
            18.2695116
          ],
          [
            100.3987948,
            18.2696055
          ],
          [
            100.3987082,
            18.269636
          ],
          [
            100.3985846,
            18.2696478
          ],
          [
            100.3984733,
            18.2696853
          ],
          [
            100.3982632,
            18.2697652
          ],
          [
            100.3980901,
            18.269838
          ],
          [
            100.3978528,
            18.2699248
          ],
          [
            100.3977662,
            18.2699553
          ],
          [
            100.3975931,
            18.2699647
          ],
          [
            100.3975264,
            18.2699929
          ],
          [
            100.3974201,
            18.2700563
          ],
          [
            100.3971852,
            18.2701995
          ],
          [
            100.396886,
            18.2703873
          ],
          [
            100.3967031,
            18.2705329
          ],
          [
            100.3966289,
            18.270608
          ],
          [
            100.3964776,
            18.270986
          ],
          [
            100.3964112,
            18.271053
          ],
          [
            100.3963614,
            18.2710944
          ],
          [
            100.3960831,
            18.2712403
          ],
          [
            100.3958257,
            18.2713783
          ],
          [
            100.3956617,
            18.2714453
          ],
          [
            100.3955537,
            18.2715005
          ],
          [
            100.3953357,
            18.2715439
          ],
          [
            100.3949371,
            18.2717174
          ],
          [
            100.3947502,
            18.2718357
          ],
          [
            100.3946568,
            18.2719205
          ],
          [
            100.3945239,
            18.2720466
          ],
          [
            100.3943724,
            18.2722241
          ],
          [
            100.3942997,
            18.2723365
          ],
          [
            100.3942789,
            18.2723995
          ],
          [
            100.3942935,
            18.2725021
          ],
          [
            100.3943121,
            18.2728096
          ],
          [
            100.3943121,
            18.2729062
          ],
          [
            100.394281,
            18.2729792
          ],
          [
            100.3942353,
            18.2730442
          ],
          [
            100.3941834,
            18.2730915
          ],
          [
            100.3941377,
            18.2731231
          ],
          [
            100.3940713,
            18.2731467
          ],
          [
            100.3938865,
            18.2731743
          ],
          [
            100.393791,
            18.2731724
          ],
          [
            100.3935938,
            18.2731546
          ],
          [
            100.3935149,
            18.2731605
          ],
          [
            100.3933488,
            18.273196
          ],
          [
            100.3932201,
            18.2732611
          ],
          [
            100.3931848,
            18.2732926
          ],
          [
            100.3930893,
            18.2733912
          ],
          [
            100.3930311,
            18.2734523
          ],
          [
            100.3929128,
            18.2735332
          ],
          [
            100.3928173,
            18.2735903
          ],
          [
            100.3927488,
            18.2736002
          ],
          [
            100.3927031,
            18.2736101
          ],
          [
            100.3926512,
            18.2736396
          ],
          [
            100.3925744,
            18.2736988
          ],
          [
            100.3924643,
            18.2737461
          ],
          [
            100.3923979,
            18.2737461
          ],
          [
            100.3922899,
            18.273754
          ],
          [
            100.3922089,
            18.2737993
          ],
          [
            100.3921031,
            18.2738979
          ],
          [
            100.3920055,
            18.2740339
          ],
          [
            100.3919079,
            18.2741443
          ],
          [
            100.3918269,
            18.2742212
          ],
          [
            100.3918186,
            18.2742705
          ],
          [
            100.3918269,
            18.2743494
          ],
          [
            100.3918145,
            18.2744302
          ],
          [
            100.3917626,
            18.2745189
          ],
          [
            100.3916657,
            18.2746527
          ],
          [
            100.391557,
            18.2747026
          ],
          [
            100.3914202,
            18.2747293
          ],
          [
            100.3913466,
            18.2747859
          ],
          [
            100.3912625,
            18.2748358
          ],
          [
            100.3909609,
            18.2749357
          ],
          [
            100.3907528,
            18.2750078
          ],
          [
            100.3906542,
            18.2750479
          ],
          [
            100.3904805,
            18.2751014
          ],
          [
            100.3903819,
            18.2750658
          ],
          [
            100.3902645,
            18.2751148
          ],
          [
            100.3901283,
            18.275204
          ],
          [
            100.3900297,
            18.2752307
          ],
          [
            100.3897152,
            18.2752976
          ],
          [
            100.3896447,
            18.2753154
          ],
          [
            100.3894035,
            18.2754742
          ],
          [
            100.3893361,
            18.2755116
          ],
          [
            100.3892839,
            18.2755304
          ],
          [
            100.389205,
            18.2755171
          ],
          [
            100.3890738,
            18.2754719
          ],
          [
            100.3890192,
            18.275462
          ],
          [
            100.3889577,
            18.2754863
          ],
          [
            100.3889219,
            18.2755352
          ],
          [
            100.3889203,
            18.2755836
          ],
          [
            100.3889301,
            18.2756931
          ],
          [
            100.3889269,
            18.2757431
          ],
          [
            100.3889137,
            18.2757947
          ],
          [
            100.3888462,
            18.2759353
          ],
          [
            100.3888182,
            18.2760135
          ],
          [
            100.3888017,
            18.2760979
          ],
          [
            100.3887622,
            18.276262
          ],
          [
            100.3887244,
            18.2763402
          ],
          [
            100.3886668,
            18.2764027
          ],
          [
            100.3886174,
            18.2764512
          ],
          [
            100.388568,
            18.2764699
          ],
          [
            100.3880857,
            18.2766329
          ],
          [
            100.3880051,
            18.2767064
          ],
          [
            100.387931,
            18.2767877
          ],
          [
            100.387773,
            18.2768393
          ],
          [
            100.3876429,
            18.2769315
          ],
          [
            100.3875787,
            18.2769627
          ],
          [
            100.3875194,
            18.2770112
          ],
          [
            100.3874355,
            18.2770409
          ],
          [
            100.3872873,
            18.2770503
          ],
          [
            100.387182,
            18.2770956
          ],
          [
            100.3868873,
            18.2772722
          ]
        ]
      }
    },
    {
      "type": "Feature",
      "id": 1216687485,
      "properties": {
        "id": 1216687485,
        "name": "ถนน",
        "category": "ถนนสายหลัก",
        "highway": "track",
        "waterway": null,
        "ref": null
      },
      "geometry": {
        "type": "LineString",
        "coordinates": [
          [
            100.3970495,
            18.2642347
          ],
          [
            100.3969509,
            18.2641547
          ],
          [
            100.3968749,
            18.2640523
          ],
          [
            100.3968169,
            18.2639958
          ],
          [
            100.3967685,
            18.2639643
          ],
          [
            100.3964699,
            18.2638409
          ],
          [
            100.3963828,
            18.2637871
          ],
          [
            100.396333,
            18.2637648
          ],
          [
            100.3962847,
            18.2637464
          ],
          [
            100.3962225,
            18.2637097
          ],
          [
            100.3960372,
            18.2635626
          ],
          [
            100.3959888,
            18.2635508
          ],
          [
            100.3957248,
            18.263539
          ],
          [
            100.395675,
            18.2635338
          ],
          [
            100.3956184,
            18.2635128
          ],
          [
            100.3955023,
            18.2634353
          ],
          [
            100.3954553,
            18.2634209
          ],
          [
            100.3953668,
            18.2633986
          ],
          [
            100.3953143,
            18.2634064
          ],
          [
            100.3951981,
            18.2634721
          ],
          [
            100.3951083,
            18.2635101
          ],
          [
            100.3950516,
            18.2635246
          ],
          [
            100.3950115,
            18.2635285
          ],
          [
            100.3949479,
            18.2635442
          ],
          [
            100.3948146,
            18.2635645
          ],
          [
            100.3947471,
            18.2635849
          ],
          [
            100.3946747,
            18.2636146
          ],
          [
            100.3945775,
            18.2636724
          ],
          [
            100.3945035,
            18.2637318
          ],
          [
            100.3943553,
            18.2638866
          ],
          [
            100.3943026,
            18.2639257
          ],
          [
            100.3941857,
            18.2640101
          ],
          [
            100.3939783,
            18.2641164
          ],
          [
            100.3939273,
            18.2641555
          ],
          [
            100.3938779,
            18.2642008
          ],
          [
            100.3937182,
            18.2644196
          ],
          [
            100.3936639,
            18.2644665
          ],
          [
            100.3935618,
            18.2645541
          ],
          [
            100.3933923,
            18.2647604
          ],
          [
            100.3933462,
            18.264823
          ],
          [
            100.3932968,
            18.2648589
          ],
          [
            100.3931618,
            18.2649683
          ],
          [
            100.3930318,
            18.2650778
          ],
          [
            100.3929709,
            18.2651372
          ],
          [
            100.3929215,
            18.2651684
          ],
          [
            100.3928754,
            18.2651872
          ],
          [
            100.3927174,
            18.2652044
          ],
          [
            100.3926383,
            18.2652044
          ],
          [
            100.3924935,
            18.2651888
          ],
          [
            100.3923536,
            18.2651606
          ],
          [
            100.3923075,
            18.2651575
          ],
          [
            100.3921856,
            18.2651622
          ],
          [
            100.3921165,
            18.2651934
          ],
          [
            100.3920671,
            18.2652247
          ],
          [
            100.3920227,
            18.2652747
          ],
          [
            100.3919733,
            18.2654014
          ],
          [
            100.3919519,
            18.2654467
          ],
          [
            100.3919009,
            18.2655327
          ],
          [
            100.3917922,
            18.2656718
          ],
          [
            100.391677,
            18.265775
          ],
          [
            100.3915321,
            18.2658516
          ],
          [
            100.3914597,
            18.2658922
          ],
          [
            100.3913362,
            18.2660157
          ],
          [
            100.3912638,
            18.2660704
          ],
          [
            100.3910185,
            18.2661955
          ],
          [
            100.3907354,
            18.2663581
          ],
          [
            100.3906646,
            18.2664221
          ],
          [
            100.3905938,
            18.2665066
          ],
          [
            100.3904111,
            18.2668692
          ]
        ]
      }
    },
    {
      "type": "Feature",
      "id": 1216688859,
      "properties": {
        "id": 1216688859,
        "name": "ถนน",
        "category": "ถนนสายหลัก",
        "highway": "track",
        "waterway": null,
        "ref": null
      },
      "geometry": {
        "type": "LineString",
        "coordinates": [
          [
            100.3880808,
            18.2613317
          ],
          [
            100.3883761,
            18.2613816
          ],
          [
            100.3884245,
            18.2613764
          ],
          [
            100.3885019,
            18.2613383
          ],
          [
            100.3885586,
            18.261316
          ],
          [
            100.3886664,
            18.2612911
          ],
          [
            100.3887659,
            18.2612819
          ],
          [
            100.3889498,
            18.2612727
          ],
          [
            100.3890258,
            18.2612819
          ],
          [
            100.3891861,
            18.2613016
          ],
          [
            100.3892401,
            18.2613081
          ],
          [
            100.38954,
            18.2612005
          ],
          [
            100.3895829,
            18.2611913
          ],
          [
            100.3896354,
            18.2611913
          ],
          [
            100.3897667,
            18.2612346
          ],
          [
            100.3898193,
            18.2612477
          ],
          [
            100.389905,
            18.261249
          ],
          [
            100.39001,
            18.2612753
          ],
          [
            100.3901261,
            18.2613134
          ],
          [
            100.3902077,
            18.2613226
          ],
          [
            100.3902851,
            18.2613226
          ],
          [
            100.3903307,
            18.2612976
          ],
          [
            100.3904316,
            18.2612083
          ],
          [
            100.3904786,
            18.2611873
          ],
          [
            100.3905298,
            18.2611847
          ],
          [
            100.3906362,
            18.2612346
          ],
          [
            100.3906874,
            18.2612661
          ],
          [
            100.3907496,
            18.2612858
          ],
          [
            100.390903,
            18.2613239
          ],
          [
            100.3909445,
            18.2613422
          ],
          [
            100.3910565,
            18.261446
          ],
          [
            100.3911615,
            18.2615168
          ],
          [
            100.3911961,
            18.2615497
          ],
          [
            100.3912375,
            18.2616219
          ],
          [
            100.3913025,
            18.2617006
          ],
          [
            100.3913868,
            18.2617978
          ],
          [
            100.3915002,
            18.2619093
          ],
          [
            100.3915665,
            18.2620012
          ],
          [
            100.3916923,
            18.2621391
          ],
          [
            100.3917407,
            18.2622021
          ],
          [
            100.3918278,
            18.2623465
          ],
          [
            100.391879,
            18.2624502
          ],
          [
            100.3919108,
            18.2624896
          ],
          [
            100.3919398,
            18.2625132
          ],
          [
            100.3919757,
            18.262525
          ],
          [
            100.392049,
            18.2625263
          ],
          [
            100.3921098,
            18.2625079
          ],
          [
            100.3921513,
            18.2624751
          ]
        ]
      }
    },
    {
      "type": "Feature",
      "id": 1216688860,
      "properties": {
        "id": 1216688860,
        "name": "ถนน",
        "category": "ถนนสายหลัก",
        "highway": "track",
        "waterway": null,
        "ref": null
      },
      "geometry": {
        "type": "LineString",
        "coordinates": [
          [
            100.3921513,
            18.2624751
          ],
          [
            100.3923269,
            18.2624534
          ],
          [
            100.3924998,
            18.2624596
          ],
          [
            100.3926183,
            18.2624596
          ],
          [
            100.3926545,
            18.2624643
          ],
          [
            100.3926743,
            18.2624878
          ],
          [
            100.3926693,
            18.2625785
          ],
          [
            100.3926759,
            18.2626363
          ],
          [
            100.3927039,
            18.2627066
          ],
          [
            100.3927335,
            18.2627348
          ],
          [
            100.3927747,
            18.2627504
          ],
          [
            100.3928241,
            18.2627395
          ],
          [
            100.3929409,
            18.2626894
          ],
          [
            100.3929821,
            18.2626816
          ],
          [
            100.3930348,
            18.262691
          ],
          [
            100.3933311,
            18.2628442
          ],
          [
            100.3933657,
            18.2628552
          ],
          [
            100.3933969,
            18.2628583
          ],
          [
            100.3934299,
            18.2628473
          ],
          [
            100.3934447,
            18.262827
          ],
          [
            100.393448,
            18.2627879
          ],
          [
            100.3934299,
            18.2626582
          ],
          [
            100.3933903,
            18.2625112
          ],
          [
            100.3933558,
            18.2622767
          ],
          [
            100.3933393,
            18.2620892
          ],
          [
            100.3933311,
            18.2619313
          ],
          [
            100.3933229,
            18.2618672
          ],
          [
            100.3932916,
            18.2617734
          ],
          [
            100.3932489,
            18.2616967
          ],
          [
            100.3931994,
            18.2615842
          ],
          [
            100.3931829,
            18.2615342
          ],
          [
            100.3931895,
            18.2615123
          ],
          [
            100.3932718,
            18.2614216
          ],
          [
            100.3933196,
            18.2613669
          ],
          [
            100.393443,
            18.2611668
          ],
          [
            100.3935369,
            18.2610214
          ],
          [
            100.3935829,
            18.2609792
          ],
          [
            100.3936274,
            18.2609292
          ],
          [
            100.3937278,
            18.2608979
          ],
          [
            100.3939863,
            18.2608792
          ],
          [
            100.3942167,
            18.2608682
          ],
          [
            100.3942957,
            18.2608604
          ],
          [
            100.394439,
            18.2608213
          ],
          [
            100.3945163,
            18.2607776
          ],
          [
            100.3945657,
            18.2607604
          ],
          [
            100.3947419,
            18.2607229
          ],
          [
            100.3948291,
            18.2607229
          ],
          [
            100.3949229,
            18.2607229
          ],
          [
            100.3950516,
            18.2607497
          ],
          [
            100.3950763,
            18.2607653
          ],
          [
            100.3950887,
            18.260802
          ],
          [
            100.3950735,
            18.2609582
          ],
          [
            100.3950901,
            18.2610869
          ],
          [
            100.3951039,
            18.2611446
          ],
          [
            100.3951343,
            18.261205
          ],
          [
            100.3951813,
            18.2612575
          ],
          [
            100.3952408,
            18.2613035
          ],
          [
            100.3952891,
            18.2613324
          ],
          [
            100.3954481,
            18.2613783
          ],
          [
            100.3954896,
            18.2614072
          ],
          [
            100.3955684,
            18.2615017
          ],
          [
            100.3956278,
            18.2616304
          ],
          [
            100.3956721,
            18.261738
          ],
          [
            100.3956679,
            18.2617839
          ],
          [
            100.3956306,
            18.2619192
          ],
          [
            100.3955974,
            18.2619914
          ],
          [
            100.3954813,
            18.262372
          ],
          [
            100.395408,
            18.2625952
          ],
          [
            100.3953721,
            18.2626779
          ],
          [
            100.3953168,
            18.2627764
          ],
          [
            100.3952518,
            18.2628774
          ],
          [
            100.3951233,
            18.263073
          ],
          [
            100.3950666,
            18.2631387
          ],
          [
            100.3950528,
            18.2631702
          ],
          [
            100.3950376,
            18.2632384
          ],
          [
            100.395003,
            18.2634865
          ],
          [
            100.3950115,
            18.2635285
          ]
        ]
      }
    },
    {
      "type": "Feature",
      "id": 1216740865,
      "properties": {
        "id": 1216740865,
        "name": "ถนน",
        "category": "ถนนสายหลัก",
        "highway": "track",
        "waterway": null,
        "ref": null
      },
      "geometry": {
        "type": "LineString",
        "coordinates": [
          [
            100.3240085,
            18.2616924
          ],
          [
            100.3244376,
            18.2610639
          ],
          [
            100.3246732,
            18.2607476
          ],
          [
            100.3247895,
            18.2605418
          ],
          [
            100.3249371,
            18.2602643
          ],
          [
            100.3249968,
            18.2601778
          ],
          [
            100.3250392,
            18.2600749
          ],
          [
            100.3250706,
            18.2599601
          ],
          [
            100.3250801,
            18.259614
          ],
          [
            100.3250895,
            18.2595603
          ],
          [
            100.3251712,
            18.2594022
          ],
          [
            100.3252041,
            18.2592844
          ],
          [
            100.3252371,
            18.2591188
          ],
          [
            100.3252733,
            18.259083
          ],
          [
            100.3253911,
            18.258983
          ],
          [
            100.3255544,
            18.2588518
          ],
          [
            100.3256361,
            18.2587871
          ],
          [
            100.3257498,
            18.2587541
          ],
          [
            100.3261415,
            18.2586161
          ],
          [
            100.3262995,
            18.2585291
          ],
          [
            100.3263974,
            18.2584841
          ],
          [
            100.3264506,
            18.2584838
          ],
          [
            100.3265219,
            18.258469
          ],
          [
            100.3265575,
            18.2584288
          ],
          [
            100.326562,
            18.2583251
          ],
          [
            100.326582,
            18.2582744
          ],
          [
            100.3266288,
            18.258268
          ],
          [
            100.3267246,
            18.258268
          ],
          [
            100.3268115,
            18.2582934
          ]
        ]
      }
    },
    {
      "type": "Feature",
      "id": 1218422642,
      "properties": {
        "id": 1218422642,
        "name": "ถนน",
        "category": "ถนนสายหลัก",
        "highway": "track",
        "waterway": null,
        "ref": null
      },
      "geometry": {
        "type": "LineString",
        "coordinates": [
          [
            100.2862941,
            18.2649326
          ],
          [
            100.2866617,
            18.2649202
          ],
          [
            100.2868506,
            18.264882
          ],
          [
            100.2869872,
            18.2648324
          ],
          [
            100.2870837,
            18.2647637
          ],
          [
            100.2871922,
            18.2646225
          ],
          [
            100.2872645,
            18.2645347
          ],
          [
            100.2873289,
            18.2644813
          ],
          [
            100.2873851,
            18.2644584
          ],
          [
            100.2874575,
            18.2644393
          ],
          [
            100.2876263,
            18.2644584
          ],
          [
            100.2877951,
            18.2644393
          ],
          [
            100.2879023,
            18.2644255
          ],
          [
            100.2879476,
            18.264404
          ],
          [
            100.2879732,
            18.2643744
          ],
          [
            100.2880015,
            18.2642425
          ],
          [
            100.2880185,
            18.2641806
          ],
          [
            100.288078,
            18.2640649
          ],
          [
            100.2882311,
            18.2638442
          ],
          [
            100.2883388,
            18.263715
          ],
          [
            100.2883444,
            18.2636504
          ],
          [
            100.2883274,
            18.2635804
          ],
          [
            100.2883076,
            18.2635347
          ],
          [
            100.2881234,
            18.2634055
          ],
          [
            100.2878626,
            18.2632063
          ],
          [
            100.2877606,
            18.2631068
          ],
          [
            100.2877266,
            18.2630368
          ],
          [
            100.2877266,
            18.2629668
          ],
          [
            100.2877493,
            18.2628995
          ],
          [
            100.2878768,
            18.2627623
          ],
          [
            100.2879306,
            18.262695
          ],
          [
            100.2879707,
            18.2625922
          ],
          [
            100.2880135,
            18.2624814
          ],
          [
            100.2880921,
            18.2624001
          ],
          [
            100.2882968,
            18.2622464
          ],
          [
            100.2884514,
            18.262156
          ],
          [
            100.2885823,
            18.2621176
          ],
          [
            100.2886656,
            18.2620995
          ],
          [
            100.2887323,
            18.2620611
          ],
          [
            100.2888917,
            18.2618577
          ],
          [
            100.2889393,
            18.2618102
          ],
          [
            100.2890107,
            18.2617469
          ],
          [
            100.2891226,
            18.2617266
          ],
          [
            100.2893082,
            18.2616791
          ],
          [
            100.2893796,
            18.2616701
          ],
          [
            100.2894438,
            18.2616339
          ],
          [
            100.2896295,
            18.2614215
          ],
          [
            100.2897128,
            18.2613062
          ],
          [
            100.2897437,
            18.2612407
          ],
          [
            100.289777,
            18.2611119
          ],
          [
            100.2898127,
            18.2609039
          ],
          [
            100.2897985,
            18.2607254
          ],
          [
            100.2898151,
            18.2606757
          ],
          [
            100.2898437,
            18.2606486
          ],
          [
            100.2898841,
            18.2606327
          ],
          [
            100.2899508,
            18.2606101
          ],
          [
            100.2901126,
            18.2605875
          ],
          [
            100.2902006,
            18.2605898
          ],
          [
            100.2902935,
            18.2605853
          ],
          [
            100.2903625,
            18.260574
          ],
          [
            100.290629,
            18.2605921
          ],
          [
            100.2907218,
            18.2606124
          ],
          [
            100.290779,
            18.2606124
          ],
          [
            100.290848,
            18.2605943
          ],
          [
            100.2909075,
            18.2605672
          ],
          [
            100.291005,
            18.2605107
          ],
          [
            100.291086,
            18.2604768
          ],
          [
            100.291205,
            18.2604474
          ],
          [
            100.2913739,
            18.2604452
          ],
          [
            100.2914858,
            18.2604271
          ],
          [
            100.2915691,
            18.2604406
          ],
          [
            100.2917166,
            18.2604655
          ],
          [
            100.2917595,
            18.2604858
          ],
          [
            100.2917856,
            18.260513
          ],
          [
            100.2918475,
            18.2606214
          ],
          [
            100.2918785,
            18.2607096
          ],
          [
            100.2918808,
            18.2607344
          ],
          [
            100.2918689,
            18.2608135
          ]
        ]
      }
    },
    {
      "type": "Feature",
      "id": 1218422644,
      "properties": {
        "id": 1218422644,
        "name": "ถนน",
        "category": "ถนนสายหลัก",
        "highway": "track",
        "waterway": null,
        "ref": null
      },
      "geometry": {
        "type": "LineString",
        "coordinates": [
          [
            100.2877606,
            18.2631068
          ],
          [
            100.2875838,
            18.2630361
          ],
          [
            100.2874988,
            18.2630119
          ],
          [
            100.2873883,
            18.2630011
          ],
          [
            100.2873401,
            18.2629823
          ],
          [
            100.2873174,
            18.2629285
          ],
          [
            100.2873004,
            18.262837
          ],
          [
            100.2872693,
            18.2626163
          ],
          [
            100.2872863,
            18.2625221
          ],
          [
            100.2872607,
            18.2624736
          ],
          [
            100.2872466,
            18.262401
          ],
          [
            100.2872211,
            18.2622798
          ],
          [
            100.2872207,
            18.2622375
          ],
          [
            100.2872267,
            18.2622054
          ],
          [
            100.2872386,
            18.2621875
          ],
          [
            100.2872773,
            18.2621526
          ],
          [
            100.2874602,
            18.2620733
          ],
          [
            100.2875317,
            18.2620403
          ],
          [
            100.2875904,
            18.2620186
          ],
          [
            100.2876202,
            18.2620016
          ],
          [
            100.2877484,
            18.2618604
          ],
          [
            100.2878667,
            18.2617379
          ],
          [
            100.2879744,
            18.2616446
          ],
          [
            100.2882643,
            18.261421
          ]
        ]
      }
    },
    {
      "type": "Feature",
      "id": 1218426515,
      "properties": {
        "id": 1218426515,
        "name": "ถนน",
        "category": "ถนนสายหลัก",
        "highway": "residential",
        "waterway": null,
        "ref": null
      },
      "geometry": {
        "type": "LineString",
        "coordinates": [
          [
            100.3053662,
            18.2694029
          ],
          [
            100.3051911,
            18.2694575
          ],
          [
            100.3050303,
            18.2695466
          ],
          [
            100.3049687,
            18.2696001
          ],
          [
            100.3049499,
            18.2696433
          ],
          [
            100.3049311,
            18.2696942
          ],
          [
            100.3048963,
            18.26974
          ],
          [
            100.3046417,
            18.2698418
          ],
          [
            100.3045184,
            18.2698877
          ]
        ]
      }
    },
    {
      "type": "Feature",
      "id": 1218426516,
      "properties": {
        "id": 1218426516,
        "name": "ถนน",
        "category": "ถนนสายหลัก",
        "highway": "residential",
        "waterway": null,
        "ref": null
      },
      "geometry": {
        "type": "LineString",
        "coordinates": [
          [
            100.3051911,
            18.2694575
          ],
          [
            100.3052179,
            18.2695364
          ],
          [
            100.305368,
            18.2699131
          ],
          [
            100.305427,
            18.2700785
          ],
          [
            100.3054672,
            18.2702262
          ]
        ]
      }
    },
    {
      "type": "Feature",
      "id": 1546365924,
      "properties": {
        "id": 1546365924,
        "name": "ถนน",
        "category": "ถนนสายหลัก",
        "highway": "track",
        "waterway": null,
        "ref": null
      },
      "geometry": {
        "type": "LineString",
        "coordinates": [
          [
            100.3793484,
            18.2577641
          ],
          [
            100.3790078,
            18.2577311
          ],
          [
            100.3786027,
            18.2579654
          ],
          [
            100.3783791,
            18.2579949
          ],
          [
            100.3780919,
            18.2575871
          ],
          [
            100.3780302,
            18.2574459
          ],
          [
            100.3777478,
            18.2573777
          ],
          [
            100.3774331,
            18.2572479
          ],
          [
            100.3768957,
            18.2572976
          ],
          [
            100.3761674,
            18.2563569
          ],
          [
            100.3760346,
            18.2562231
          ],
          [
            100.3754855,
            18.255966
          ],
          [
            100.3748485,
            18.2555403
          ],
          [
            100.3748405,
            18.2545134
          ],
          [
            100.3749018,
            18.2542462
          ]
        ]
      }
    }
  ]
}